use sushixx;
	
INSERT INTO `card_types` (`card_type_id`,`card_type_name`, `upgrading_score`, `downgrading_score`, `discount`, `description`)
VALUES
( '1','Membership', 100, 0, 0.00, 'Basic membership'),
( '2','Silver', 100, 50, 0.05, 'Silver card tier'),
( '3','Gold', 999, 100, 0.10, 'Gold card tier');

INSERT INTO `dishes` (dish_name, price, category_name, image_link, description) VALUES
('Japanese Sushi', 28, 'Sashimi combo', 'https://img.spoonacular.com/recipes/648506-312x231.jpg', 'we always use fresh incredients'),
('Kappa Maki', 24, 'Sashimi combo', 'https://img.spoonacular.com/recipes/648742-312x231.jpg', 'we always use fresh incredients'),
('Panko Crusted Shrimp Rolls', 29, 'Sashimi combo', 'https://img.spoonacular.com/recipes/654563-312x231.jpg', 'we always use fresh incredients'),
('Hawaiian Poke (Aloha Poke)', 20, 'Sashimi combo', 'https://img.spoonacular.com/recipes/1697537-312x231.jpg', 'we always use fresh incredients'),
('Rice-less Spicy Tuna Hand Rolls', 16, 'Sashimi combo', 'https://img.spoonacular.com/recipes/658295-312x231.jpg', 'we always use fresh incredients'),
('Make It Quick Italian Shrimp Rolls', 19, 'Sashimi combo', 'https://img.spoonacular.com/recipes/650651-312x231.jpg', 'we always use fresh incredients'),
('Tonkatsu', 17, 'steak', 'https://img.spoonacular.com/recipes/663669-312x231.jpg', 'we always use fresh incredients'),
('Japanese Steak Salad', 19, 'steak', 'https://img.spoonacular.com/recipes/648500-312x231.jpg', 'we always use fresh incredients'),
('Japanese Chicken Donburi', 16, 'steak', 'https://img.spoonacular.com/recipes/648460-312x231.jpg', 'we always use fresh incredients'),
('Japanese Pickles', 21, 'steak', 'https://img.spoonacular.com/recipes/648487-312x231.jpg', 'we always use fresh incredients'),
('Japanese Sushi', 24, 'steak', 'https://img.spoonacular.com/recipes/648506-312x231.jpg', 'we always use fresh incredients'),
('Japanese Clear Soup', 24, 'steak', 'https://img.spoonacular.com/recipes/648462-312x231.jpg', 'we always use fresh incredients'),
('Japanese Curry Puffs', 15, 'steak', 'https://img.spoonacular.com/recipes/648470-312x231.jpg', 'we always use fresh incredients'),
('Japanese Chiffon Cake', 22, 'steak', 'https://img.spoonacular.com/recipes/648461-312x231.jpg', 'we always use fresh incredients'),
('Japanese Salad Dressing', 22, 'steak', 'https://img.spoonacular.com/recipes/37513-312x231.jpg', 'we always use fresh incredients'),
('Japanese Cucumber Salad', 29, 'steak', 'https://img.spoonacular.com/recipes/648467-312x231.jpg', 'we always use fresh incredients'),
('Japanese Gyoza Pot Stickers', 22, 'steak', 'https://img.spoonacular.com/recipes/648475-312x231.jpg', 'we always use fresh incredients'),
('Japanese Steamed Sweetcorn Bun', 28, 'steak', 'https://img.spoonacular.com/recipes/648502-312x231.jpg', 'we always use fresh incredients'),
('Japanese Mabo Tofu With Eggplant', 20, 'steak', 'https://img.spoonacular.com/recipes/648479-312x231.jpg', 'we always use fresh incredients'),
('Repost - Japanese Cotton Cheesecake', 27, 'steak', 'https://img.spoonacular.com/recipes/658177-312x231.jpg', 'we always use fresh incredients'),
('Vietnamese Beef-Noodle Soup With Asian Greens  Okay Vietnamese/japanese', 21, 'steak', 'https://img.spoonacular.com/recipes/664830-312x231.jpg', 'we always use fresh incredients'),
('Kare Katsu', 27, 'steak', 'https://img.spoonacular.com/recipes/648749-312x231.jpg', 'we always use fresh incredients'),
('Kappa Maki', 21, 'steak', 'https://img.spoonacular.com/recipes/648742-312x231.jpg', 'we always use fresh incredients'),
('Beef Tataki', 22, 'steak', 'https://img.spoonacular.com/recipes/634698-312x231.jpg', 'we always use fresh incredients'),
('Yakitori Glaze', 27, 'steak', 'https://img.spoonacular.com/recipes/665496-312x231.jpg', 'we always use fresh incredients'),
('Bacalhau Macau', 28, 'steak', 'https://img.spoonacular.com/recipes/633251-312x231.jpg', 'we always use fresh incredients'),
('Oriental Filet Mignon on Crisp Kataifi with Shrimp Tempura', 16, 'tempura', 'https://img.spoonacular.com/recipes/654072-312x231.jpg', 'we always use fresh incredients'),
('Fried Udon With Dried Shrimp', 19, 'udon', 'https://img.spoonacular.com/recipes/643823-312x231.jpg', 'we always use fresh incredients'),
('Shrimp Udon w Fish Cakes & Poached Egg', 26, 'udon', 'https://img.spoonacular.com/recipes/660015-312x231.jpg', 'we always use fresh incredients'),
('Nabeyaki Udon', 23, 'udon', 'https://img.spoonacular.com/recipes/652910-312x231.jpg', 'we always use fresh incredients'),
('Spicy Beef  Pepper & Asparagus Udon Noodles', 21, 'udon', 'https://img.spoonacular.com/recipes/661026-312x231.jpg', 'we always use fresh incredients'),
('Asian Orange Noodle Salad', 15, 'udon', 'https://img.spoonacular.com/recipes/632856-312x231.jpg', 'we always use fresh incredients'),
('Ground Pork Ramen', 25, 'Ramen', 'https://img.spoonacular.com/recipes/1697543-312x231.jpg', 'we always use fresh incredients'),
('Coconut Curry Ramen Noodles', 19, 'Ramen', 'https://img.spoonacular.com/recipes/1095743-312x231.jpg', 'we always use fresh incredients'),
('Homemade Creamy Ramen Soup', 15, 'Ramen', 'https://img.spoonacular.com/recipes/646974-312x231.jpg', 'we always use fresh incredients'),
('Chicken and Miso Ramen Noodle Soup', 21, 'Ramen', 'https://img.spoonacular.com/recipes/637908-312x231.jpg', 'we always use fresh incredients'),
('Neoguri (Spicy Seafood Ramen)', 19, 'Ramen', 'https://img.spoonacular.com/recipes/653008-312x231.jpg', 'we always use fresh incredients'),
('Nummy Noodle Soup', 17, 'Ramen', 'https://img.spoonacular.com/recipes/653322-312x231.jpg', 'we always use fresh incredients'),
('Oriental Beef Noodle Soup', 16, 'Ramen', 'https://img.spoonacular.com/recipes/654062-312x231.jpg', 'we always use fresh incredients'),
('Quick and Easy Scallop Pasta', 29, 'Ramen', 'https://img.spoonacular.com/recipes/657554-312x231.jpg', 'we always use fresh incredients'),
('Miso Soup With Thin Noodles', 21, 'Soup', 'https://img.spoonacular.com/recipes/652078-312x231.jpg', 'we always use fresh incredients'),
('Miso  Fish and Rice Stick Soup', 15, 'Soup', 'https://img.spoonacular.com/recipes/652080-312x231.jpg', 'we always use fresh incredients'),
('Chicken and Miso Ramen Noodle Soup', 16, 'Soup', 'https://img.spoonacular.com/recipes/637908-312x231.jpg', 'we always use fresh incredients'),
('Chock Full Of Broccoli Soup', 20, 'Soup', 'https://img.spoonacular.com/recipes/638780-312x231.jpg', 'we always use fresh incredients'),
('Vietnamese Beef-Noodle Soup With Asian Greens  Okay Vietnamese/japanese', 28, 'Soup', 'https://img.spoonacular.com/recipes/664830-312x231.jpg', 'we always use fresh incredients'),
('Chilled Avocado and Cucumber Soup With Prawn and Scallop Salsa', 28, 'Soup', 'https://img.spoonacular.com/recipes/638588-312x231.jpg', 'we always use fresh incredients');

INSERT INTO `regions` (`region_id`, `region_name`) VALUES (1, 'Gatesmouth');
INSERT INTO `regions` (`region_id`, `region_name`) VALUES (2, 'West Misty');
INSERT INTO `regions` (`region_id`, `region_name`) VALUES (3, 'Atkinsonview');
INSERT INTO `regions` (`region_id`, `region_name`) VALUES (4, 'Melissafurt');
INSERT INTO `regions` (`region_id`, `region_name`) VALUES (5, 'Lake Lisa');

INSERT INTO `departments` (department_id, department_name, salary) VALUES (1, 'Manager', 5000);
INSERT INTO `departments` (department_id, department_name, salary) VALUES (2, 'Shipping', 572);
INSERT INTO `departments` (department_id, department_name, salary) VALUES (3, 'Chief, radio', 2972);
INSERT INTO `departments` (department_id, department_name, salary) VALUES (4, 'Accountant', 1512);
INSERT INTO `departments` (department_id, department_name, salary) VALUES (5, 'Waiter', 1305);


-- Phase 2

INSERT INTO `online_account` (`user_name`, `user_password`, `user_email`, `user_phone_number`, `user_address`, `is_staff`, `staff_id`, `staff_branch`, `is_admin`, `created_at`, `update_at`, `last_visited`, `refresh_token`) VALUES ('ramosmichelle', 'So5V^UIb8&', 'sarah78@example.org', '644-589-9297', 'PSC 7422, Box 8792, APO AA 23320', 0, NULL, NULL, 0, NOW(), NOW(), NOW(), NULL);
INSERT INTO `online_account` (`user_name`, `user_password`, `user_email`, `user_phone_number`, `user_address`, `is_staff`, `staff_id`, `staff_branch`, `is_admin`, `created_at`, `update_at`, `last_visited`, `refresh_token`) VALUES ('katrinastewart', '1S(7_CTuEI', 'lstewart@example.net', '743-531-3956', '90044 Cynthia Causeway Suite 878, West Ashley, IN 37597', 0, NULL, NULL, 0, NOW(), NOW(), NOW(), NULL);
INSERT INTO `online_account` (`user_name`, `user_password`, `user_email`, `user_phone_number`, `user_address`, `is_staff`, `staff_id`, `staff_branch`, `is_admin`, `created_at`, `update_at`, `last_visited`, `refresh_token`) VALUES ('seanhall', '(8GYrjIAT0', 'jenkinsbetty@example.org', '(656)764-1108', '41363 Rodriguez Pine Suite 048, Davisview, VI 82218', 0, NULL, NULL, 0, NOW(), NOW(), NOW(), NULL);
INSERT INTO `online_account` (`user_name`, `user_password`, `user_email`, `user_phone_number`, `user_address`, `is_staff`, `staff_id`, `staff_branch`, `is_admin`, `created_at`, `update_at`, `last_visited`, `refresh_token`) VALUES ('jeremyaustin', '7P7BwYp(@*', 'brian38@example.org', '(555)858-4756', '1959 Small Key, East Anthony, WY 24977', 0, NULL, NULL, 0, NOW(), NOW(), NOW(), NULL);
INSERT INTO `online_account` (`user_name`, `user_password`, `user_email`, `user_phone_number`, `user_address`, `is_staff`, `staff_id`, `staff_branch`, `is_admin`, `created_at`, `update_at`, `last_visited`, `refresh_token`) VALUES ('georgeboyd', '(8+7@Xjm6#', 'michelle98@example.net', '(649)805-9389x1615', '50255 Campbell Island Suite 816, Andreashire, MT 01523', 0, NULL, NULL, 0, NOW(), NOW(), NOW(), NULL);
INSERT INTO `online_account` (`user_name`, `user_password`, `user_email`, `user_phone_number`, `user_address`, `is_staff`, `staff_id`, `staff_branch`, `is_admin`, `created_at`, `update_at`, `last_visited`, `refresh_token`) VALUES ('john92', 'BVO3rTrf^B', 'fmiller@example.com', '597.919.1854', '160 Benson Viaduct Apt. 744, East Cheryl, MH 13815', 0, NULL, NULL, 0, NOW(), NOW(), NOW(), NULL);
INSERT INTO `online_account` (`user_name`, `user_password`, `user_email`, `user_phone_number`, `user_address`, `is_staff`, `staff_id`, `staff_branch`, `is_admin`, `created_at`, `update_at`, `last_visited`, `refresh_token`) VALUES ('omason', '@R+5M3IcIS', 'dcosta@example.com', '244.406.3858', '7642 Yesenia Crossroad Apt. 943, Richardmouth, CT 01434', 0, NULL, NULL, 0, NOW(), NOW(), NOW(), NULL);
INSERT INTO `online_account` (`user_name`, `user_password`, `user_email`, `user_phone_number`, `user_address`, `is_staff`, `staff_id`, `staff_branch`, `is_admin`, `created_at`, `update_at`, `last_visited`, `refresh_token`) VALUES ('jennifer48', '+s^1Pom5gH', 'wbrooks@example.net', '452.697.0287', '453 Brown Gateway, Lake Maryberg, NY 35053', 0, NULL, NULL, 0, NOW(), NOW(), NOW(), NULL);
INSERT INTO `online_account` (`user_name`, `user_password`, `user_email`, `user_phone_number`, `user_address`, `is_staff`, `staff_id`, `staff_branch`, `is_admin`, `created_at`, `update_at`, `last_visited`, `refresh_token`) VALUES ('edixon', '_8#YfY4^4k', 'steven11@example.net', '001-273-818-5949x00406', '12849 Hall Plain Suite 015, New Austin, DC 28584', 0, NULL, NULL, 0, NOW(), NOW(), NOW(), NULL);
INSERT INTO `online_account` (`user_name`, `user_password`, `user_email`, `user_phone_number`, `user_address`, `is_staff`, `staff_id`, `staff_branch`, `is_admin`, `created_at`, `update_at`, `last_visited`, `refresh_token`) VALUES ('ryan84', ')7YIbO1$IH', 'erandall@example.net', '(652)612-8440', '2380 Smith Union, Robertoport, NY 25010', 0, NULL, NULL, 0, NOW(), NOW(), NOW(), NULL);
INSERT INTO `online_account` (`user_name`, `user_password`, `user_email`, `user_phone_number`, `user_address`, `is_staff`, `staff_id`, `staff_branch`, `is_admin`, `created_at`, `update_at`, `last_visited`, `refresh_token`) VALUES ('laurenmorris', 'pg!9HYBnlS', 'josephlong@example.com', '+1-256-229-3226', '7586 Leach Islands, West Amychester, IL 81667', 0, NULL, NULL, 0, NOW(), NOW(), NOW(), NULL);
INSERT INTO `online_account` (`user_name`, `user_password`, `user_email`, `user_phone_number`, `user_address`, `is_staff`, `staff_id`, `staff_branch`, `is_admin`, `created_at`, `update_at`, `last_visited`, `refresh_token`) VALUES ('weaverjean', 'O5Vf&xhC_R', 'kirsten58@example.org', '001-987-347-7077x7251', '48348 Tina Estates, Torrestown, NE 38647', 0, NULL, NULL, 0, NOW(), NOW(), NOW(), NULL);
INSERT INTO `online_account` (`user_name`, `user_password`, `user_email`, `user_phone_number`, `user_address`, `is_staff`, `staff_id`, `staff_branch`, `is_admin`, `created_at`, `update_at`, `last_visited`, `refresh_token`) VALUES ('holmesmarcus', '^2EchfQF+x', 'aevans@example.com', '001-316-586-2424x69838', '173 Laura Viaduct Apt. 806, New Michaelberg, KS 12194', 0, NULL, NULL, 0, NOW(), NOW(), NOW(), NULL);
INSERT INTO `online_account` (`user_name`, `user_password`, `user_email`, `user_phone_number`, `user_address`, `is_staff`, `staff_id`, `staff_branch`, `is_admin`, `created_at`, `update_at`, `last_visited`, `refresh_token`) VALUES ('bryantdouglas', '*9duJtApyP', 'ulewis@example.org', '502.596.0368x977', '630 Vargas Cove Apt. 320, Travisfort, AK 49189', 0, NULL, NULL, 0, NOW(), NOW(), NOW(), NULL);
INSERT INTO `online_account` (`user_name`, `user_password`, `user_email`, `user_phone_number`, `user_address`, `is_staff`, `staff_id`, `staff_branch`, `is_admin`, `created_at`, `update_at`, `last_visited`, `refresh_token`) VALUES ('jason88', 'uI0WiWiID+', 'carneymichelle@example.org', '816-829-4851x17015', 'PSC 5872, Box 2729, APO AA 93443', 0, NULL, NULL, 0, NOW(), NOW(), NOW(), NULL);
INSERT INTO `online_account` (`user_name`, `user_password`, `user_email`, `user_phone_number`, `user_address`, `is_staff`, `staff_id`, `staff_branch`, `is_admin`, `created_at`, `update_at`, `last_visited`, `refresh_token`) VALUES ('smithwilliam', '&T5OtEWu^A', 'sandersluis@example.com', '+1-703-473-8142x3308', '2563 James Pine, Davidhaven, AK 57298', 0, NULL, NULL, 0, NOW(), NOW(), NOW(), NULL);
INSERT INTO `online_account` (`user_name`, `user_password`, `user_email`, `user_phone_number`, `user_address`, `is_staff`, `staff_id`, `staff_branch`, `is_admin`, `created_at`, `update_at`, `last_visited`, `refresh_token`) VALUES ('fsimmons', 'ya4dPv$V7+', 'jonathansimmons@example.org', '+1-769-857-5345x201', '79903 Brown Avenue, North Codyshire, PR 74231', 0, NULL, NULL, 0, NOW(), NOW(), NOW(), NULL);
INSERT INTO `online_account` (`user_name`, `user_password`, `user_email`, `user_phone_number`, `user_address`, `is_staff`, `staff_id`, `staff_branch`, `is_admin`, `created_at`, `update_at`, `last_visited`, `refresh_token`) VALUES ('nicolewatson', '$v(N#D0Ga7', 'fbuchanan@example.org', '(481)484-9072', 'Unit 0394 Box 6753, DPO AA 32226', 0, NULL, NULL, 0, NOW(), NOW(), NOW(), NULL);
INSERT INTO `online_account` (`user_name`, `user_password`, `user_email`, `user_phone_number`, `user_address`, `is_staff`, `staff_id`, `staff_branch`, `is_admin`, `created_at`, `update_at`, `last_visited`, `refresh_token`) VALUES ('brittanyhansen', '#tM4ExGs2w', 'hooverchelsea@example.com', '546.843.8668x7596', '553 Wade Locks, Patriciabury, WV 14642', 0, NULL, NULL, 0, NOW(), NOW(), NOW(), NULL);
INSERT INTO `online_account` (`user_name`, `user_password`, `user_email`, `user_phone_number`, `user_address`, `is_staff`, `staff_id`, `staff_branch`, `is_admin`, `created_at`, `update_at`, `last_visited`, `refresh_token`) VALUES ('walkerjennifer', '$7X5FLWQ+j', 'wdavis@example.net', '001-340-580-2701x92448', '107 Shelly Prairie, Patricktown, CT 03689', 0, NULL, NULL, 0, NOW(), NOW(), NOW(), NULL);
INSERT INTO `online_account` (`user_name`, `user_password`, `user_email`, `user_phone_number`, `user_address`, `is_staff`, `staff_id`, `staff_branch`, `is_admin`, `created_at`, `update_at`, `last_visited`, `refresh_token`) VALUES ('ihurst', '3o68C)Dri^', 'ricky36@example.net', '791-691-6502x410', 'USCGC May, FPO AE 94957', 0, NULL, NULL, 0, NOW(), NOW(), NOW(), NULL);
INSERT INTO `online_account` (`user_name`, `user_password`, `user_email`, `user_phone_number`, `user_address`, `is_staff`, `staff_id`, `staff_branch`, `is_admin`, `created_at`, `update_at`, `last_visited`, `refresh_token`) VALUES ('gregorynielsen', '%7LNjGLn5D', 'jared53@example.org', '(496)433-5899x1978', '40788 Stacey Fork, East Angela, ID 49563', 0, NULL, NULL, 0, NOW(), NOW(), NOW(), NULL);
INSERT INTO `online_account` (`user_name`, `user_password`, `user_email`, `user_phone_number`, `user_address`, `is_staff`, `staff_id`, `staff_branch`, `is_admin`, `created_at`, `update_at`, `last_visited`, `refresh_token`) VALUES ('carrolldonna', '@CFRoteiQ7', 'plittle@example.org', '(298)477-1203', '170 Weaver Junction Suite 622, West Jeffery, CT 66300', 0, NULL, NULL, 0, NOW(), NOW(), NOW(), NULL);
INSERT INTO `online_account` (`user_name`, `user_password`, `user_email`, `user_phone_number`, `user_address`, `is_staff`, `staff_id`, `staff_branch`, `is_admin`, `created_at`, `update_at`, `last_visited`, `refresh_token`) VALUES ('karengreer', 'em6sG$Pa_!', 'susan77@example.com', '001-268-756-6938', '1377 Michelle Rapid, South Jodiside, WA 50797', 0, NULL, NULL, 0, NOW(), NOW(), NOW(), NULL);
INSERT INTO `online_account` (`user_name`, `user_password`, `user_email`, `user_phone_number`, `user_address`, `is_staff`, `staff_id`, `staff_branch`, `is_admin`, `created_at`, `update_at`, `last_visited`, `refresh_token`) VALUES ('jeffreyobrien', '(2CPZfBz(2', 'patriciaramirez@example.net', '876-463-1442', '352 Randy Key Suite 254, East Vicki, AL 94495', 0, NULL, NULL, 0, NOW(), NOW(), NOW(), NULL);
INSERT INTO `online_account` (`user_name`, `user_password`, `user_email`, `user_phone_number`, `user_address`, `is_staff`, `staff_id`, `staff_branch`, `is_admin`, `created_at`, `update_at`, `last_visited`, `refresh_token`) VALUES ('nelsonjohn', '_48Lt(@9H_', 'tammie51@example.com', '(294)532-2978x5499', '499 Wayne Valley Apt. 218, New Stephanieton, MD 52076', 0, NULL, NULL, 0, NOW(), NOW(), NOW(), NULL);
INSERT INTO `online_account` (`user_name`, `user_password`, `user_email`, `user_phone_number`, `user_address`, `is_staff`, `staff_id`, `staff_branch`, `is_admin`, `created_at`, `update_at`, `last_visited`, `refresh_token`) VALUES ('tsparks', 'za@)T6Iepg', 'jacobsemily@example.net', '336-281-8308x2672', '61116 Mccormick Valleys, Rebeccafort, NH 02162', 0, NULL, NULL, 0, NOW(), NOW(), NOW(), NULL);
INSERT INTO `online_account` (`user_name`, `user_password`, `user_email`, `user_phone_number`, `user_address`, `is_staff`, `staff_id`, `staff_branch`, `is_admin`, `created_at`, `update_at`, `last_visited`, `refresh_token`) VALUES ('thompsonjeffrey', 'gy8dF^@Yt_', 'thomasandrea@example.com', '+1-928-533-9135x68334', '0572 Sherry Ridge Suite 183, Julieville, WY 90612', 0, NULL, NULL, 0, NOW(), NOW(), NOW(), NULL);
INSERT INTO `online_account` (`user_name`, `user_password`, `user_email`, `user_phone_number`, `user_address`, `is_staff`, `staff_id`, `staff_branch`, `is_admin`, `created_at`, `update_at`, `last_visited`, `refresh_token`) VALUES ('qdunn', '8$3Pe$LdHR', 'jasoncontreras@example.com', '4314909921', '99434 Wayne Pass Apt. 752, Port Ashley, LA 87334', 0, NULL, NULL, 0, NOW(), NOW(), NOW(), NULL);
INSERT INTO `online_account` (`user_name`, `user_password`, `user_email`, `user_phone_number`, `user_address`, `is_staff`, `staff_id`, `staff_branch`, `is_admin`, `created_at`, `update_at`, `last_visited`, `refresh_token`) VALUES ('qsanders', '!5UD_ax$gM', 'jonesbrooke@example.org', '7625814816', '269 Olson Crescent, Lake Christopherstad, MD 20578', 0, NULL, NULL, 0, NOW(), NOW(), NOW(), NULL);
INSERT INTO `online_account` (`user_name`, `user_password`, `user_email`, `user_phone_number`, `user_address`, `is_staff`, `staff_id`, `staff_branch`, `is_admin`, `created_at`, `update_at`, `last_visited`, `refresh_token`) VALUES ('njohnson', '9zpYuE&%!0', 'chavezkelly@example.com', '001-790-815-9318x42117', '576 Kathryn Glens Suite 066, South Lisa, NY 92281', 0, NULL, NULL, 0, NOW(), NOW(), NOW(), NULL);
INSERT INTO `online_account` (`user_name`, `user_password`, `user_email`, `user_phone_number`, `user_address`, `is_staff`, `staff_id`, `staff_branch`, `is_admin`, `created_at`, `update_at`, `last_visited`, `refresh_token`) VALUES ('usosa', '#8R8yI@eEK', 'tiffany25@example.net', '001-235-888-1438x075', 'PSC 2478, Box 1660, APO AE 77412', 0, NULL, NULL, 0, NOW(), NOW(), NOW(), NULL);
INSERT INTO `online_account` (`user_name`, `user_password`, `user_email`, `user_phone_number`, `user_address`, `is_staff`, `staff_id`, `staff_branch`, `is_admin`, `created_at`, `update_at`, `last_visited`, `refresh_token`) VALUES ('owensrichard', 'Zj%O4Bob+J', 'kolson@example.org', '222.689.5546x503', '5634 King Bypass Apt. 563, East Angelastad, NC 80741', 0, NULL, NULL, 0, NOW(), NOW(), NOW(), NULL);
INSERT INTO `online_account` (`user_name`, `user_password`, `user_email`, `user_phone_number`, `user_address`, `is_staff`, `staff_id`, `staff_branch`, `is_admin`, `created_at`, `update_at`, `last_visited`, `refresh_token`) VALUES ('hrodriguez', 'sU#61H)sIq', 'bfrazier@example.com', '446-231-9971', 'USS Dennis, FPO AA 83774', 0, NULL, NULL, 0, NOW(), NOW(), NOW(), NULL);
INSERT INTO `online_account` (`user_name`, `user_password`, `user_email`, `user_phone_number`, `user_address`, `is_staff`, `staff_id`, `staff_branch`, `is_admin`, `created_at`, `update_at`, `last_visited`, `refresh_token`) VALUES ('jeremiahwilson', '$o$MXb5xI3', 'tfrank@example.org', '001-932-812-7317x3670', '99472 Brian Way, South Bobbystad, ID 98204', 0, NULL, NULL, 0, NOW(), NOW(), NOW(), NULL);
INSERT INTO `online_account` (`user_name`, `user_password`, `user_email`, `user_phone_number`, `user_address`, `is_staff`, `staff_id`, `staff_branch`, `is_admin`, `created_at`, `update_at`, `last_visited`, `refresh_token`) VALUES ('lopezjaime', '&2KlkYU$9V', 'bowmanshane@example.org', '+1-436-267-3620x387', '1745 Sydney Forges Apt. 932, Thomasstad, NE 14044', 0, NULL, NULL, 0, NOW(), NOW(), NOW(), NULL);
INSERT INTO `online_account` (`user_name`, `user_password`, `user_email`, `user_phone_number`, `user_address`, `is_staff`, `staff_id`, `staff_branch`, `is_admin`, `created_at`, `update_at`, `last_visited`, `refresh_token`) VALUES ('medinajoseph', 'Jsr3Yvuv&g', 'whitemaria@example.org', '+1-526-392-8029x94074', '08795 Michael Manors, South Davidview, DC 10779', 0, NULL, NULL, 0, NOW(), NOW(), NOW(), NULL);
INSERT INTO `online_account` (`user_name`, `user_password`, `user_email`, `user_phone_number`, `user_address`, `is_staff`, `staff_id`, `staff_branch`, `is_admin`, `created_at`, `update_at`, `last_visited`, `refresh_token`) VALUES ('vcarpenter', '65DLsK2Z#k', 'jonathan73@example.com', '001-725-555-9406x5142', '03678 Earl Garden Apt. 710, Johnsonton, RI 62607', 0, NULL, NULL, 0, NOW(), NOW(), NOW(), NULL);
INSERT INTO `online_account` (`user_name`, `user_password`, `user_email`, `user_phone_number`, `user_address`, `is_staff`, `staff_id`, `staff_branch`, `is_admin`, `created_at`, `update_at`, `last_visited`, `refresh_token`) VALUES ('elizabeth71', 'Xns7OSlV1$', 'bruiz@example.net', '5935471255', '72284 Allison Rapids, Migueltown, KY 27023', 0, NULL, NULL, 0, NOW(), NOW(), NOW(), NULL);
INSERT INTO `online_account` (`user_name`, `user_password`, `user_email`, `user_phone_number`, `user_address`, `is_staff`, `staff_id`, `staff_branch`, `is_admin`, `created_at`, `update_at`, `last_visited`, `refresh_token`) VALUES ('kimberly54', 'J(7CArTfM$', 'imelendez@example.net', '816.311.0532', '2058 Meyer Stravenue, Moorestad, ND 68592', 0, NULL, NULL, 0, NOW(), NOW(), NOW(), NULL);
INSERT INTO `online_account` (`user_name`, `user_password`, `user_email`, `user_phone_number`, `user_address`, `is_staff`, `staff_id`, `staff_branch`, `is_admin`, `created_at`, `update_at`, `last_visited`, `refresh_token`) VALUES ('aprilaustin', '47ONP)vz_9', 'jeremychavez@example.com', '(909)320-3209x709', '433 Myers Crossroad Apt. 399, Melissabury, ME 05707', 0, NULL, NULL, 0, NOW(), NOW(), NOW(), NULL);
INSERT INTO `online_account` (`user_name`, `user_password`, `user_email`, `user_phone_number`, `user_address`, `is_staff`, `staff_id`, `staff_branch`, `is_admin`, `created_at`, `update_at`, `last_visited`, `refresh_token`) VALUES ('gonzalezbenjamin', 'p_0F$Twc(_', 'robertsdanielle@example.org', '(480)991-0444x8288', '72514 Anthony Centers Apt. 618, Andrewside, IN 01456', 0, NULL, NULL, 0, NOW(), NOW(), NOW(), NULL);
INSERT INTO `online_account` (`user_name`, `user_password`, `user_email`, `user_phone_number`, `user_address`, `is_staff`, `staff_id`, `staff_branch`, `is_admin`, `created_at`, `update_at`, `last_visited`, `refresh_token`) VALUES ('derek57', '3q9WLjpIM^', 'jonathan58@example.com', '001-487-236-5961x91452', '601 James Harbor Apt. 850, Christopherstad, MT 56737', 0, NULL, NULL, 0, NOW(), NOW(), NOW(), NULL);
INSERT INTO `online_account` (`user_name`, `user_password`, `user_email`, `user_phone_number`, `user_address`, `is_staff`, `staff_id`, `staff_branch`, `is_admin`, `created_at`, `update_at`, `last_visited`, `refresh_token`) VALUES ('christopherchan', 'I!C7VoCT@v', 'morganwallace@example.net', '(617)518-4505x473', '144 Michael Heights Apt. 301, Stewartside, LA 72072', 0, NULL, NULL, 0, NOW(), NOW(), NOW(), NULL);
INSERT INTO `online_account` (`user_name`, `user_password`, `user_email`, `user_phone_number`, `user_address`, `is_staff`, `staff_id`, `staff_branch`, `is_admin`, `created_at`, `update_at`, `last_visited`, `refresh_token`) VALUES ('mmartinez', 't#iY#3ly@W', 'jonathanmarquez@example.org', '(460)809-5008x7884', '28530 Jason Creek, Taylorburgh, MP 97267', 0, NULL, NULL, 0, NOW(), NOW(), NOW(), NULL);
INSERT INTO `online_account` (`user_name`, `user_password`, `user_email`, `user_phone_number`, `user_address`, `is_staff`, `staff_id`, `staff_branch`, `is_admin`, `created_at`, `update_at`, `last_visited`, `refresh_token`) VALUES ('fordanthony', '!(!4ZgaYpt', 'candiceallen@example.com', '(623)216-0228', '3186 Douglas Circle Suite 246, Danatown, PR 23017', 0, NULL, NULL, 0, NOW(), NOW(), NOW(), NULL);
INSERT INTO `online_account` (`user_name`, `user_password`, `user_email`, `user_phone_number`, `user_address`, `is_staff`, `staff_id`, `staff_branch`, `is_admin`, `created_at`, `update_at`, `last_visited`, `refresh_token`) VALUES ('kimberly64', 'v8Nnq3@1#g', 'paulashlee@example.org', '001-552-872-3623x595', '83363 Moody Radial Suite 526, Williamfurt, KS 47909', 0, NULL, NULL, 0, NOW(), NOW(), NOW(), NULL);
INSERT INTO `online_account` (`user_name`, `user_password`, `user_email`, `user_phone_number`, `user_address`, `is_staff`, `staff_id`, `staff_branch`, `is_admin`, `created_at`, `update_at`, `last_visited`, `refresh_token`) VALUES ('wrivera', '(aJXudzFP9', 'kathleen69@example.com', '383-563-5459x6478', '21339 Amy Mountains Apt. 549, Christianland, MD 68605', 0, NULL, NULL, 0, NOW(), NOW(), NOW(), NULL);
INSERT INTO `online_account` (`user_name`, `user_password`, `user_email`, `user_phone_number`, `user_address`, `is_staff`, `staff_id`, `staff_branch`, `is_admin`, `created_at`, `update_at`, `last_visited`, `refresh_token`) VALUES ('alvin74', '7bGW1bj@)z', 'millerjennifer@example.org', '6382326533', '65992 Hernandez Neck Apt. 500, New Brittany, NV 70123', 0, NULL, NULL, 0, NOW(), NOW(), NOW(), NULL);
INSERT INTO `online_account` (`user_name`, `user_password`, `user_email`, `user_phone_number`, `user_address`, `is_staff`, `staff_id`, `staff_branch`, `is_admin`, `created_at`, `update_at`, `last_visited`, `refresh_token`) VALUES ('omarquez', 'y+@@1YWsH6', 'katherine72@example.net', '+1-234-995-9097x551', '327 Jason Hollow, Smithland, MA 55165', 0, NULL, NULL, 0, NOW(), NOW(), NOW(), NULL);

INSERT INTO `branches` (`branch_id`, `branch_name`, `address`, `open_time`, `close_time`, `phone_number`, `has_car_park`, `has_motorbike_park`, `table_amount`, `region_id`, `manager_id`, `email`) VALUES (1, 'Kristiton SushiX', '46511 Perez Expressway, Hullport, VA 18484', '08:00:00', '22:00:00', '208.376.7635x43218', 1, 0, 15, 5, NULL, 'branch1@sushix.com');
INSERT INTO `branches` (`branch_id`, `branch_name`, `address`, `open_time`, `close_time`, `phone_number`, `has_car_park`, `has_motorbike_park`, `table_amount`, `region_id`, `manager_id`, `email`) VALUES (2, 'Port Tiffanyborough SushiX', '697 Cobb Radial, Ferrelltown, DE 75850', '08:00:00', '22:00:00', '(574)608-9904', 0, 1, 10, 3, NULL, 'branch2@sushix.com');
INSERT INTO `branches` (`branch_id`, `branch_name`, `address`, `open_time`, `close_time`, `phone_number`, `has_car_park`, `has_motorbike_park`, `table_amount`, `region_id`, `manager_id`, `email`) VALUES (3, 'South Donnaton SushiX', '18418 Alvarado Key Suite 238, West Jameshaven, NH 46137', '08:00:00', '22:00:00', '(927)663-5696x9525', 0, 0, 28, 4, NULL, 'branch3@sushix.com');
INSERT INTO `branches` (`branch_id`, `branch_name`, `address`, `open_time`, `close_time`, `phone_number`, `has_car_park`, `has_motorbike_park`, `table_amount`, `region_id`, `manager_id`, `email`) VALUES (4, 'New Jessicafort SushiX', '07272 Ashley Trafficway, South Stevenstad, MO 09403', '08:00:00', '22:00:00', '212.217.3289', 0, 0, 41, 3, NULL, 'branch4@sushix.com');
INSERT INTO `branches` (`branch_id`, `branch_name`, `address`, `open_time`, `close_time`, `phone_number`, `has_car_park`, `has_motorbike_park`, `table_amount`, `region_id`, `manager_id`, `email`) VALUES (5, 'Jessicashire SushiX', '5330 Miller Shoal Apt. 210, Lake Deborahland, AK 11545', '08:00:00', '22:00:00', '248.356.4964x2568', 0, 0, 10, 5, NULL, 'branch5@sushix.com');
INSERT INTO `branches` (`branch_id`, `branch_name`, `address`, `open_time`, `close_time`, `phone_number`, `has_car_park`, `has_motorbike_park`, `table_amount`, `region_id`, `manager_id`, `email`) VALUES (6, 'Wendyville SushiX', '52173 Evans Hills Suite 915, East Christian, AL 33769', '08:00:00', '22:00:00', '+1-960-460-4005', 1, 0, 46, 2, NULL, 'branch6@sushix.com');
INSERT INTO `branches` (`branch_id`, `branch_name`, `address`, `open_time`, `close_time`, `phone_number`, `has_car_park`, `has_motorbike_park`, `table_amount`, `region_id`, `manager_id`, `email`) VALUES (7, 'Wrightshire SushiX', '513 Laura Shore Suite 818, Danielhaven, MH 24805', '08:00:00', '22:00:00', '931.729.7961x3165', 1, 1, 45, 2, NULL, 'branch7@sushix.com');
INSERT INTO `branches` (`branch_id`, `branch_name`, `address`, `open_time`, `close_time`, `phone_number`, `has_car_park`, `has_motorbike_park`, `table_amount`, `region_id`, `manager_id`, `email`) VALUES (8, 'Bryantbury SushiX', '10028 Simon Views, Allenshire, MS 60463', '08:00:00', '22:00:00', '(903)798-2086x078', 1, 0, 33, 1, NULL, 'branch8@sushix.com');
INSERT INTO `branches` (`branch_id`, `branch_name`, `address`, `open_time`, `close_time`, `phone_number`, `has_car_park`, `has_motorbike_park`, `table_amount`, `region_id`, `manager_id`, `email`) VALUES (9, 'Port Danielfurt SushiX', '544 Caleb Tunnel Suite 445, New Alexandrafurt, AK 42095', '08:00:00', '22:00:00', '+1-280-455-8669x2940', 1, 0, 48, 5, NULL, 'branch9@sushix.com');
INSERT INTO `branches` (`branch_id`, `branch_name`, `address`, `open_time`, `close_time`, `phone_number`, `has_car_park`, `has_motorbike_park`, `table_amount`, `region_id`, `manager_id`, `email`) VALUES (10, 'Lake Jack SushiX', '53967 Gonzalez Mission, East Alisonmouth, NH 51596', '08:00:00', '22:00:00', '(796)917-5138x54331', 1, 0, 41, 2, NULL, 'branch10@sushix.com');

INSERT INTO `employees` (`employee_id`, `employee_name`, `employee_email`, `date_of_birth`, `gender`, `hire_date`, `quit_date`, `current_work_id`, `employee_phone_number`, `employee_address`, `employee_rating`) VALUES (1, 'Tyler Rodriguez', 'newmantonya@example.org', '2001-04-10 00:00:00', 'Other', '2021-01-27 00:00:00', NULL, NULL, '(533)315-3296', '60346 Williams Hill Apt. 388, Vanessaborough, SC 66187', 4.4);
INSERT INTO `employees` (`employee_id`, `employee_name`, `employee_email`, `date_of_birth`, `gender`, `hire_date`, `quit_date`, `current_work_id`, `employee_phone_number`, `employee_address`, `employee_rating`) VALUES (2, 'Brandon Alvarado', 'ryanlindsey@example.org', '2002-06-09 00:00:00', 'Female', '2024-12-16 00:00:00', NULL, NULL, '(301)419-7267x049', '2692 Graham Mountains, Pamelaside, TX 35958', 3.5);
INSERT INTO `employees` (`employee_id`, `employee_name`, `employee_email`, `date_of_birth`, `gender`, `hire_date`, `quit_date`, `current_work_id`, `employee_phone_number`, `employee_address`, `employee_rating`) VALUES (3, 'Joshua Porter', 'ewade@example.net', '2001-05-22 00:00:00', 'Female', '2020-07-07 00:00:00', NULL, NULL, '6343400983', '420 Graves Junctions Apt. 847, West Ninamouth, IN 25005', 2.9);
INSERT INTO `employees` (`employee_id`, `employee_name`, `employee_email`, `date_of_birth`, `gender`, `hire_date`, `quit_date`, `current_work_id`, `employee_phone_number`, `employee_address`, `employee_rating`) VALUES (4, 'Ryan Nichols', 'lisa35@example.net', '1969-07-31 00:00:00', 'Male', '2021-06-04 00:00:00', NULL, NULL, '+1-345-587-0900x5234', '04784 Santana Isle, Carlamouth, GU 87089', 4.8);
INSERT INTO `employees` (`employee_id`, `employee_name`, `employee_email`, `date_of_birth`, `gender`, `hire_date`, `quit_date`, `current_work_id`, `employee_phone_number`, `employee_address`, `employee_rating`) VALUES (5, 'Mary Black', 'ashleyharris@example.com', '1984-10-29 00:00:00', 'Other', '2023-07-29 00:00:00', NULL, NULL, '001-988-672-7566x199', '719 Kelly Plain Suite 505, South Angela, DC 65823', 3.9);
INSERT INTO `employees` (`employee_id`, `employee_name`, `employee_email`, `date_of_birth`, `gender`, `hire_date`, `quit_date`, `current_work_id`, `employee_phone_number`, `employee_address`, `employee_rating`) VALUES (6, 'Juan Lynn', 'woodfrank@example.com', '1969-02-10 00:00:00', 'Female', '2022-08-05 00:00:00', NULL, NULL, '+1-970-567-1270x21892', 'USCGC Harrington, FPO AP 91617', 4.6);
INSERT INTO `employees` (`employee_id`, `employee_name`, `employee_email`, `date_of_birth`, `gender`, `hire_date`, `quit_date`, `current_work_id`, `employee_phone_number`, `employee_address`, `employee_rating`) VALUES (7, 'Francisco Gibson', 'fbrown@example.org', '1989-10-12 00:00:00', 'Female', '2024-05-30 00:00:00', NULL, NULL, '001-395-534-3991x481', '71730 Scott Forges Suite 211, Hornbury, KS 07432', 4.0);
INSERT INTO `employees` (`employee_id`, `employee_name`, `employee_email`, `date_of_birth`, `gender`, `hire_date`, `quit_date`, `current_work_id`, `employee_phone_number`, `employee_address`, `employee_rating`) VALUES (8, 'Hannah Werner', 'rebeccaharrison@example.org', '1983-04-07 00:00:00', 'Female', '2024-02-14 00:00:00', NULL, NULL, '583.552.1790', '631 Medina Rapids, New Amyborough, NH 13515', 2.6);
INSERT INTO `employees` (`employee_id`, `employee_name`, `employee_email`, `date_of_birth`, `gender`, `hire_date`, `quit_date`, `current_work_id`, `employee_phone_number`, `employee_address`, `employee_rating`) VALUES (9, 'Kenneth Simon', 'davissarah@example.org', '2002-03-11 00:00:00', 'Other', '2021-08-11 00:00:00', NULL, NULL, '918-383-6840x61316', '389 Jamie Key, North Alexaberg, TX 18894', 4.4);
INSERT INTO `employees` (`employee_id`, `employee_name`, `employee_email`, `date_of_birth`, `gender`, `hire_date`, `quit_date`, `current_work_id`, `employee_phone_number`, `employee_address`, `employee_rating`) VALUES (10, 'Natasha Francis', 'gravesamy@example.org', '1981-09-02 00:00:00', 'Male', '2020-03-01 00:00:00', NULL, NULL, '232-980-8078', '02199 Mario Villages Suite 688, Port Debraland, CA 27343', 3.7);
INSERT INTO `employees` (`employee_id`, `employee_name`, `employee_email`, `date_of_birth`, `gender`, `hire_date`, `quit_date`, `current_work_id`, `employee_phone_number`, `employee_address`, `employee_rating`) VALUES (11, 'Shannon Patterson', 'jessica12@example.net', '1998-01-26 00:00:00', 'Other', '2020-04-06 00:00:00', NULL, NULL, '(475)287-6503', '3305 Derek Glen, North Amytown, AL 47015', 4.9);
INSERT INTO `employees` (`employee_id`, `employee_name`, `employee_email`, `date_of_birth`, `gender`, `hire_date`, `quit_date`, `current_work_id`, `employee_phone_number`, `employee_address`, `employee_rating`) VALUES (12, 'Timothy Rangel', 'donald71@example.org', '1999-12-13 00:00:00', 'Male', '2021-08-25 00:00:00', NULL, NULL, '001-513-664-0779x9692', '9505 Baldwin Manor Apt. 853, New Gina, MN 48413', 3.5);
INSERT INTO `employees` (`employee_id`, `employee_name`, `employee_email`, `date_of_birth`, `gender`, `hire_date`, `quit_date`, `current_work_id`, `employee_phone_number`, `employee_address`, `employee_rating`) VALUES (13, 'Patrick Ross', 'rileyjoyce@example.net', '1980-12-25 00:00:00', 'Male', '2020-06-05 00:00:00', NULL, NULL, '+1-263-540-1141x9487', '013 James Village Suite 883, Marshallshire, OH 49897', 3.7);
INSERT INTO `employees` (`employee_id`, `employee_name`, `employee_email`, `date_of_birth`, `gender`, `hire_date`, `quit_date`, `current_work_id`, `employee_phone_number`, `employee_address`, `employee_rating`) VALUES (14, 'Luis Byrd', 'nsmith@example.org', '1987-06-16 00:00:00', 'Male', '2020-07-26 00:00:00', NULL, NULL, '9057651484', '938 Shannon Pass Suite 743, Port Gabrielton, PW 57351', 2.1);
INSERT INTO `employees` (`employee_id`, `employee_name`, `employee_email`, `date_of_birth`, `gender`, `hire_date`, `quit_date`, `current_work_id`, `employee_phone_number`, `employee_address`, `employee_rating`) VALUES (15, 'Rebecca Jones', 'anthony67@example.org', '1999-08-19 00:00:00', 'Male', '2022-05-22 00:00:00', NULL, NULL, '(951)783-5393x379', '4702 Walters Forks, Port Darryl, CA 89011', 5.0);
INSERT INTO `employees` (`employee_id`, `employee_name`, `employee_email`, `date_of_birth`, `gender`, `hire_date`, `quit_date`, `current_work_id`, `employee_phone_number`, `employee_address`, `employee_rating`) VALUES (16, 'Michael Newman', 'greenaustin@example.com', '1981-09-27 00:00:00', 'Female', '2023-11-02 00:00:00', NULL, NULL, '6675891263', '98678 Haynes Cliffs, Deniseshire, TX 61831', 2.1);
INSERT INTO `employees` (`employee_id`, `employee_name`, `employee_email`, `date_of_birth`, `gender`, `hire_date`, `quit_date`, `current_work_id`, `employee_phone_number`, `employee_address`, `employee_rating`) VALUES (17, 'Heather Bailey', 'christophermeadows@example.net', '1987-02-10 00:00:00', 'Male', '2024-03-09 00:00:00', NULL, NULL, '620-770-9422', '412 Williams Ports, Steventon, ME 27142', 4.6);
INSERT INTO `employees` (`employee_id`, `employee_name`, `employee_email`, `date_of_birth`, `gender`, `hire_date`, `quit_date`, `current_work_id`, `employee_phone_number`, `employee_address`, `employee_rating`) VALUES (18, 'Jessica Joseph', 'joseph28@example.com', '1985-04-05 00:00:00', 'Female', '2022-02-14 00:00:00', NULL, NULL, '595.509.4250x7805', '597 Taylor Knoll, Delacruztown, CT 25309', 3.3);
INSERT INTO `employees` (`employee_id`, `employee_name`, `employee_email`, `date_of_birth`, `gender`, `hire_date`, `quit_date`, `current_work_id`, `employee_phone_number`, `employee_address`, `employee_rating`) VALUES (19, 'Justin Vazquez', 'darrellreilly@example.net', '1994-01-08 00:00:00', 'Female', '2023-05-07 00:00:00', NULL, NULL, '001-300-692-8932x266', 'PSC 6543, Box 9470, APO AA 21454', 3.8);
INSERT INTO `employees` (`employee_id`, `employee_name`, `employee_email`, `date_of_birth`, `gender`, `hire_date`, `quit_date`, `current_work_id`, `employee_phone_number`, `employee_address`, `employee_rating`) VALUES (20, 'Laura Johnson', 'williamsjasmine@example.com', '2003-09-07 00:00:00', 'Female', '2024-12-13 00:00:00', NULL, NULL, '431.591.3866x38335', '34631 Hahn Springs, New Sherrybury, WY 21585', 4.2);
INSERT INTO `employees` (`employee_id`, `employee_name`, `employee_email`, `date_of_birth`, `gender`, `hire_date`, `quit_date`, `current_work_id`, `employee_phone_number`, `employee_address`, `employee_rating`) VALUES (21, 'Jacob Moyer', 'qsmith@example.net', '1996-08-04 00:00:00', 'Female', '2024-11-17 00:00:00', NULL, NULL, '288.938.9165', '612 Thomas Motorway Suite 550, East Victoriaburgh, WY 72737', 3.1);
INSERT INTO `employees` (`employee_id`, `employee_name`, `employee_email`, `date_of_birth`, `gender`, `hire_date`, `quit_date`, `current_work_id`, `employee_phone_number`, `employee_address`, `employee_rating`) VALUES (22, 'Anthony Caldwell', 'thompsonandrea@example.org', '1994-08-10 00:00:00', 'Other', '2023-05-17 00:00:00', NULL, NULL, '915-640-7528x453', '4522 Long Meadow Suite 316, New Ashley, GA 09222', 4.4);
INSERT INTO `employees` (`employee_id`, `employee_name`, `employee_email`, `date_of_birth`, `gender`, `hire_date`, `quit_date`, `current_work_id`, `employee_phone_number`, `employee_address`, `employee_rating`) VALUES (23, 'Karen Blackwell', 'tracybrown@example.com', '1992-07-05 00:00:00', 'Male', '2020-11-23 00:00:00', NULL, NULL, '001-691-794-0178x089', '4146 Jamie Lodge Apt. 977, Danielland, MS 36976', 3.7);
INSERT INTO `employees` (`employee_id`, `employee_name`, `employee_email`, `date_of_birth`, `gender`, `hire_date`, `quit_date`, `current_work_id`, `employee_phone_number`, `employee_address`, `employee_rating`) VALUES (24, 'Erik Reyes', 'wilkinsonelizabeth@example.com', '1970-01-13 00:00:00', 'Male', '2022-01-26 00:00:00', NULL, NULL, '001-279-393-4648', '986 Jordan Mission Suite 680, Anthonyton, UT 92029', 2.2);
INSERT INTO `employees` (`employee_id`, `employee_name`, `employee_email`, `date_of_birth`, `gender`, `hire_date`, `quit_date`, `current_work_id`, `employee_phone_number`, `employee_address`, `employee_rating`) VALUES (25, 'Erik Coleman', 'xwilson@example.net', '1975-08-27 00:00:00', 'Male', '2023-08-15 00:00:00', NULL, NULL, '+1-911-511-2201', '681 Robert Cape, Rebeccafort, NV 20497', 3.2);
INSERT INTO `employees` (`employee_id`, `employee_name`, `employee_email`, `date_of_birth`, `gender`, `hire_date`, `quit_date`, `current_work_id`, `employee_phone_number`, `employee_address`, `employee_rating`) VALUES (26, 'Samantha Bradshaw', 'gabriel26@example.org', '2000-05-05 00:00:00', 'Other', '2020-10-23 00:00:00', NULL, NULL, '831.353.1722', '4764 Jones Burgs, Garcialand, CA 95293', 3.9);
INSERT INTO `employees` (`employee_id`, `employee_name`, `employee_email`, `date_of_birth`, `gender`, `hire_date`, `quit_date`, `current_work_id`, `employee_phone_number`, `employee_address`, `employee_rating`) VALUES (27, 'Tina Kirby', 'ojones@example.com', '1997-07-31 00:00:00', 'Female', '2022-06-21 00:00:00', NULL, NULL, '957-517-1833x467', '944 Herring Station, Lindseyport, OK 51692', 2.4);
INSERT INTO `employees` (`employee_id`, `employee_name`, `employee_email`, `date_of_birth`, `gender`, `hire_date`, `quit_date`, `current_work_id`, `employee_phone_number`, `employee_address`, `employee_rating`) VALUES (28, 'Jennifer Martin', 'hernandezgerald@example.com', '1965-01-22 00:00:00', 'Female', '2021-01-10 00:00:00', NULL, NULL, '287-972-8268x83042', '841 Cathy Bridge Suite 909, Port Kimberlymouth, MH 07523', 2.5);
INSERT INTO `employees` (`employee_id`, `employee_name`, `employee_email`, `date_of_birth`, `gender`, `hire_date`, `quit_date`, `current_work_id`, `employee_phone_number`, `employee_address`, `employee_rating`) VALUES (29, 'Sandra Bruce', 'emilylopez@example.net', '1993-01-30 00:00:00', 'Male', '2021-11-12 00:00:00', NULL, NULL, '+1-395-999-7031', '856 Lopez Extensions Suite 461, New Jacquelineberg, NV 29732', 4.1);
INSERT INTO `employees` (`employee_id`, `employee_name`, `employee_email`, `date_of_birth`, `gender`, `hire_date`, `quit_date`, `current_work_id`, `employee_phone_number`, `employee_address`, `employee_rating`) VALUES (30, 'Deanna Allen', 'hunterryan@example.com', '1969-02-13 00:00:00', 'Other', '2022-12-18 00:00:00', NULL, NULL, '001-574-404-1821x46592', '136 Nguyen Ville Apt. 219, Valdezside, NE 08931', 4.2);
INSERT INTO `employees` (`employee_id`, `employee_name`, `employee_email`, `date_of_birth`, `gender`, `hire_date`, `quit_date`, `current_work_id`, `employee_phone_number`, `employee_address`, `employee_rating`) VALUES (31, 'Joshua Cooper', 'amyhernandez@example.com', '1980-12-10 00:00:00', 'Other', '2023-02-11 00:00:00', NULL, NULL, '922.446.9020x2663', '622 Michael Parkway, Cookstad, IN 08058', 4.5);
INSERT INTO `employees` (`employee_id`, `employee_name`, `employee_email`, `date_of_birth`, `gender`, `hire_date`, `quit_date`, `current_work_id`, `employee_phone_number`, `employee_address`, `employee_rating`) VALUES (32, 'Carla Sampson', 'gutierrezcollin@example.net', '1992-10-26 00:00:00', 'Male', '2020-11-22 00:00:00', NULL, NULL, '343.851.2847', '0273 Fields Ramp, Cannonfurt, MO 74068', 3.2);
INSERT INTO `employees` (`employee_id`, `employee_name`, `employee_email`, `date_of_birth`, `gender`, `hire_date`, `quit_date`, `current_work_id`, `employee_phone_number`, `employee_address`, `employee_rating`) VALUES (33, 'Tara Ochoa', 'zacharyballard@example.org', '2001-11-24 00:00:00', 'Other', '2020-02-13 00:00:00', NULL, NULL, '7995908427', '06434 Hicks Avenue Suite 600, Rothchester, TX 73074', 4.2);
INSERT INTO `employees` (`employee_id`, `employee_name`, `employee_email`, `date_of_birth`, `gender`, `hire_date`, `quit_date`, `current_work_id`, `employee_phone_number`, `employee_address`, `employee_rating`) VALUES (34, 'Casey Butler', 'susan75@example.com', '1972-08-15 00:00:00', 'Other', '2024-04-26 00:00:00', NULL, NULL, '(205)898-4805', '5026 Mendoza Inlet Suite 412, Cordovafort, CO 05009', 4.4);
INSERT INTO `employees` (`employee_id`, `employee_name`, `employee_email`, `date_of_birth`, `gender`, `hire_date`, `quit_date`, `current_work_id`, `employee_phone_number`, `employee_address`, `employee_rating`) VALUES (35, 'Adam Long', 'jeanette33@example.org', '1988-07-31 00:00:00', 'Female', '2020-01-18 00:00:00', NULL, NULL, '+1-696-603-3109', 'PSC 2969, Box 1562, APO AE 19325', 4.6);
INSERT INTO `employees` (`employee_id`, `employee_name`, `employee_email`, `date_of_birth`, `gender`, `hire_date`, `quit_date`, `current_work_id`, `employee_phone_number`, `employee_address`, `employee_rating`) VALUES (36, 'Natasha Rodriguez', 'umarsh@example.net', '1993-02-27 00:00:00', 'Male', '2024-08-28 00:00:00', NULL, NULL, '001-840-621-9706', '31057 Walker Course, Michaelburgh, KS 40325', 3.4);
INSERT INTO `employees` (`employee_id`, `employee_name`, `employee_email`, `date_of_birth`, `gender`, `hire_date`, `quit_date`, `current_work_id`, `employee_phone_number`, `employee_address`, `employee_rating`) VALUES (37, 'Glenn Hahn', 'lancejohnson@example.com', '1972-11-05 00:00:00', 'Female', '2021-09-08 00:00:00', NULL, NULL, '(284)275-4827', '95709 Justin Throughway Suite 143, Christinebury, FM 44190', 2.5);
INSERT INTO `employees` (`employee_id`, `employee_name`, `employee_email`, `date_of_birth`, `gender`, `hire_date`, `quit_date`, `current_work_id`, `employee_phone_number`, `employee_address`, `employee_rating`) VALUES (38, 'Kayla Bates', 'michaelstanley@example.org', '1981-12-18 00:00:00', 'Female', '2021-07-07 00:00:00', NULL, NULL, '205-652-9373x650', '0317 Katie Harbors, Port Nancy, ME 66983', 4.7);
INSERT INTO `employees` (`employee_id`, `employee_name`, `employee_email`, `date_of_birth`, `gender`, `hire_date`, `quit_date`, `current_work_id`, `employee_phone_number`, `employee_address`, `employee_rating`) VALUES (39, 'Jennifer Edwards', 'derek32@example.com', '1984-07-18 00:00:00', 'Other', '2024-04-02 00:00:00', NULL, NULL, '987.240.9628', '21127 Campbell Centers Suite 879, Mcintyreberg, KY 46896', 4.6);
INSERT INTO `employees` (`employee_id`, `employee_name`, `employee_email`, `date_of_birth`, `gender`, `hire_date`, `quit_date`, `current_work_id`, `employee_phone_number`, `employee_address`, `employee_rating`) VALUES (40, 'Cory Holmes', 'ywelch@example.net', '1985-03-20 00:00:00', 'Female', '2024-04-11 00:00:00', NULL, NULL, '(688)358-6660x222', '2224 Webster Wall, Carrilloland, DE 02639', 2.8);
INSERT INTO `employees` (`employee_id`, `employee_name`, `employee_email`, `date_of_birth`, `gender`, `hire_date`, `quit_date`, `current_work_id`, `employee_phone_number`, `employee_address`, `employee_rating`) VALUES (41, 'Ashley Fitzpatrick', 'lmcguire@example.org', '1976-05-26 00:00:00', 'Male', '2023-11-27 00:00:00', NULL, NULL, '716.574.0281x3014', '3472 Stevens Avenue, Brownside, OK 46889', 3.8);
INSERT INTO `employees` (`employee_id`, `employee_name`, `employee_email`, `date_of_birth`, `gender`, `hire_date`, `quit_date`, `current_work_id`, `employee_phone_number`, `employee_address`, `employee_rating`) VALUES (42, 'Brianna Meyer', 'holmesmelanie@example.net', '1970-08-03 00:00:00', 'Female', '2022-10-19 00:00:00', NULL, NULL, '001-451-538-7065x6293', 'Unit 8180 Box 5100, DPO AE 48048', 3.3);
INSERT INTO `employees` (`employee_id`, `employee_name`, `employee_email`, `date_of_birth`, `gender`, `hire_date`, `quit_date`, `current_work_id`, `employee_phone_number`, `employee_address`, `employee_rating`) VALUES (43, 'Jessica Cowan', 'johnny51@example.org', '1988-05-07 00:00:00', 'Male', '2024-04-01 00:00:00', NULL, NULL, '812.287.6548', '672 Kathryn Cove, New Randyhaven, MO 63216', 2.3);
INSERT INTO `employees` (`employee_id`, `employee_name`, `employee_email`, `date_of_birth`, `gender`, `hire_date`, `quit_date`, `current_work_id`, `employee_phone_number`, `employee_address`, `employee_rating`) VALUES (44, 'David King DVM', 'geoffrey99@example.org', '1979-08-30 00:00:00', 'Female', '2021-01-04 00:00:00', NULL, NULL, '5184643223', '1820 Weaver Landing, Amandaland, FL 11192', 3.3);
INSERT INTO `employees` (`employee_id`, `employee_name`, `employee_email`, `date_of_birth`, `gender`, `hire_date`, `quit_date`, `current_work_id`, `employee_phone_number`, `employee_address`, `employee_rating`) VALUES (45, 'Paul Patton', 'hmercer@example.net', '2001-12-12 00:00:00', 'Male', '2021-10-09 00:00:00', NULL, NULL, '6664964155', '2856 Garrett Road, Port Sherrybury, WY 17089', 2.1);
INSERT INTO `employees` (`employee_id`, `employee_name`, `employee_email`, `date_of_birth`, `gender`, `hire_date`, `quit_date`, `current_work_id`, `employee_phone_number`, `employee_address`, `employee_rating`) VALUES (46, 'Taylor Cohen', 'alec06@example.net', '2001-10-25 00:00:00', 'Female', '2021-02-17 00:00:00', NULL, NULL, '(666)774-7728', '666 Kevin Cove Suite 889, Millerland, TN 66261', 2.7);
INSERT INTO `employees` (`employee_id`, `employee_name`, `employee_email`, `date_of_birth`, `gender`, `hire_date`, `quit_date`, `current_work_id`, `employee_phone_number`, `employee_address`, `employee_rating`) VALUES (47, 'Douglas Wallace', 'joyce31@example.com', '1970-09-17 00:00:00', 'Other', '2023-06-05 00:00:00', NULL, NULL, '659-241-9329', '940 Jones Trace, Kevinbury, MO 02783', 3.0);
INSERT INTO `employees` (`employee_id`, `employee_name`, `employee_email`, `date_of_birth`, `gender`, `hire_date`, `quit_date`, `current_work_id`, `employee_phone_number`, `employee_address`, `employee_rating`) VALUES (48, 'Elizabeth Moore', 'mwhite@example.com', '1992-01-30 00:00:00', 'Other', '2023-11-05 00:00:00', NULL, NULL, '559.784.4234', '127 Brian Lock Suite 151, Jacksonstad, IA 27573', 2.3);
INSERT INTO `employees` (`employee_id`, `employee_name`, `employee_email`, `date_of_birth`, `gender`, `hire_date`, `quit_date`, `current_work_id`, `employee_phone_number`, `employee_address`, `employee_rating`) VALUES (49, 'Anthony Herrera', 'mooreandrew@example.net', '1968-11-28 00:00:00', 'Female', '2023-04-08 00:00:00', NULL, NULL, '255-421-5378x505', '56504 Nathaniel Cliffs, South Williamshire, NC 14876', 4.7);
INSERT INTO `employees` (`employee_id`, `employee_name`, `employee_email`, `date_of_birth`, `gender`, `hire_date`, `quit_date`, `current_work_id`, `employee_phone_number`, `employee_address`, `employee_rating`) VALUES (50, 'Justin Bishop', 'holly73@example.org', '1986-12-02 00:00:00', 'Male', '2024-02-04 00:00:00', NULL, NULL, '001-350-541-4033x042', '09012 Luis Ranch, Turnerfort, MT 47920', 2.2);


INSERT INTO `employee_branches` (`employee_branches_id`, `employee_id`, `branch_id`, `department_id`, `start_date`, `end_date`) VALUES (1, 1, 3, 2, '2021-07-31 00:00:00', NULL);
INSERT INTO `employee_branches` (`employee_branches_id`, `employee_id`, `branch_id`, `department_id`, `start_date`, `end_date`) VALUES (2, 2, 5, 1, '2024-12-13 00:00:00', NULL);
INSERT INTO `employee_branches` (`employee_branches_id`, `employee_id`, `branch_id`, `department_id`, `start_date`, `end_date`) VALUES (3, 3, 10, 5, '2021-05-01 00:00:00', NULL);
INSERT INTO `employee_branches` (`employee_branches_id`, `employee_id`, `branch_id`, `department_id`, `start_date`, `end_date`) VALUES (4, 4, 9, 3, '2020-10-13 00:00:00', NULL);
INSERT INTO `employee_branches` (`employee_branches_id`, `employee_id`, `branch_id`, `department_id`, `start_date`, `end_date`) VALUES (5, 5, 3, 3, '2022-08-18 00:00:00', NULL);
INSERT INTO `employee_branches` (`employee_branches_id`, `employee_id`, `branch_id`, `department_id`, `start_date`, `end_date`) VALUES (6, 6, 1, 4, '2022-04-24 00:00:00', NULL);
INSERT INTO `employee_branches` (`employee_branches_id`, `employee_id`, `branch_id`, `department_id`, `start_date`, `end_date`) VALUES (7, 7, 1, 5, '2021-04-26 00:00:00', NULL);
INSERT INTO `employee_branches` (`employee_branches_id`, `employee_id`, `branch_id`, `department_id`, `start_date`, `end_date`) VALUES (8, 8, 7, 2, '2024-08-09 00:00:00', NULL);
INSERT INTO `employee_branches` (`employee_branches_id`, `employee_id`, `branch_id`, `department_id`, `start_date`, `end_date`) VALUES (9, 9, 9, 5, '2023-05-15 00:00:00', NULL);
INSERT INTO `employee_branches` (`employee_branches_id`, `employee_id`, `branch_id`, `department_id`, `start_date`, `end_date`) VALUES (10, 10, 5, 2, '2023-12-19 00:00:00', NULL);
INSERT INTO `employee_branches` (`employee_branches_id`, `employee_id`, `branch_id`, `department_id`, `start_date`, `end_date`) VALUES (11, 11, 10, 1, '2022-12-03 00:00:00', NULL);
INSERT INTO `employee_branches` (`employee_branches_id`, `employee_id`, `branch_id`, `department_id`, `start_date`, `end_date`) VALUES (12, 12, 2, 2, '2023-06-08 00:00:00', NULL);
INSERT INTO `employee_branches` (`employee_branches_id`, `employee_id`, `branch_id`, `department_id`, `start_date`, `end_date`) VALUES (13, 13, 10, 5, '2020-12-26 00:00:00', NULL);
INSERT INTO `employee_branches` (`employee_branches_id`, `employee_id`, `branch_id`, `department_id`, `start_date`, `end_date`) VALUES (14, 14, 10, 3, '2023-08-08 00:00:00', NULL);
INSERT INTO `employee_branches` (`employee_branches_id`, `employee_id`, `branch_id`, `department_id`, `start_date`, `end_date`) VALUES (15, 15, 1, 4, '2023-11-24 00:00:00', NULL);
INSERT INTO `employee_branches` (`employee_branches_id`, `employee_id`, `branch_id`, `department_id`, `start_date`, `end_date`) VALUES (16, 16, 6, 1, '2023-05-31 00:00:00', NULL);
INSERT INTO `employee_branches` (`employee_branches_id`, `employee_id`, `branch_id`, `department_id`, `start_date`, `end_date`) VALUES (17, 17, 1, 3, '2023-11-19 00:00:00', NULL);
INSERT INTO `employee_branches` (`employee_branches_id`, `employee_id`, `branch_id`, `department_id`, `start_date`, `end_date`) VALUES (18, 18, 2, 4, '2020-10-02 00:00:00', NULL);
INSERT INTO `employee_branches` (`employee_branches_id`, `employee_id`, `branch_id`, `department_id`, `start_date`, `end_date`) VALUES (19, 19, 9, 2, '2022-09-04 00:00:00', NULL);
INSERT INTO `employee_branches` (`employee_branches_id`, `employee_id`, `branch_id`, `department_id`, `start_date`, `end_date`) VALUES (20, 20, 3, 1, '2022-08-09 00:00:00', NULL);
INSERT INTO `employee_branches` (`employee_branches_id`, `employee_id`, `branch_id`, `department_id`, `start_date`, `end_date`) VALUES (21, 21, 2, 3, '2022-05-29 00:00:00', NULL);
INSERT INTO `employee_branches` (`employee_branches_id`, `employee_id`, `branch_id`, `department_id`, `start_date`, `end_date`) VALUES (22, 22, 8, 4, '2023-01-30 00:00:00', NULL);
INSERT INTO `employee_branches` (`employee_branches_id`, `employee_id`, `branch_id`, `department_id`, `start_date`, `end_date`) VALUES (23, 23, 5, 5, '2020-10-03 00:00:00', NULL);
INSERT INTO `employee_branches` (`employee_branches_id`, `employee_id`, `branch_id`, `department_id`, `start_date`, `end_date`) VALUES (24, 24, 2, 4, '2024-01-24 00:00:00', NULL);
INSERT INTO `employee_branches` (`employee_branches_id`, `employee_id`, `branch_id`, `department_id`, `start_date`, `end_date`) VALUES (25, 25, 8, 5, '2022-12-27 00:00:00', NULL);
INSERT INTO `employee_branches` (`employee_branches_id`, `employee_id`, `branch_id`, `department_id`, `start_date`, `end_date`) VALUES (26, 26, 2, 4, '2024-02-06 00:00:00', NULL);
INSERT INTO `employee_branches` (`employee_branches_id`, `employee_id`, `branch_id`, `department_id`, `start_date`, `end_date`) VALUES (27, 27, 3, 4, '2024-05-06 00:00:00', NULL);
INSERT INTO `employee_branches` (`employee_branches_id`, `employee_id`, `branch_id`, `department_id`, `start_date`, `end_date`) VALUES (28, 28, 6, 5, '2020-06-14 00:00:00', NULL);
INSERT INTO `employee_branches` (`employee_branches_id`, `employee_id`, `branch_id`, `department_id`, `start_date`, `end_date`) VALUES (29, 29, 9, 5, '2023-11-06 00:00:00', NULL);
INSERT INTO `employee_branches` (`employee_branches_id`, `employee_id`, `branch_id`, `department_id`, `start_date`, `end_date`) VALUES (30, 30, 6, 4, '2022-12-06 00:00:00', NULL);
INSERT INTO `employee_branches` (`employee_branches_id`, `employee_id`, `branch_id`, `department_id`, `start_date`, `end_date`) VALUES (31, 31, 9, 1, '2024-06-10 00:00:00', NULL);
INSERT INTO `employee_branches` (`employee_branches_id`, `employee_id`, `branch_id`, `department_id`, `start_date`, `end_date`) VALUES (32, 32, 10, 3, '2022-11-08 00:00:00', NULL);
INSERT INTO `employee_branches` (`employee_branches_id`, `employee_id`, `branch_id`, `department_id`, `start_date`, `end_date`) VALUES (33, 33, 9, 3, '2024-06-30 00:00:00', NULL);
INSERT INTO `employee_branches` (`employee_branches_id`, `employee_id`, `branch_id`, `department_id`, `start_date`, `end_date`) VALUES (34, 34, 9, 4, '2024-09-28 00:00:00', NULL);
INSERT INTO `employee_branches` (`employee_branches_id`, `employee_id`, `branch_id`, `department_id`, `start_date`, `end_date`) VALUES (35, 35, 9, 5, '2020-08-04 00:00:00', NULL);
INSERT INTO `employee_branches` (`employee_branches_id`, `employee_id`, `branch_id`, `department_id`, `start_date`, `end_date`) VALUES (36, 36, 5, 5, '2021-02-03 00:00:00', NULL);
INSERT INTO `employee_branches` (`employee_branches_id`, `employee_id`, `branch_id`, `department_id`, `start_date`, `end_date`) VALUES (37, 37, 4, 3, '2020-08-05 00:00:00', NULL);
INSERT INTO `employee_branches` (`employee_branches_id`, `employee_id`, `branch_id`, `department_id`, `start_date`, `end_date`) VALUES (38, 38, 4, 1, '2024-11-25 00:00:00', NULL);
INSERT INTO `employee_branches` (`employee_branches_id`, `employee_id`, `branch_id`, `department_id`, `start_date`, `end_date`) VALUES (39, 39, 5, 2, '2024-02-29 00:00:00', NULL);
INSERT INTO `employee_branches` (`employee_branches_id`, `employee_id`, `branch_id`, `department_id`, `start_date`, `end_date`) VALUES (40, 40, 10, 4, '2020-05-18 00:00:00', NULL);
INSERT INTO `employee_branches` (`employee_branches_id`, `employee_id`, `branch_id`, `department_id`, `start_date`, `end_date`) VALUES (41, 41, 3, 3, '2021-09-06 00:00:00', NULL);
INSERT INTO `employee_branches` (`employee_branches_id`, `employee_id`, `branch_id`, `department_id`, `start_date`, `end_date`) VALUES (42, 42, 8, 2, '2024-07-02 00:00:00', NULL);
INSERT INTO `employee_branches` (`employee_branches_id`, `employee_id`, `branch_id`, `department_id`, `start_date`, `end_date`) VALUES (43, 43, 5, 3, '2022-02-20 00:00:00', NULL);
INSERT INTO `employee_branches` (`employee_branches_id`, `employee_id`, `branch_id`, `department_id`, `start_date`, `end_date`) VALUES (44, 44, 1, 4, '2022-06-28 00:00:00', NULL);
INSERT INTO `employee_branches` (`employee_branches_id`, `employee_id`, `branch_id`, `department_id`, `start_date`, `end_date`) VALUES (45, 45, 6, 3, '2024-09-07 00:00:00', NULL);
INSERT INTO `employee_branches` (`employee_branches_id`, `employee_id`, `branch_id`, `department_id`, `start_date`, `end_date`) VALUES (46, 46, 10, 5, '2021-04-16 00:00:00', NULL);
INSERT INTO `employee_branches` (`employee_branches_id`, `employee_id`, `branch_id`, `department_id`, `start_date`, `end_date`) VALUES (47, 47, 8, 4, '2023-05-01 00:00:00', NULL);
INSERT INTO `employee_branches` (`employee_branches_id`, `employee_id`, `branch_id`, `department_id`, `start_date`, `end_date`) VALUES (48, 48, 5, 2, '2021-08-03 00:00:00', NULL);
INSERT INTO `employee_branches` (`employee_branches_id`, `employee_id`, `branch_id`, `department_id`, `start_date`, `end_date`) VALUES (49, 49, 4, 5, '2021-09-04 00:00:00', NULL);
INSERT INTO `employee_branches` (`employee_branches_id`, `employee_id`, `branch_id`, `department_id`, `start_date`, `end_date`) VALUES (50, 50, 7, 3, '2022-04-01 00:00:00', NULL);

UPDATE `employees` SET `current_work_id` = 1 WHERE `employee_id` = 1;
UPDATE `employees` SET `current_work_id` = 2 WHERE `employee_id` = 2;
UPDATE `employees` SET `current_work_id` = 3 WHERE `employee_id` = 3;
UPDATE `employees` SET `current_work_id` = 4 WHERE `employee_id` = 4;
UPDATE `employees` SET `current_work_id` = 5 WHERE `employee_id` = 5;
UPDATE `employees` SET `current_work_id` = 6 WHERE `employee_id` = 6;
UPDATE `employees` SET `current_work_id` = 7 WHERE `employee_id` = 7;
UPDATE `employees` SET `current_work_id` = 8 WHERE `employee_id` = 8;
UPDATE `employees` SET `current_work_id` = 9 WHERE `employee_id` = 9;
UPDATE `employees` SET `current_work_id` = 10 WHERE `employee_id` = 10;
UPDATE `employees` SET `current_work_id` = 11 WHERE `employee_id` = 11;
UPDATE `employees` SET `current_work_id` = 12 WHERE `employee_id` = 12;
UPDATE `employees` SET `current_work_id` = 13 WHERE `employee_id` = 13;
UPDATE `employees` SET `current_work_id` = 14 WHERE `employee_id` = 14;
UPDATE `employees` SET `current_work_id` = 15 WHERE `employee_id` = 15;
UPDATE `employees` SET `current_work_id` = 16 WHERE `employee_id` = 16;
UPDATE `employees` SET `current_work_id` = 17 WHERE `employee_id` = 17;
UPDATE `employees` SET `current_work_id` = 18 WHERE `employee_id` = 18;
UPDATE `employees` SET `current_work_id` = 19 WHERE `employee_id` = 19;
UPDATE `employees` SET `current_work_id` = 20 WHERE `employee_id` = 20;
UPDATE `employees` SET `current_work_id` = 21 WHERE `employee_id` = 21;
UPDATE `employees` SET `current_work_id` = 22 WHERE `employee_id` = 22;
UPDATE `employees` SET `current_work_id` = 23 WHERE `employee_id` = 23;
UPDATE `employees` SET `current_work_id` = 24 WHERE `employee_id` = 24;
UPDATE `employees` SET `current_work_id` = 25 WHERE `employee_id` = 25;
UPDATE `employees` SET `current_work_id` = 26 WHERE `employee_id` = 26;
UPDATE `employees` SET `current_work_id` = 27 WHERE `employee_id` = 27;
UPDATE `employees` SET `current_work_id` = 28 WHERE `employee_id` = 28;
UPDATE `employees` SET `current_work_id` = 29 WHERE `employee_id` = 29;
UPDATE `employees` SET `current_work_id` = 30 WHERE `employee_id` = 30;
UPDATE `employees` SET `current_work_id` = 31 WHERE `employee_id` = 31;
UPDATE `employees` SET `current_work_id` = 32 WHERE `employee_id` = 32;
UPDATE `employees` SET `current_work_id` = 33 WHERE `employee_id` = 33;
UPDATE `employees` SET `current_work_id` = 34 WHERE `employee_id` = 34;
UPDATE `employees` SET `current_work_id` = 35 WHERE `employee_id` = 35;
UPDATE `employees` SET `current_work_id` = 36 WHERE `employee_id` = 36;
UPDATE `employees` SET `current_work_id` = 37 WHERE `employee_id` = 37;
UPDATE `employees` SET `current_work_id` = 38 WHERE `employee_id` = 38;
UPDATE `employees` SET `current_work_id` = 39 WHERE `employee_id` = 39;
UPDATE `employees` SET `current_work_id` = 40 WHERE `employee_id` = 40;
UPDATE `employees` SET `current_work_id` = 41 WHERE `employee_id` = 41;
UPDATE `employees` SET `current_work_id` = 42 WHERE `employee_id` = 42;
UPDATE `employees` SET `current_work_id` = 43 WHERE `employee_id` = 43;
UPDATE `employees` SET `current_work_id` = 44 WHERE `employee_id` = 44;
UPDATE `employees` SET `current_work_id` = 45 WHERE `employee_id` = 45;
UPDATE `employees` SET `current_work_id` = 46 WHERE `employee_id` = 46;
UPDATE `employees` SET `current_work_id` = 47 WHERE `employee_id` = 47;
UPDATE `employees` SET `current_work_id` = 48 WHERE `employee_id` = 48;
UPDATE `employees` SET `current_work_id` = 49 WHERE `employee_id` = 49;
UPDATE `employees` SET `current_work_id` = 50 WHERE `employee_id` = 50;

UPDATE `branches` 
join `employee_branches` on `branches`.branch_id = `employee_branches`.branch_id
set `branches`.`manager_id` = `employee_branches`.`employee_branches_id`
where `employee_branches`.`department_id` = 1;

INSERT INTO `menu` (`branch_id`, `dish_id`, `is_ship`, `is_serve`) VALUES (1, 1, 0, 1);
INSERT INTO `menu` (`branch_id`, `dish_id`, `is_ship`, `is_serve`) VALUES (1, 2, 0, 1);
INSERT INTO `menu` (`branch_id`, `dish_id`, `is_ship`, `is_serve`) VALUES (1, 3, 1, 1);
INSERT INTO `menu` (`branch_id`, `dish_id`, `is_ship`, `is_serve`) VALUES (1, 4, 0, 1);
INSERT INTO `menu` (`branch_id`, `dish_id`, `is_ship`, `is_serve`) VALUES (1, 5, 1, 1);
INSERT INTO `menu` (`branch_id`, `dish_id`, `is_ship`, `is_serve`) VALUES (1, 6, 1, 1);
INSERT INTO `menu` (`branch_id`, `dish_id`, `is_ship`, `is_serve`) VALUES (1, 7, 0, 1);
INSERT INTO `menu` (`branch_id`, `dish_id`, `is_ship`, `is_serve`) VALUES (1, 8, 1, 1);
INSERT INTO `menu` (`branch_id`, `dish_id`, `is_ship`, `is_serve`) VALUES (1, 9, 0, 1);
INSERT INTO `menu` (`branch_id`, `dish_id`, `is_ship`, `is_serve`) VALUES (1, 10, 1, 1);
INSERT INTO `menu` (`branch_id`, `dish_id`, `is_ship`, `is_serve`) VALUES (1, 11, 0, 1);
INSERT INTO `menu` (`branch_id`, `dish_id`, `is_ship`, `is_serve`) VALUES (1, 12, 1, 1);
INSERT INTO `menu` (`branch_id`, `dish_id`, `is_ship`, `is_serve`) VALUES (1, 13, 1, 1);
INSERT INTO `menu` (`branch_id`, `dish_id`, `is_ship`, `is_serve`) VALUES (1, 14, 1, 1);
INSERT INTO `menu` (`branch_id`, `dish_id`, `is_ship`, `is_serve`) VALUES (1, 15, 0, 1);
INSERT INTO `menu` (`branch_id`, `dish_id`, `is_ship`, `is_serve`) VALUES (1, 16, 0, 1);
INSERT INTO `menu` (`branch_id`, `dish_id`, `is_ship`, `is_serve`) VALUES (1, 17, 1, 1);
INSERT INTO `menu` (`branch_id`, `dish_id`, `is_ship`, `is_serve`) VALUES (1, 18, 1, 1);
INSERT INTO `menu` (`branch_id`, `dish_id`, `is_ship`, `is_serve`) VALUES (1, 19, 1, 1);
INSERT INTO `menu` (`branch_id`, `dish_id`, `is_ship`, `is_serve`) VALUES (1, 20, 1, 1);
INSERT INTO `menu` (`branch_id`, `dish_id`, `is_ship`, `is_serve`) VALUES (1, 21, 1, 1);
INSERT INTO `menu` (`branch_id`, `dish_id`, `is_ship`, `is_serve`) VALUES (1, 22, 0, 1);
INSERT INTO `menu` (`branch_id`, `dish_id`, `is_ship`, `is_serve`) VALUES (1, 23, 1, 1);
INSERT INTO `menu` (`branch_id`, `dish_id`, `is_ship`, `is_serve`) VALUES (1, 24, 0, 1);
INSERT INTO `menu` (`branch_id`, `dish_id`, `is_ship`, `is_serve`) VALUES (1, 25, 1, 1);
INSERT INTO `menu` (`branch_id`, `dish_id`, `is_ship`, `is_serve`) VALUES (1, 26, 0, 1);
INSERT INTO `menu` (`branch_id`, `dish_id`, `is_ship`, `is_serve`) VALUES (1, 27, 1, 1);
INSERT INTO `menu` (`branch_id`, `dish_id`, `is_ship`, `is_serve`) VALUES (1, 28, 0, 1);
INSERT INTO `menu` (`branch_id`, `dish_id`, `is_ship`, `is_serve`) VALUES (1, 29, 1, 1);
INSERT INTO `menu` (`branch_id`, `dish_id`, `is_ship`, `is_serve`) VALUES (1, 30, 1, 1);
INSERT INTO `menu` (`branch_id`, `dish_id`, `is_ship`, `is_serve`) VALUES (1, 31, 0, 1);
INSERT INTO `menu` (`branch_id`, `dish_id`, `is_ship`, `is_serve`) VALUES (1, 32, 1, 1);
INSERT INTO `menu` (`branch_id`, `dish_id`, `is_ship`, `is_serve`) VALUES (1, 33, 0, 1);
INSERT INTO `menu` (`branch_id`, `dish_id`, `is_ship`, `is_serve`) VALUES (1, 34, 1, 1);
INSERT INTO `menu` (`branch_id`, `dish_id`, `is_ship`, `is_serve`) VALUES (1, 35, 1, 1);
INSERT INTO `menu` (`branch_id`, `dish_id`, `is_ship`, `is_serve`) VALUES (1, 36, 0, 1);
INSERT INTO `menu` (`branch_id`, `dish_id`, `is_ship`, `is_serve`) VALUES (1, 37, 0, 1);
INSERT INTO `menu` (`branch_id`, `dish_id`, `is_ship`, `is_serve`) VALUES (1, 38, 1, 1);
INSERT INTO `menu` (`branch_id`, `dish_id`, `is_ship`, `is_serve`) VALUES (1, 39, 0, 1);
INSERT INTO `menu` (`branch_id`, `dish_id`, `is_ship`, `is_serve`) VALUES (1, 40, 1, 1);
INSERT INTO `menu` (`branch_id`, `dish_id`, `is_ship`, `is_serve`) VALUES (1, 41, 1, 1);
INSERT INTO `menu` (`branch_id`, `dish_id`, `is_ship`, `is_serve`) VALUES (1, 42, 1, 1);
INSERT INTO `menu` (`branch_id`, `dish_id`, `is_ship`, `is_serve`) VALUES (1, 43, 0, 1);
INSERT INTO `menu` (`branch_id`, `dish_id`, `is_ship`, `is_serve`) VALUES (1, 44, 0, 1);
INSERT INTO `menu` (`branch_id`, `dish_id`, `is_ship`, `is_serve`) VALUES (1, 45, 0, 1);
INSERT INTO `menu` (`branch_id`, `dish_id`, `is_ship`, `is_serve`) VALUES (1, 46, 0, 1);
INSERT INTO `menu` (`branch_id`, `dish_id`, `is_ship`, `is_serve`) VALUES (2, 1, 1, 1);
INSERT INTO `menu` (`branch_id`, `dish_id`, `is_ship`, `is_serve`) VALUES (2, 2, 0, 1);
INSERT INTO `menu` (`branch_id`, `dish_id`, `is_ship`, `is_serve`) VALUES (2, 3, 0, 1);
INSERT INTO `menu` (`branch_id`, `dish_id`, `is_ship`, `is_serve`) VALUES (2, 4, 1, 1);
INSERT INTO `menu` (`branch_id`, `dish_id`, `is_ship`, `is_serve`) VALUES (2, 5, 1, 1);
INSERT INTO `menu` (`branch_id`, `dish_id`, `is_ship`, `is_serve`) VALUES (2, 6, 0, 1);
INSERT INTO `menu` (`branch_id`, `dish_id`, `is_ship`, `is_serve`) VALUES (2, 7, 0, 1);
INSERT INTO `menu` (`branch_id`, `dish_id`, `is_ship`, `is_serve`) VALUES (2, 8, 1, 1);
INSERT INTO `menu` (`branch_id`, `dish_id`, `is_ship`, `is_serve`) VALUES (2, 9, 1, 1);
INSERT INTO `menu` (`branch_id`, `dish_id`, `is_ship`, `is_serve`) VALUES (2, 10, 1, 1);
INSERT INTO `menu` (`branch_id`, `dish_id`, `is_ship`, `is_serve`) VALUES (2, 11, 0, 1);
INSERT INTO `menu` (`branch_id`, `dish_id`, `is_ship`, `is_serve`) VALUES (2, 12, 0, 1);
INSERT INTO `menu` (`branch_id`, `dish_id`, `is_ship`, `is_serve`) VALUES (2, 13, 0, 1);
INSERT INTO `menu` (`branch_id`, `dish_id`, `is_ship`, `is_serve`) VALUES (2, 14, 0, 1);
INSERT INTO `menu` (`branch_id`, `dish_id`, `is_ship`, `is_serve`) VALUES (2, 15, 1, 1);
INSERT INTO `menu` (`branch_id`, `dish_id`, `is_ship`, `is_serve`) VALUES (2, 16, 0, 1);
INSERT INTO `menu` (`branch_id`, `dish_id`, `is_ship`, `is_serve`) VALUES (2, 17, 0, 1);
INSERT INTO `menu` (`branch_id`, `dish_id`, `is_ship`, `is_serve`) VALUES (2, 18, 1, 1);
INSERT INTO `menu` (`branch_id`, `dish_id`, `is_ship`, `is_serve`) VALUES (2, 19, 1, 1);
INSERT INTO `menu` (`branch_id`, `dish_id`, `is_ship`, `is_serve`) VALUES (2, 20, 1, 1);
INSERT INTO `menu` (`branch_id`, `dish_id`, `is_ship`, `is_serve`) VALUES (2, 21, 0, 1);
INSERT INTO `menu` (`branch_id`, `dish_id`, `is_ship`, `is_serve`) VALUES (2, 22, 0, 1);
INSERT INTO `menu` (`branch_id`, `dish_id`, `is_ship`, `is_serve`) VALUES (2, 23, 1, 1);
INSERT INTO `menu` (`branch_id`, `dish_id`, `is_ship`, `is_serve`) VALUES (2, 24, 1, 1);
INSERT INTO `menu` (`branch_id`, `dish_id`, `is_ship`, `is_serve`) VALUES (2, 25, 0, 1);
INSERT INTO `menu` (`branch_id`, `dish_id`, `is_ship`, `is_serve`) VALUES (2, 26, 1, 1);
INSERT INTO `menu` (`branch_id`, `dish_id`, `is_ship`, `is_serve`) VALUES (2, 27, 0, 1);
INSERT INTO `menu` (`branch_id`, `dish_id`, `is_ship`, `is_serve`) VALUES (2, 28, 1, 1);
INSERT INTO `menu` (`branch_id`, `dish_id`, `is_ship`, `is_serve`) VALUES (2, 29, 0, 1);
INSERT INTO `menu` (`branch_id`, `dish_id`, `is_ship`, `is_serve`) VALUES (2, 30, 1, 1);
INSERT INTO `menu` (`branch_id`, `dish_id`, `is_ship`, `is_serve`) VALUES (2, 31, 1, 1);
INSERT INTO `menu` (`branch_id`, `dish_id`, `is_ship`, `is_serve`) VALUES (2, 32, 0, 1);
INSERT INTO `menu` (`branch_id`, `dish_id`, `is_ship`, `is_serve`) VALUES (2, 33, 0, 1);
INSERT INTO `menu` (`branch_id`, `dish_id`, `is_ship`, `is_serve`) VALUES (2, 34, 0, 1);
INSERT INTO `menu` (`branch_id`, `dish_id`, `is_ship`, `is_serve`) VALUES (2, 35, 1, 1);
INSERT INTO `menu` (`branch_id`, `dish_id`, `is_ship`, `is_serve`) VALUES (2, 36, 0, 1);
INSERT INTO `menu` (`branch_id`, `dish_id`, `is_ship`, `is_serve`) VALUES (2, 37, 0, 1);
INSERT INTO `menu` (`branch_id`, `dish_id`, `is_ship`, `is_serve`) VALUES (2, 38, 1, 1);
INSERT INTO `menu` (`branch_id`, `dish_id`, `is_ship`, `is_serve`) VALUES (2, 39, 1, 1);
INSERT INTO `menu` (`branch_id`, `dish_id`, `is_ship`, `is_serve`) VALUES (2, 40, 0, 1);
INSERT INTO `menu` (`branch_id`, `dish_id`, `is_ship`, `is_serve`) VALUES (2, 41, 0, 1);
INSERT INTO `menu` (`branch_id`, `dish_id`, `is_ship`, `is_serve`) VALUES (2, 42, 1, 1);
INSERT INTO `menu` (`branch_id`, `dish_id`, `is_ship`, `is_serve`) VALUES (2, 43, 0, 1);
INSERT INTO `menu` (`branch_id`, `dish_id`, `is_ship`, `is_serve`) VALUES (2, 44, 0, 1);
INSERT INTO `menu` (`branch_id`, `dish_id`, `is_ship`, `is_serve`) VALUES (2, 45, 0, 1);
INSERT INTO `menu` (`branch_id`, `dish_id`, `is_ship`, `is_serve`) VALUES (2, 46, 0, 1);
INSERT INTO `menu` (`branch_id`, `dish_id`, `is_ship`, `is_serve`) VALUES (3, 1, 1, 1);
INSERT INTO `menu` (`branch_id`, `dish_id`, `is_ship`, `is_serve`) VALUES (3, 2, 0, 1);
INSERT INTO `menu` (`branch_id`, `dish_id`, `is_ship`, `is_serve`) VALUES (3, 3, 1, 1);
INSERT INTO `menu` (`branch_id`, `dish_id`, `is_ship`, `is_serve`) VALUES (3, 4, 0, 1);
INSERT INTO `menu` (`branch_id`, `dish_id`, `is_ship`, `is_serve`) VALUES (3, 5, 1, 1);
INSERT INTO `menu` (`branch_id`, `dish_id`, `is_ship`, `is_serve`) VALUES (3, 6, 0, 1);
INSERT INTO `menu` (`branch_id`, `dish_id`, `is_ship`, `is_serve`) VALUES (3, 7, 1, 1);
INSERT INTO `menu` (`branch_id`, `dish_id`, `is_ship`, `is_serve`) VALUES (3, 8, 0, 1);
INSERT INTO `menu` (`branch_id`, `dish_id`, `is_ship`, `is_serve`) VALUES (3, 9, 0, 1);
INSERT INTO `menu` (`branch_id`, `dish_id`, `is_ship`, `is_serve`) VALUES (3, 10, 1, 1);
INSERT INTO `menu` (`branch_id`, `dish_id`, `is_ship`, `is_serve`) VALUES (3, 11, 1, 1);
INSERT INTO `menu` (`branch_id`, `dish_id`, `is_ship`, `is_serve`) VALUES (3, 12, 0, 1);
INSERT INTO `menu` (`branch_id`, `dish_id`, `is_ship`, `is_serve`) VALUES (3, 13, 0, 1);
INSERT INTO `menu` (`branch_id`, `dish_id`, `is_ship`, `is_serve`) VALUES (3, 14, 0, 1);
INSERT INTO `menu` (`branch_id`, `dish_id`, `is_ship`, `is_serve`) VALUES (3, 15, 0, 1);
INSERT INTO `menu` (`branch_id`, `dish_id`, `is_ship`, `is_serve`) VALUES (3, 16, 1, 1);
INSERT INTO `menu` (`branch_id`, `dish_id`, `is_ship`, `is_serve`) VALUES (3, 17, 0, 1);
INSERT INTO `menu` (`branch_id`, `dish_id`, `is_ship`, `is_serve`) VALUES (3, 18, 1, 1);
INSERT INTO `menu` (`branch_id`, `dish_id`, `is_ship`, `is_serve`) VALUES (3, 19, 0, 1);
INSERT INTO `menu` (`branch_id`, `dish_id`, `is_ship`, `is_serve`) VALUES (3, 20, 0, 1);
INSERT INTO `menu` (`branch_id`, `dish_id`, `is_ship`, `is_serve`) VALUES (3, 21, 1, 1);
INSERT INTO `menu` (`branch_id`, `dish_id`, `is_ship`, `is_serve`) VALUES (3, 22, 1, 1);
INSERT INTO `menu` (`branch_id`, `dish_id`, `is_ship`, `is_serve`) VALUES (3, 23, 1, 1);
INSERT INTO `menu` (`branch_id`, `dish_id`, `is_ship`, `is_serve`) VALUES (3, 24, 0, 1);
INSERT INTO `menu` (`branch_id`, `dish_id`, `is_ship`, `is_serve`) VALUES (3, 25, 1, 1);
INSERT INTO `menu` (`branch_id`, `dish_id`, `is_ship`, `is_serve`) VALUES (3, 26, 1, 1);
INSERT INTO `menu` (`branch_id`, `dish_id`, `is_ship`, `is_serve`) VALUES (3, 27, 0, 1);
INSERT INTO `menu` (`branch_id`, `dish_id`, `is_ship`, `is_serve`) VALUES (3, 28, 0, 1);
INSERT INTO `menu` (`branch_id`, `dish_id`, `is_ship`, `is_serve`) VALUES (3, 29, 0, 1);
INSERT INTO `menu` (`branch_id`, `dish_id`, `is_ship`, `is_serve`) VALUES (3, 30, 1, 1);
INSERT INTO `menu` (`branch_id`, `dish_id`, `is_ship`, `is_serve`) VALUES (3, 31, 0, 1);
INSERT INTO `menu` (`branch_id`, `dish_id`, `is_ship`, `is_serve`) VALUES (3, 32, 1, 1);
INSERT INTO `menu` (`branch_id`, `dish_id`, `is_ship`, `is_serve`) VALUES (3, 33, 1, 1);
INSERT INTO `menu` (`branch_id`, `dish_id`, `is_ship`, `is_serve`) VALUES (3, 34, 1, 1);
INSERT INTO `menu` (`branch_id`, `dish_id`, `is_ship`, `is_serve`) VALUES (3, 35, 1, 1);
INSERT INTO `menu` (`branch_id`, `dish_id`, `is_ship`, `is_serve`) VALUES (3, 36, 0, 1);
INSERT INTO `menu` (`branch_id`, `dish_id`, `is_ship`, `is_serve`) VALUES (3, 37, 0, 1);
INSERT INTO `menu` (`branch_id`, `dish_id`, `is_ship`, `is_serve`) VALUES (3, 38, 1, 1);
INSERT INTO `menu` (`branch_id`, `dish_id`, `is_ship`, `is_serve`) VALUES (3, 39, 1, 1);
INSERT INTO `menu` (`branch_id`, `dish_id`, `is_ship`, `is_serve`) VALUES (3, 40, 0, 1);
INSERT INTO `menu` (`branch_id`, `dish_id`, `is_ship`, `is_serve`) VALUES (3, 41, 1, 1);
INSERT INTO `menu` (`branch_id`, `dish_id`, `is_ship`, `is_serve`) VALUES (3, 42, 0, 1);
INSERT INTO `menu` (`branch_id`, `dish_id`, `is_ship`, `is_serve`) VALUES (3, 43, 1, 1);
INSERT INTO `menu` (`branch_id`, `dish_id`, `is_ship`, `is_serve`) VALUES (3, 44, 1, 1);
INSERT INTO `menu` (`branch_id`, `dish_id`, `is_ship`, `is_serve`) VALUES (3, 45, 0, 1);
INSERT INTO `menu` (`branch_id`, `dish_id`, `is_ship`, `is_serve`) VALUES (3, 46, 0, 1);
INSERT INTO `menu` (`branch_id`, `dish_id`, `is_ship`, `is_serve`) VALUES (4, 1, 1, 1);
INSERT INTO `menu` (`branch_id`, `dish_id`, `is_ship`, `is_serve`) VALUES (4, 2, 1, 1);
INSERT INTO `menu` (`branch_id`, `dish_id`, `is_ship`, `is_serve`) VALUES (4, 3, 0, 1);
INSERT INTO `menu` (`branch_id`, `dish_id`, `is_ship`, `is_serve`) VALUES (4, 4, 1, 1);
INSERT INTO `menu` (`branch_id`, `dish_id`, `is_ship`, `is_serve`) VALUES (4, 5, 0, 1);
INSERT INTO `menu` (`branch_id`, `dish_id`, `is_ship`, `is_serve`) VALUES (4, 6, 0, 1);
INSERT INTO `menu` (`branch_id`, `dish_id`, `is_ship`, `is_serve`) VALUES (4, 7, 1, 1);
INSERT INTO `menu` (`branch_id`, `dish_id`, `is_ship`, `is_serve`) VALUES (4, 8, 1, 1);
INSERT INTO `menu` (`branch_id`, `dish_id`, `is_ship`, `is_serve`) VALUES (4, 9, 1, 1);
INSERT INTO `menu` (`branch_id`, `dish_id`, `is_ship`, `is_serve`) VALUES (4, 10, 1, 1);
INSERT INTO `menu` (`branch_id`, `dish_id`, `is_ship`, `is_serve`) VALUES (4, 11, 0, 1);
INSERT INTO `menu` (`branch_id`, `dish_id`, `is_ship`, `is_serve`) VALUES (4, 12, 0, 1);
INSERT INTO `menu` (`branch_id`, `dish_id`, `is_ship`, `is_serve`) VALUES (4, 13, 1, 1);
INSERT INTO `menu` (`branch_id`, `dish_id`, `is_ship`, `is_serve`) VALUES (4, 14, 0, 1);
INSERT INTO `menu` (`branch_id`, `dish_id`, `is_ship`, `is_serve`) VALUES (4, 15, 0, 1);
INSERT INTO `menu` (`branch_id`, `dish_id`, `is_ship`, `is_serve`) VALUES (4, 16, 1, 1);
INSERT INTO `menu` (`branch_id`, `dish_id`, `is_ship`, `is_serve`) VALUES (4, 17, 0, 1);
INSERT INTO `menu` (`branch_id`, `dish_id`, `is_ship`, `is_serve`) VALUES (4, 18, 0, 1);
INSERT INTO `menu` (`branch_id`, `dish_id`, `is_ship`, `is_serve`) VALUES (4, 19, 0, 1);
INSERT INTO `menu` (`branch_id`, `dish_id`, `is_ship`, `is_serve`) VALUES (4, 20, 0, 1);
INSERT INTO `menu` (`branch_id`, `dish_id`, `is_ship`, `is_serve`) VALUES (4, 21, 1, 1);
INSERT INTO `menu` (`branch_id`, `dish_id`, `is_ship`, `is_serve`) VALUES (4, 22, 1, 1);
INSERT INTO `menu` (`branch_id`, `dish_id`, `is_ship`, `is_serve`) VALUES (4, 23, 1, 1);
INSERT INTO `menu` (`branch_id`, `dish_id`, `is_ship`, `is_serve`) VALUES (4, 24, 1, 1);
INSERT INTO `menu` (`branch_id`, `dish_id`, `is_ship`, `is_serve`) VALUES (4, 25, 1, 1);
INSERT INTO `menu` (`branch_id`, `dish_id`, `is_ship`, `is_serve`) VALUES (4, 26, 0, 1);
INSERT INTO `menu` (`branch_id`, `dish_id`, `is_ship`, `is_serve`) VALUES (4, 27, 0, 1);
INSERT INTO `menu` (`branch_id`, `dish_id`, `is_ship`, `is_serve`) VALUES (4, 28, 0, 1);
INSERT INTO `menu` (`branch_id`, `dish_id`, `is_ship`, `is_serve`) VALUES (4, 29, 1, 1);
INSERT INTO `menu` (`branch_id`, `dish_id`, `is_ship`, `is_serve`) VALUES (4, 30, 1, 1);
INSERT INTO `menu` (`branch_id`, `dish_id`, `is_ship`, `is_serve`) VALUES (4, 31, 0, 1);
INSERT INTO `menu` (`branch_id`, `dish_id`, `is_ship`, `is_serve`) VALUES (4, 32, 1, 1);
INSERT INTO `menu` (`branch_id`, `dish_id`, `is_ship`, `is_serve`) VALUES (4, 33, 0, 1);
INSERT INTO `menu` (`branch_id`, `dish_id`, `is_ship`, `is_serve`) VALUES (4, 34, 0, 1);
INSERT INTO `menu` (`branch_id`, `dish_id`, `is_ship`, `is_serve`) VALUES (4, 35, 0, 1);
INSERT INTO `menu` (`branch_id`, `dish_id`, `is_ship`, `is_serve`) VALUES (4, 36, 1, 1);
INSERT INTO `menu` (`branch_id`, `dish_id`, `is_ship`, `is_serve`) VALUES (4, 37, 0, 1);
INSERT INTO `menu` (`branch_id`, `dish_id`, `is_ship`, `is_serve`) VALUES (4, 38, 1, 1);
INSERT INTO `menu` (`branch_id`, `dish_id`, `is_ship`, `is_serve`) VALUES (4, 39, 1, 1);
INSERT INTO `menu` (`branch_id`, `dish_id`, `is_ship`, `is_serve`) VALUES (4, 40, 0, 1);
INSERT INTO `menu` (`branch_id`, `dish_id`, `is_ship`, `is_serve`) VALUES (4, 41, 1, 1);
INSERT INTO `menu` (`branch_id`, `dish_id`, `is_ship`, `is_serve`) VALUES (4, 42, 0, 1);
INSERT INTO `menu` (`branch_id`, `dish_id`, `is_ship`, `is_serve`) VALUES (4, 43, 1, 1);
INSERT INTO `menu` (`branch_id`, `dish_id`, `is_ship`, `is_serve`) VALUES (4, 44, 1, 1);
INSERT INTO `menu` (`branch_id`, `dish_id`, `is_ship`, `is_serve`) VALUES (4, 45, 0, 1);
INSERT INTO `menu` (`branch_id`, `dish_id`, `is_ship`, `is_serve`) VALUES (4, 46, 1, 1);
INSERT INTO `menu` (`branch_id`, `dish_id`, `is_ship`, `is_serve`) VALUES (5, 1, 1, 1);
INSERT INTO `menu` (`branch_id`, `dish_id`, `is_ship`, `is_serve`) VALUES (5, 2, 0, 1);
INSERT INTO `menu` (`branch_id`, `dish_id`, `is_ship`, `is_serve`) VALUES (5, 3, 1, 1);
INSERT INTO `menu` (`branch_id`, `dish_id`, `is_ship`, `is_serve`) VALUES (5, 4, 1, 1);
INSERT INTO `menu` (`branch_id`, `dish_id`, `is_ship`, `is_serve`) VALUES (5, 5, 1, 1);
INSERT INTO `menu` (`branch_id`, `dish_id`, `is_ship`, `is_serve`) VALUES (5, 6, 1, 1);
INSERT INTO `menu` (`branch_id`, `dish_id`, `is_ship`, `is_serve`) VALUES (5, 7, 1, 1);
INSERT INTO `menu` (`branch_id`, `dish_id`, `is_ship`, `is_serve`) VALUES (5, 8, 0, 1);
INSERT INTO `menu` (`branch_id`, `dish_id`, `is_ship`, `is_serve`) VALUES (5, 9, 0, 1);
INSERT INTO `menu` (`branch_id`, `dish_id`, `is_ship`, `is_serve`) VALUES (5, 10, 1, 1);
INSERT INTO `menu` (`branch_id`, `dish_id`, `is_ship`, `is_serve`) VALUES (5, 11, 0, 1);
INSERT INTO `menu` (`branch_id`, `dish_id`, `is_ship`, `is_serve`) VALUES (5, 12, 0, 1);
INSERT INTO `menu` (`branch_id`, `dish_id`, `is_ship`, `is_serve`) VALUES (5, 13, 1, 1);
INSERT INTO `menu` (`branch_id`, `dish_id`, `is_ship`, `is_serve`) VALUES (5, 14, 0, 1);
INSERT INTO `menu` (`branch_id`, `dish_id`, `is_ship`, `is_serve`) VALUES (5, 15, 1, 1);
INSERT INTO `menu` (`branch_id`, `dish_id`, `is_ship`, `is_serve`) VALUES (5, 16, 1, 1);
INSERT INTO `menu` (`branch_id`, `dish_id`, `is_ship`, `is_serve`) VALUES (5, 17, 1, 1);
INSERT INTO `menu` (`branch_id`, `dish_id`, `is_ship`, `is_serve`) VALUES (5, 18, 0, 1);
INSERT INTO `menu` (`branch_id`, `dish_id`, `is_ship`, `is_serve`) VALUES (5, 19, 1, 1);
INSERT INTO `menu` (`branch_id`, `dish_id`, `is_ship`, `is_serve`) VALUES (5, 20, 0, 1);
INSERT INTO `menu` (`branch_id`, `dish_id`, `is_ship`, `is_serve`) VALUES (5, 21, 0, 1);
INSERT INTO `menu` (`branch_id`, `dish_id`, `is_ship`, `is_serve`) VALUES (5, 22, 1, 1);
INSERT INTO `menu` (`branch_id`, `dish_id`, `is_ship`, `is_serve`) VALUES (5, 23, 1, 1);
INSERT INTO `menu` (`branch_id`, `dish_id`, `is_ship`, `is_serve`) VALUES (5, 24, 1, 1);
INSERT INTO `menu` (`branch_id`, `dish_id`, `is_ship`, `is_serve`) VALUES (5, 25, 0, 1);
INSERT INTO `menu` (`branch_id`, `dish_id`, `is_ship`, `is_serve`) VALUES (5, 26, 1, 1);
INSERT INTO `menu` (`branch_id`, `dish_id`, `is_ship`, `is_serve`) VALUES (5, 27, 0, 1);
INSERT INTO `menu` (`branch_id`, `dish_id`, `is_ship`, `is_serve`) VALUES (5, 28, 1, 1);
INSERT INTO `menu` (`branch_id`, `dish_id`, `is_ship`, `is_serve`) VALUES (5, 29, 1, 1);
INSERT INTO `menu` (`branch_id`, `dish_id`, `is_ship`, `is_serve`) VALUES (5, 30, 0, 1);
INSERT INTO `menu` (`branch_id`, `dish_id`, `is_ship`, `is_serve`) VALUES (5, 31, 0, 1);
INSERT INTO `menu` (`branch_id`, `dish_id`, `is_ship`, `is_serve`) VALUES (5, 32, 0, 1);
INSERT INTO `menu` (`branch_id`, `dish_id`, `is_ship`, `is_serve`) VALUES (5, 33, 0, 1);
INSERT INTO `menu` (`branch_id`, `dish_id`, `is_ship`, `is_serve`) VALUES (5, 34, 0, 1);
INSERT INTO `menu` (`branch_id`, `dish_id`, `is_ship`, `is_serve`) VALUES (5, 35, 1, 1);
INSERT INTO `menu` (`branch_id`, `dish_id`, `is_ship`, `is_serve`) VALUES (5, 36, 1, 1);
INSERT INTO `menu` (`branch_id`, `dish_id`, `is_ship`, `is_serve`) VALUES (5, 37, 1, 1);
INSERT INTO `menu` (`branch_id`, `dish_id`, `is_ship`, `is_serve`) VALUES (5, 38, 1, 1);
INSERT INTO `menu` (`branch_id`, `dish_id`, `is_ship`, `is_serve`) VALUES (5, 39, 1, 1);
INSERT INTO `menu` (`branch_id`, `dish_id`, `is_ship`, `is_serve`) VALUES (5, 40, 0, 1);
INSERT INTO `menu` (`branch_id`, `dish_id`, `is_ship`, `is_serve`) VALUES (5, 41, 1, 1);
INSERT INTO `menu` (`branch_id`, `dish_id`, `is_ship`, `is_serve`) VALUES (5, 42, 1, 1);
INSERT INTO `menu` (`branch_id`, `dish_id`, `is_ship`, `is_serve`) VALUES (5, 43, 1, 1);
INSERT INTO `menu` (`branch_id`, `dish_id`, `is_ship`, `is_serve`) VALUES (5, 44, 0, 1);
INSERT INTO `menu` (`branch_id`, `dish_id`, `is_ship`, `is_serve`) VALUES (5, 45, 1, 1);
INSERT INTO `menu` (`branch_id`, `dish_id`, `is_ship`, `is_serve`) VALUES (5, 46, 1, 1);
INSERT INTO `menu` (`branch_id`, `dish_id`, `is_ship`, `is_serve`) VALUES (6, 1, 1, 1);
INSERT INTO `menu` (`branch_id`, `dish_id`, `is_ship`, `is_serve`) VALUES (6, 2, 0, 1);
INSERT INTO `menu` (`branch_id`, `dish_id`, `is_ship`, `is_serve`) VALUES (6, 3, 1, 1);
INSERT INTO `menu` (`branch_id`, `dish_id`, `is_ship`, `is_serve`) VALUES (6, 4, 1, 1);
INSERT INTO `menu` (`branch_id`, `dish_id`, `is_ship`, `is_serve`) VALUES (6, 5, 0, 1);
INSERT INTO `menu` (`branch_id`, `dish_id`, `is_ship`, `is_serve`) VALUES (6, 6, 1, 1);
INSERT INTO `menu` (`branch_id`, `dish_id`, `is_ship`, `is_serve`) VALUES (6, 7, 0, 1);
INSERT INTO `menu` (`branch_id`, `dish_id`, `is_ship`, `is_serve`) VALUES (6, 8, 1, 1);
INSERT INTO `menu` (`branch_id`, `dish_id`, `is_ship`, `is_serve`) VALUES (6, 9, 0, 1);
INSERT INTO `menu` (`branch_id`, `dish_id`, `is_ship`, `is_serve`) VALUES (6, 10, 1, 1);
INSERT INTO `menu` (`branch_id`, `dish_id`, `is_ship`, `is_serve`) VALUES (6, 11, 0, 1);
INSERT INTO `menu` (`branch_id`, `dish_id`, `is_ship`, `is_serve`) VALUES (6, 12, 0, 1);
INSERT INTO `menu` (`branch_id`, `dish_id`, `is_ship`, `is_serve`) VALUES (6, 13, 0, 1);
INSERT INTO `menu` (`branch_id`, `dish_id`, `is_ship`, `is_serve`) VALUES (6, 14, 0, 1);
INSERT INTO `menu` (`branch_id`, `dish_id`, `is_ship`, `is_serve`) VALUES (6, 15, 0, 1);
INSERT INTO `menu` (`branch_id`, `dish_id`, `is_ship`, `is_serve`) VALUES (6, 16, 1, 1);
INSERT INTO `menu` (`branch_id`, `dish_id`, `is_ship`, `is_serve`) VALUES (6, 17, 0, 1);
INSERT INTO `menu` (`branch_id`, `dish_id`, `is_ship`, `is_serve`) VALUES (6, 18, 0, 1);
INSERT INTO `menu` (`branch_id`, `dish_id`, `is_ship`, `is_serve`) VALUES (6, 19, 0, 1);
INSERT INTO `menu` (`branch_id`, `dish_id`, `is_ship`, `is_serve`) VALUES (6, 20, 1, 1);
INSERT INTO `menu` (`branch_id`, `dish_id`, `is_ship`, `is_serve`) VALUES (6, 21, 0, 1);
INSERT INTO `menu` (`branch_id`, `dish_id`, `is_ship`, `is_serve`) VALUES (6, 22, 1, 1);
INSERT INTO `menu` (`branch_id`, `dish_id`, `is_ship`, `is_serve`) VALUES (6, 23, 1, 1);
INSERT INTO `menu` (`branch_id`, `dish_id`, `is_ship`, `is_serve`) VALUES (6, 24, 0, 1);
INSERT INTO `menu` (`branch_id`, `dish_id`, `is_ship`, `is_serve`) VALUES (6, 25, 1, 1);
INSERT INTO `menu` (`branch_id`, `dish_id`, `is_ship`, `is_serve`) VALUES (6, 26, 1, 1);
INSERT INTO `menu` (`branch_id`, `dish_id`, `is_ship`, `is_serve`) VALUES (6, 27, 1, 1);
INSERT INTO `menu` (`branch_id`, `dish_id`, `is_ship`, `is_serve`) VALUES (6, 28, 1, 1);
INSERT INTO `menu` (`branch_id`, `dish_id`, `is_ship`, `is_serve`) VALUES (6, 29, 0, 1);
INSERT INTO `menu` (`branch_id`, `dish_id`, `is_ship`, `is_serve`) VALUES (6, 30, 1, 1);
INSERT INTO `menu` (`branch_id`, `dish_id`, `is_ship`, `is_serve`) VALUES (6, 31, 1, 1);
INSERT INTO `menu` (`branch_id`, `dish_id`, `is_ship`, `is_serve`) VALUES (6, 32, 0, 1);
INSERT INTO `menu` (`branch_id`, `dish_id`, `is_ship`, `is_serve`) VALUES (6, 33, 0, 1);
INSERT INTO `menu` (`branch_id`, `dish_id`, `is_ship`, `is_serve`) VALUES (6, 34, 0, 1);
INSERT INTO `menu` (`branch_id`, `dish_id`, `is_ship`, `is_serve`) VALUES (6, 35, 0, 1);
INSERT INTO `menu` (`branch_id`, `dish_id`, `is_ship`, `is_serve`) VALUES (6, 36, 1, 1);
INSERT INTO `menu` (`branch_id`, `dish_id`, `is_ship`, `is_serve`) VALUES (6, 37, 1, 1);
INSERT INTO `menu` (`branch_id`, `dish_id`, `is_ship`, `is_serve`) VALUES (6, 38, 0, 1);
INSERT INTO `menu` (`branch_id`, `dish_id`, `is_ship`, `is_serve`) VALUES (6, 39, 0, 1);
INSERT INTO `menu` (`branch_id`, `dish_id`, `is_ship`, `is_serve`) VALUES (6, 40, 0, 1);
INSERT INTO `menu` (`branch_id`, `dish_id`, `is_ship`, `is_serve`) VALUES (6, 41, 0, 1);
INSERT INTO `menu` (`branch_id`, `dish_id`, `is_ship`, `is_serve`) VALUES (6, 42, 0, 1);
INSERT INTO `menu` (`branch_id`, `dish_id`, `is_ship`, `is_serve`) VALUES (6, 43, 0, 1);
INSERT INTO `menu` (`branch_id`, `dish_id`, `is_ship`, `is_serve`) VALUES (6, 44, 0, 1);
INSERT INTO `menu` (`branch_id`, `dish_id`, `is_ship`, `is_serve`) VALUES (6, 45, 1, 1);
INSERT INTO `menu` (`branch_id`, `dish_id`, `is_ship`, `is_serve`) VALUES (6, 46, 0, 1);
INSERT INTO `menu` (`branch_id`, `dish_id`, `is_ship`, `is_serve`) VALUES (7, 1, 1, 1);
INSERT INTO `menu` (`branch_id`, `dish_id`, `is_ship`, `is_serve`) VALUES (7, 2, 1, 1);
INSERT INTO `menu` (`branch_id`, `dish_id`, `is_ship`, `is_serve`) VALUES (7, 3, 0, 1);
INSERT INTO `menu` (`branch_id`, `dish_id`, `is_ship`, `is_serve`) VALUES (7, 4, 1, 1);
INSERT INTO `menu` (`branch_id`, `dish_id`, `is_ship`, `is_serve`) VALUES (7, 5, 1, 1);
INSERT INTO `menu` (`branch_id`, `dish_id`, `is_ship`, `is_serve`) VALUES (7, 6, 0, 1);
INSERT INTO `menu` (`branch_id`, `dish_id`, `is_ship`, `is_serve`) VALUES (7, 7, 1, 1);
INSERT INTO `menu` (`branch_id`, `dish_id`, `is_ship`, `is_serve`) VALUES (7, 8, 0, 1);
INSERT INTO `menu` (`branch_id`, `dish_id`, `is_ship`, `is_serve`) VALUES (7, 9, 1, 1);
INSERT INTO `menu` (`branch_id`, `dish_id`, `is_ship`, `is_serve`) VALUES (7, 10, 0, 1);
INSERT INTO `menu` (`branch_id`, `dish_id`, `is_ship`, `is_serve`) VALUES (7, 11, 1, 1);
INSERT INTO `menu` (`branch_id`, `dish_id`, `is_ship`, `is_serve`) VALUES (7, 12, 1, 1);
INSERT INTO `menu` (`branch_id`, `dish_id`, `is_ship`, `is_serve`) VALUES (7, 13, 0, 1);
INSERT INTO `menu` (`branch_id`, `dish_id`, `is_ship`, `is_serve`) VALUES (7, 14, 0, 1);
INSERT INTO `menu` (`branch_id`, `dish_id`, `is_ship`, `is_serve`) VALUES (7, 15, 0, 1);
INSERT INTO `menu` (`branch_id`, `dish_id`, `is_ship`, `is_serve`) VALUES (7, 16, 0, 1);
INSERT INTO `menu` (`branch_id`, `dish_id`, `is_ship`, `is_serve`) VALUES (7, 17, 0, 1);
INSERT INTO `menu` (`branch_id`, `dish_id`, `is_ship`, `is_serve`) VALUES (7, 18, 0, 1);
INSERT INTO `menu` (`branch_id`, `dish_id`, `is_ship`, `is_serve`) VALUES (7, 19, 0, 1);
INSERT INTO `menu` (`branch_id`, `dish_id`, `is_ship`, `is_serve`) VALUES (7, 20, 1, 1);
INSERT INTO `menu` (`branch_id`, `dish_id`, `is_ship`, `is_serve`) VALUES (7, 21, 1, 1);
INSERT INTO `menu` (`branch_id`, `dish_id`, `is_ship`, `is_serve`) VALUES (7, 22, 1, 1);
INSERT INTO `menu` (`branch_id`, `dish_id`, `is_ship`, `is_serve`) VALUES (7, 23, 1, 1);
INSERT INTO `menu` (`branch_id`, `dish_id`, `is_ship`, `is_serve`) VALUES (7, 24, 0, 1);
INSERT INTO `menu` (`branch_id`, `dish_id`, `is_ship`, `is_serve`) VALUES (7, 25, 0, 1);
INSERT INTO `menu` (`branch_id`, `dish_id`, `is_ship`, `is_serve`) VALUES (7, 26, 1, 1);
INSERT INTO `menu` (`branch_id`, `dish_id`, `is_ship`, `is_serve`) VALUES (7, 27, 1, 1);
INSERT INTO `menu` (`branch_id`, `dish_id`, `is_ship`, `is_serve`) VALUES (7, 28, 1, 1);
INSERT INTO `menu` (`branch_id`, `dish_id`, `is_ship`, `is_serve`) VALUES (7, 29, 0, 1);
INSERT INTO `menu` (`branch_id`, `dish_id`, `is_ship`, `is_serve`) VALUES (7, 30, 1, 1);
INSERT INTO `menu` (`branch_id`, `dish_id`, `is_ship`, `is_serve`) VALUES (7, 31, 0, 1);
INSERT INTO `menu` (`branch_id`, `dish_id`, `is_ship`, `is_serve`) VALUES (7, 32, 1, 1);
INSERT INTO `menu` (`branch_id`, `dish_id`, `is_ship`, `is_serve`) VALUES (7, 33, 0, 1);
INSERT INTO `menu` (`branch_id`, `dish_id`, `is_ship`, `is_serve`) VALUES (7, 34, 1, 1);
INSERT INTO `menu` (`branch_id`, `dish_id`, `is_ship`, `is_serve`) VALUES (7, 35, 1, 1);
INSERT INTO `menu` (`branch_id`, `dish_id`, `is_ship`, `is_serve`) VALUES (7, 36, 1, 1);
INSERT INTO `menu` (`branch_id`, `dish_id`, `is_ship`, `is_serve`) VALUES (7, 37, 1, 1);
INSERT INTO `menu` (`branch_id`, `dish_id`, `is_ship`, `is_serve`) VALUES (7, 38, 0, 1);
INSERT INTO `menu` (`branch_id`, `dish_id`, `is_ship`, `is_serve`) VALUES (7, 39, 0, 1);
INSERT INTO `menu` (`branch_id`, `dish_id`, `is_ship`, `is_serve`) VALUES (7, 40, 1, 1);
INSERT INTO `menu` (`branch_id`, `dish_id`, `is_ship`, `is_serve`) VALUES (7, 41, 1, 1);
INSERT INTO `menu` (`branch_id`, `dish_id`, `is_ship`, `is_serve`) VALUES (7, 42, 0, 1);
INSERT INTO `menu` (`branch_id`, `dish_id`, `is_ship`, `is_serve`) VALUES (7, 43, 0, 1);
INSERT INTO `menu` (`branch_id`, `dish_id`, `is_ship`, `is_serve`) VALUES (7, 44, 0, 1);
INSERT INTO `menu` (`branch_id`, `dish_id`, `is_ship`, `is_serve`) VALUES (7, 45, 1, 1);
INSERT INTO `menu` (`branch_id`, `dish_id`, `is_ship`, `is_serve`) VALUES (7, 46, 1, 1);
INSERT INTO `menu` (`branch_id`, `dish_id`, `is_ship`, `is_serve`) VALUES (8, 1, 0, 1);
INSERT INTO `menu` (`branch_id`, `dish_id`, `is_ship`, `is_serve`) VALUES (8, 2, 0, 1);
INSERT INTO `menu` (`branch_id`, `dish_id`, `is_ship`, `is_serve`) VALUES (8, 3, 1, 1);
INSERT INTO `menu` (`branch_id`, `dish_id`, `is_ship`, `is_serve`) VALUES (8, 4, 1, 1);
INSERT INTO `menu` (`branch_id`, `dish_id`, `is_ship`, `is_serve`) VALUES (8, 5, 0, 1);
INSERT INTO `menu` (`branch_id`, `dish_id`, `is_ship`, `is_serve`) VALUES (8, 6, 0, 1);
INSERT INTO `menu` (`branch_id`, `dish_id`, `is_ship`, `is_serve`) VALUES (8, 7, 0, 1);
INSERT INTO `menu` (`branch_id`, `dish_id`, `is_ship`, `is_serve`) VALUES (8, 8, 1, 1);
INSERT INTO `menu` (`branch_id`, `dish_id`, `is_ship`, `is_serve`) VALUES (8, 9, 0, 1);
INSERT INTO `menu` (`branch_id`, `dish_id`, `is_ship`, `is_serve`) VALUES (8, 10, 0, 1);
INSERT INTO `menu` (`branch_id`, `dish_id`, `is_ship`, `is_serve`) VALUES (8, 11, 1, 1);
INSERT INTO `menu` (`branch_id`, `dish_id`, `is_ship`, `is_serve`) VALUES (8, 12, 1, 1);
INSERT INTO `menu` (`branch_id`, `dish_id`, `is_ship`, `is_serve`) VALUES (8, 13, 1, 1);
INSERT INTO `menu` (`branch_id`, `dish_id`, `is_ship`, `is_serve`) VALUES (8, 14, 1, 1);
INSERT INTO `menu` (`branch_id`, `dish_id`, `is_ship`, `is_serve`) VALUES (8, 15, 0, 1);
INSERT INTO `menu` (`branch_id`, `dish_id`, `is_ship`, `is_serve`) VALUES (8, 16, 0, 1);
INSERT INTO `menu` (`branch_id`, `dish_id`, `is_ship`, `is_serve`) VALUES (8, 17, 1, 1);
INSERT INTO `menu` (`branch_id`, `dish_id`, `is_ship`, `is_serve`) VALUES (8, 18, 1, 1);
INSERT INTO `menu` (`branch_id`, `dish_id`, `is_ship`, `is_serve`) VALUES (8, 19, 1, 1);
INSERT INTO `menu` (`branch_id`, `dish_id`, `is_ship`, `is_serve`) VALUES (8, 20, 0, 1);
INSERT INTO `menu` (`branch_id`, `dish_id`, `is_ship`, `is_serve`) VALUES (8, 21, 1, 1);
INSERT INTO `menu` (`branch_id`, `dish_id`, `is_ship`, `is_serve`) VALUES (8, 22, 0, 1);
INSERT INTO `menu` (`branch_id`, `dish_id`, `is_ship`, `is_serve`) VALUES (8, 23, 1, 1);
INSERT INTO `menu` (`branch_id`, `dish_id`, `is_ship`, `is_serve`) VALUES (8, 24, 0, 1);
INSERT INTO `menu` (`branch_id`, `dish_id`, `is_ship`, `is_serve`) VALUES (8, 25, 0, 1);
INSERT INTO `menu` (`branch_id`, `dish_id`, `is_ship`, `is_serve`) VALUES (8, 26, 1, 1);
INSERT INTO `menu` (`branch_id`, `dish_id`, `is_ship`, `is_serve`) VALUES (8, 27, 0, 1);
INSERT INTO `menu` (`branch_id`, `dish_id`, `is_ship`, `is_serve`) VALUES (8, 28, 0, 1);
INSERT INTO `menu` (`branch_id`, `dish_id`, `is_ship`, `is_serve`) VALUES (8, 29, 0, 1);
INSERT INTO `menu` (`branch_id`, `dish_id`, `is_ship`, `is_serve`) VALUES (8, 30, 0, 1);
INSERT INTO `menu` (`branch_id`, `dish_id`, `is_ship`, `is_serve`) VALUES (8, 31, 0, 1);
INSERT INTO `menu` (`branch_id`, `dish_id`, `is_ship`, `is_serve`) VALUES (8, 32, 0, 1);
INSERT INTO `menu` (`branch_id`, `dish_id`, `is_ship`, `is_serve`) VALUES (8, 33, 0, 1);
INSERT INTO `menu` (`branch_id`, `dish_id`, `is_ship`, `is_serve`) VALUES (8, 34, 1, 1);
INSERT INTO `menu` (`branch_id`, `dish_id`, `is_ship`, `is_serve`) VALUES (8, 35, 0, 1);
INSERT INTO `menu` (`branch_id`, `dish_id`, `is_ship`, `is_serve`) VALUES (8, 36, 0, 1);
INSERT INTO `menu` (`branch_id`, `dish_id`, `is_ship`, `is_serve`) VALUES (8, 37, 0, 1);
INSERT INTO `menu` (`branch_id`, `dish_id`, `is_ship`, `is_serve`) VALUES (8, 38, 1, 1);
INSERT INTO `menu` (`branch_id`, `dish_id`, `is_ship`, `is_serve`) VALUES (8, 39, 0, 1);
INSERT INTO `menu` (`branch_id`, `dish_id`, `is_ship`, `is_serve`) VALUES (8, 40, 0, 1);
INSERT INTO `menu` (`branch_id`, `dish_id`, `is_ship`, `is_serve`) VALUES (8, 41, 1, 1);
INSERT INTO `menu` (`branch_id`, `dish_id`, `is_ship`, `is_serve`) VALUES (8, 42, 1, 1);
INSERT INTO `menu` (`branch_id`, `dish_id`, `is_ship`, `is_serve`) VALUES (8, 43, 1, 1);
INSERT INTO `menu` (`branch_id`, `dish_id`, `is_ship`, `is_serve`) VALUES (8, 44, 1, 1);
INSERT INTO `menu` (`branch_id`, `dish_id`, `is_ship`, `is_serve`) VALUES (8, 45, 0, 1);
INSERT INTO `menu` (`branch_id`, `dish_id`, `is_ship`, `is_serve`) VALUES (8, 46, 0, 1);
INSERT INTO `menu` (`branch_id`, `dish_id`, `is_ship`, `is_serve`) VALUES (9, 1, 1, 1);
INSERT INTO `menu` (`branch_id`, `dish_id`, `is_ship`, `is_serve`) VALUES (9, 2, 1, 1);
INSERT INTO `menu` (`branch_id`, `dish_id`, `is_ship`, `is_serve`) VALUES (9, 3, 0, 1);
INSERT INTO `menu` (`branch_id`, `dish_id`, `is_ship`, `is_serve`) VALUES (9, 4, 0, 1);
INSERT INTO `menu` (`branch_id`, `dish_id`, `is_ship`, `is_serve`) VALUES (9, 5, 1, 1);
INSERT INTO `menu` (`branch_id`, `dish_id`, `is_ship`, `is_serve`) VALUES (9, 6, 1, 1);
INSERT INTO `menu` (`branch_id`, `dish_id`, `is_ship`, `is_serve`) VALUES (9, 7, 0, 1);
INSERT INTO `menu` (`branch_id`, `dish_id`, `is_ship`, `is_serve`) VALUES (9, 8, 0, 1);
INSERT INTO `menu` (`branch_id`, `dish_id`, `is_ship`, `is_serve`) VALUES (9, 9, 1, 1);
INSERT INTO `menu` (`branch_id`, `dish_id`, `is_ship`, `is_serve`) VALUES (9, 10, 0, 1);
INSERT INTO `menu` (`branch_id`, `dish_id`, `is_ship`, `is_serve`) VALUES (9, 11, 0, 1);
INSERT INTO `menu` (`branch_id`, `dish_id`, `is_ship`, `is_serve`) VALUES (9, 12, 0, 1);
INSERT INTO `menu` (`branch_id`, `dish_id`, `is_ship`, `is_serve`) VALUES (9, 13, 0, 1);
INSERT INTO `menu` (`branch_id`, `dish_id`, `is_ship`, `is_serve`) VALUES (9, 14, 1, 1);
INSERT INTO `menu` (`branch_id`, `dish_id`, `is_ship`, `is_serve`) VALUES (9, 15, 0, 1);
INSERT INTO `menu` (`branch_id`, `dish_id`, `is_ship`, `is_serve`) VALUES (9, 16, 0, 1);
INSERT INTO `menu` (`branch_id`, `dish_id`, `is_ship`, `is_serve`) VALUES (9, 17, 0, 1);
INSERT INTO `menu` (`branch_id`, `dish_id`, `is_ship`, `is_serve`) VALUES (9, 18, 1, 1);
INSERT INTO `menu` (`branch_id`, `dish_id`, `is_ship`, `is_serve`) VALUES (9, 19, 1, 1);
INSERT INTO `menu` (`branch_id`, `dish_id`, `is_ship`, `is_serve`) VALUES (9, 20, 0, 1);
INSERT INTO `menu` (`branch_id`, `dish_id`, `is_ship`, `is_serve`) VALUES (9, 21, 1, 1);
INSERT INTO `menu` (`branch_id`, `dish_id`, `is_ship`, `is_serve`) VALUES (9, 22, 1, 1);
INSERT INTO `menu` (`branch_id`, `dish_id`, `is_ship`, `is_serve`) VALUES (9, 23, 0, 1);
INSERT INTO `menu` (`branch_id`, `dish_id`, `is_ship`, `is_serve`) VALUES (9, 24, 1, 1);
INSERT INTO `menu` (`branch_id`, `dish_id`, `is_ship`, `is_serve`) VALUES (9, 25, 0, 1);
INSERT INTO `menu` (`branch_id`, `dish_id`, `is_ship`, `is_serve`) VALUES (9, 26, 0, 1);
INSERT INTO `menu` (`branch_id`, `dish_id`, `is_ship`, `is_serve`) VALUES (9, 27, 0, 1);
INSERT INTO `menu` (`branch_id`, `dish_id`, `is_ship`, `is_serve`) VALUES (9, 28, 1, 1);
INSERT INTO `menu` (`branch_id`, `dish_id`, `is_ship`, `is_serve`) VALUES (9, 29, 1, 1);
INSERT INTO `menu` (`branch_id`, `dish_id`, `is_ship`, `is_serve`) VALUES (9, 30, 1, 1);
INSERT INTO `menu` (`branch_id`, `dish_id`, `is_ship`, `is_serve`) VALUES (9, 31, 1, 1);
INSERT INTO `menu` (`branch_id`, `dish_id`, `is_ship`, `is_serve`) VALUES (9, 32, 0, 1);
INSERT INTO `menu` (`branch_id`, `dish_id`, `is_ship`, `is_serve`) VALUES (9, 33, 0, 1);
INSERT INTO `menu` (`branch_id`, `dish_id`, `is_ship`, `is_serve`) VALUES (9, 34, 0, 1);
INSERT INTO `menu` (`branch_id`, `dish_id`, `is_ship`, `is_serve`) VALUES (9, 35, 0, 1);
INSERT INTO `menu` (`branch_id`, `dish_id`, `is_ship`, `is_serve`) VALUES (9, 36, 0, 1);
INSERT INTO `menu` (`branch_id`, `dish_id`, `is_ship`, `is_serve`) VALUES (9, 37, 1, 1);
INSERT INTO `menu` (`branch_id`, `dish_id`, `is_ship`, `is_serve`) VALUES (9, 38, 1, 1);
INSERT INTO `menu` (`branch_id`, `dish_id`, `is_ship`, `is_serve`) VALUES (9, 39, 0, 1);
INSERT INTO `menu` (`branch_id`, `dish_id`, `is_ship`, `is_serve`) VALUES (9, 40, 1, 1);
INSERT INTO `menu` (`branch_id`, `dish_id`, `is_ship`, `is_serve`) VALUES (9, 41, 1, 1);
INSERT INTO `menu` (`branch_id`, `dish_id`, `is_ship`, `is_serve`) VALUES (9, 42, 0, 1);
INSERT INTO `menu` (`branch_id`, `dish_id`, `is_ship`, `is_serve`) VALUES (9, 43, 1, 1);
INSERT INTO `menu` (`branch_id`, `dish_id`, `is_ship`, `is_serve`) VALUES (9, 44, 0, 1);
INSERT INTO `menu` (`branch_id`, `dish_id`, `is_ship`, `is_serve`) VALUES (9, 45, 1, 1);
INSERT INTO `menu` (`branch_id`, `dish_id`, `is_ship`, `is_serve`) VALUES (9, 46, 0, 1);
INSERT INTO `menu` (`branch_id`, `dish_id`, `is_ship`, `is_serve`) VALUES (10, 1, 1, 1);
INSERT INTO `menu` (`branch_id`, `dish_id`, `is_ship`, `is_serve`) VALUES (10, 2, 0, 1);
INSERT INTO `menu` (`branch_id`, `dish_id`, `is_ship`, `is_serve`) VALUES (10, 3, 1, 1);
INSERT INTO `menu` (`branch_id`, `dish_id`, `is_ship`, `is_serve`) VALUES (10, 4, 0, 1);
INSERT INTO `menu` (`branch_id`, `dish_id`, `is_ship`, `is_serve`) VALUES (10, 5, 1, 1);
INSERT INTO `menu` (`branch_id`, `dish_id`, `is_ship`, `is_serve`) VALUES (10, 6, 1, 1);
INSERT INTO `menu` (`branch_id`, `dish_id`, `is_ship`, `is_serve`) VALUES (10, 7, 0, 1);
INSERT INTO `menu` (`branch_id`, `dish_id`, `is_ship`, `is_serve`) VALUES (10, 8, 0, 1);
INSERT INTO `menu` (`branch_id`, `dish_id`, `is_ship`, `is_serve`) VALUES (10, 9, 1, 1);
INSERT INTO `menu` (`branch_id`, `dish_id`, `is_ship`, `is_serve`) VALUES (10, 10, 0, 1);
INSERT INTO `menu` (`branch_id`, `dish_id`, `is_ship`, `is_serve`) VALUES (10, 11, 0, 1);
INSERT INTO `menu` (`branch_id`, `dish_id`, `is_ship`, `is_serve`) VALUES (10, 12, 0, 1);
INSERT INTO `menu` (`branch_id`, `dish_id`, `is_ship`, `is_serve`) VALUES (10, 13, 1, 1);
INSERT INTO `menu` (`branch_id`, `dish_id`, `is_ship`, `is_serve`) VALUES (10, 14, 0, 1);
INSERT INTO `menu` (`branch_id`, `dish_id`, `is_ship`, `is_serve`) VALUES (10, 15, 0, 1);
INSERT INTO `menu` (`branch_id`, `dish_id`, `is_ship`, `is_serve`) VALUES (10, 16, 1, 1);
INSERT INTO `menu` (`branch_id`, `dish_id`, `is_ship`, `is_serve`) VALUES (10, 17, 0, 1);
INSERT INTO `menu` (`branch_id`, `dish_id`, `is_ship`, `is_serve`) VALUES (10, 18, 1, 1);
INSERT INTO `menu` (`branch_id`, `dish_id`, `is_ship`, `is_serve`) VALUES (10, 19, 0, 1);
INSERT INTO `menu` (`branch_id`, `dish_id`, `is_ship`, `is_serve`) VALUES (10, 20, 1, 1);
INSERT INTO `menu` (`branch_id`, `dish_id`, `is_ship`, `is_serve`) VALUES (10, 21, 1, 1);
INSERT INTO `menu` (`branch_id`, `dish_id`, `is_ship`, `is_serve`) VALUES (10, 22, 1, 1);
INSERT INTO `menu` (`branch_id`, `dish_id`, `is_ship`, `is_serve`) VALUES (10, 23, 1, 1);
INSERT INTO `menu` (`branch_id`, `dish_id`, `is_ship`, `is_serve`) VALUES (10, 24, 1, 1);
INSERT INTO `menu` (`branch_id`, `dish_id`, `is_ship`, `is_serve`) VALUES (10, 25, 1, 1);
INSERT INTO `menu` (`branch_id`, `dish_id`, `is_ship`, `is_serve`) VALUES (10, 26, 0, 1);
INSERT INTO `menu` (`branch_id`, `dish_id`, `is_ship`, `is_serve`) VALUES (10, 27, 1, 1);
INSERT INTO `menu` (`branch_id`, `dish_id`, `is_ship`, `is_serve`) VALUES (10, 28, 1, 1);
INSERT INTO `menu` (`branch_id`, `dish_id`, `is_ship`, `is_serve`) VALUES (10, 29, 1, 1);
INSERT INTO `menu` (`branch_id`, `dish_id`, `is_ship`, `is_serve`) VALUES (10, 30, 0, 1);
INSERT INTO `menu` (`branch_id`, `dish_id`, `is_ship`, `is_serve`) VALUES (10, 31, 1, 1);
INSERT INTO `menu` (`branch_id`, `dish_id`, `is_ship`, `is_serve`) VALUES (10, 32, 0, 1);
INSERT INTO `menu` (`branch_id`, `dish_id`, `is_ship`, `is_serve`) VALUES (10, 33, 0, 1);
INSERT INTO `menu` (`branch_id`, `dish_id`, `is_ship`, `is_serve`) VALUES (10, 34, 0, 1);
INSERT INTO `menu` (`branch_id`, `dish_id`, `is_ship`, `is_serve`) VALUES (10, 35, 1, 1);
INSERT INTO `menu` (`branch_id`, `dish_id`, `is_ship`, `is_serve`) VALUES (10, 36, 0, 1);
INSERT INTO `menu` (`branch_id`, `dish_id`, `is_ship`, `is_serve`) VALUES (10, 37, 1, 1);
INSERT INTO `menu` (`branch_id`, `dish_id`, `is_ship`, `is_serve`) VALUES (10, 38, 0, 1);
INSERT INTO `menu` (`branch_id`, `dish_id`, `is_ship`, `is_serve`) VALUES (10, 39, 1, 1);
INSERT INTO `menu` (`branch_id`, `dish_id`, `is_ship`, `is_serve`) VALUES (10, 40, 1, 1);
INSERT INTO `menu` (`branch_id`, `dish_id`, `is_ship`, `is_serve`) VALUES (10, 41, 0, 1);
INSERT INTO `menu` (`branch_id`, `dish_id`, `is_ship`, `is_serve`) VALUES (10, 42, 1, 1);
INSERT INTO `menu` (`branch_id`, `dish_id`, `is_ship`, `is_serve`) VALUES (10, 43, 1, 1);
INSERT INTO `menu` (`branch_id`, `dish_id`, `is_ship`, `is_serve`) VALUES (10, 44, 1, 1);
INSERT INTO `menu` (`branch_id`, `dish_id`, `is_ship`, `is_serve`) VALUES (10, 45, 0, 1);
INSERT INTO `menu` (`branch_id`, `dish_id`, `is_ship`, `is_serve`) VALUES (10, 46, 0, 1);

INSERT INTO `member_cards` (`member_card_id`, `created_at`, `updated_at`, `total_points`, `card_issuer`, `branch_created`, `card_type_id`, `member_id`, `member_name`, `member_phone_number`, `member_gender`, `user_id`, `is_active`) VALUES (1, NOW(), NOW(), 24, 46, 1, 1, 700269, 'Michael Carr', '001-369-823-7643', 'Other', 45, 1);
INSERT INTO `member_cards` (`member_card_id`, `created_at`, `updated_at`, `total_points`, `card_issuer`, `branch_created`, `card_type_id`, `member_id`, `member_name`, `member_phone_number`, `member_gender`, `user_id`, `is_active`) VALUES (2, NOW(), NOW(), 90, 5, 1, 2, 681464, 'Michael Armstrong', '+1-306-632-2990x809', 'Other', 50, 1);
INSERT INTO `member_cards` (`member_card_id`, `created_at`, `updated_at`, `total_points`, `card_issuer`, `branch_created`, `card_type_id`, `member_id`, `member_name`, `member_phone_number`, `member_gender`, `user_id`, `is_active`) VALUES (3, NOW(), NOW(), 25, 17, 8, 1, 870702, 'Shannon Valentine', '+1-402-244-5128x95393', 'Male', 38, 1);
INSERT INTO `member_cards` (`member_card_id`, `created_at`, `updated_at`, `total_points`, `card_issuer`, `branch_created`, `card_type_id`, `member_id`, `member_name`, `member_phone_number`, `member_gender`, `user_id`, `is_active`) VALUES (4, NOW(), NOW(), 67, 23, 4, 2, 668500, 'Alexandria Hurley', '(715)294-7241', 'Male', 40, 1);
INSERT INTO `member_cards` (`member_card_id`, `created_at`, `updated_at`, `total_points`, `card_issuer`, `branch_created`, `card_type_id`, `member_id`, `member_name`, `member_phone_number`, `member_gender`, `user_id`, `is_active`) VALUES (5, NOW(), NOW(), 88, 17, 7, 2, 861058, 'Jessica Rodriguez', '257-930-1244x7505', 'Other', 49, 1);
INSERT INTO `member_cards` (`member_card_id`, `created_at`, `updated_at`, `total_points`, `card_issuer`, `branch_created`, `card_type_id`, `member_id`, `member_name`, `member_phone_number`, `member_gender`, `user_id`, `is_active`) VALUES (6, NOW(), NOW(), 91, 14, 3, 2, 372494, 'Cassandra Johnson', '001-880-644-4540', 'Other', 7, 1);
INSERT INTO `member_cards` (`member_card_id`, `created_at`, `updated_at`, `total_points`, `card_issuer`, `branch_created`, `card_type_id`, `member_id`, `member_name`, `member_phone_number`, `member_gender`, `user_id`, `is_active`) VALUES (7, NOW(), NOW(), 28, 35, 1, 1, 681817, 'Donna Green', '(410)524-5094x2785', 'Female', 50, 1);
INSERT INTO `member_cards` (`member_card_id`, `created_at`, `updated_at`, `total_points`, `card_issuer`, `branch_created`, `card_type_id`, `member_id`, `member_name`, `member_phone_number`, `member_gender`, `user_id`, `is_active`) VALUES (8, NOW(), NOW(), 91, 41, 3, 2, 707300, 'Kayla Riley', '001-605-787-0427x93499', 'Male', 36, 1);
INSERT INTO `member_cards` (`member_card_id`, `created_at`, `updated_at`, `total_points`, `card_issuer`, `branch_created`, `card_type_id`, `member_id`, `member_name`, `member_phone_number`, `member_gender`, `user_id`, `is_active`) VALUES (9, NOW(), NOW(), 47, 45, 5, 1, 707959, 'Michael Delgado', '+1-329-310-6105x496', 'Female', 43, 1);
INSERT INTO `member_cards` (`member_card_id`, `created_at`, `updated_at`, `total_points`, `card_issuer`, `branch_created`, `card_type_id`, `member_id`, `member_name`, `member_phone_number`, `member_gender`, `user_id`, `is_active`) VALUES (10, NOW(), NOW(), 200, 39, 5, 3, 819604, 'Jennifer Peters', '+1-624-686-0434', 'Male', 44, 1);
INSERT INTO `member_cards` (`member_card_id`, `created_at`, `updated_at`, `total_points`, `card_issuer`, `branch_created`, `card_type_id`, `member_id`, `member_name`, `member_phone_number`, `member_gender`, `user_id`, `is_active`) VALUES (11, NOW(), NOW(), 164, 50, 5, 3, 666765, 'Sandra Hill', '(404)821-4810x9968', 'Male', 35, 1);
INSERT INTO `member_cards` (`member_card_id`, `created_at`, `updated_at`, `total_points`, `card_issuer`, `branch_created`, `card_type_id`, `member_id`, `member_name`, `member_phone_number`, `member_gender`, `user_id`, `is_active`) VALUES (12, NOW(), NOW(), 12, 3, 2, 1, 294577, 'Pamela Nguyen', '206-575-0306x3662', 'Male', 40, 1);
INSERT INTO `member_cards` (`member_card_id`, `created_at`, `updated_at`, `total_points`, `card_issuer`, `branch_created`, `card_type_id`, `member_id`, `member_name`, `member_phone_number`, `member_gender`, `user_id`, `is_active`) VALUES (13, NOW(), NOW(), 167, 5, 2, 3, 321151, 'Daniel Wilson', '+1-932-311-8185', 'Male', 12, 1);
INSERT INTO `member_cards` (`member_card_id`, `created_at`, `updated_at`, `total_points`, `card_issuer`, `branch_created`, `card_type_id`, `member_id`, `member_name`, `member_phone_number`, `member_gender`, `user_id`, `is_active`) VALUES (14, NOW(), NOW(), 50, 28, 5, 2, 838906, 'Timothy Goodman', '001-772-261-6636x782', 'Male', 31, 1);
INSERT INTO `member_cards` (`member_card_id`, `created_at`, `updated_at`, `total_points`, `card_issuer`, `branch_created`, `card_type_id`, `member_id`, `member_name`, `member_phone_number`, `member_gender`, `user_id`, `is_active`) VALUES (15, NOW(), NOW(), 38, 11, 10, 1, 453585, 'Thomas Underwood', '(661)980-9555', 'Male', 25, 1);
INSERT INTO `member_cards` (`member_card_id`, `created_at`, `updated_at`, `total_points`, `card_issuer`, `branch_created`, `card_type_id`, `member_id`, `member_name`, `member_phone_number`, `member_gender`, `user_id`, `is_active`) VALUES (16, NOW(), NOW(), 34, 43, 10, 1, 670022, 'Kevin Gregory', '+1-438-949-5028x7128', 'Other', 35, 1);
INSERT INTO `member_cards` (`member_card_id`, `created_at`, `updated_at`, `total_points`, `card_issuer`, `branch_created`, `card_type_id`, `member_id`, `member_name`, `member_phone_number`, `member_gender`, `user_id`, `is_active`) VALUES (17, NOW(), NOW(), 12, 26, 9, 1, 766902, 'Rebecca Carson', '929-963-6892', 'Other', 35, 1);
INSERT INTO `member_cards` (`member_card_id`, `created_at`, `updated_at`, `total_points`, `card_issuer`, `branch_created`, `card_type_id`, `member_id`, `member_name`, `member_phone_number`, `member_gender`, `user_id`, `is_active`) VALUES (18, NOW(), NOW(), 37, 10, 4, 1, 816969, 'John Gross', '7642453719', 'Other', 29, 1);
INSERT INTO `member_cards` (`member_card_id`, `created_at`, `updated_at`, `total_points`, `card_issuer`, `branch_created`, `card_type_id`, `member_id`, `member_name`, `member_phone_number`, `member_gender`, `user_id`, `is_active`) VALUES (19, NOW(), NOW(), 57, 24, 5, 2, 678250, 'Savannah Fowler', '405.871.0920x19986', 'Other', 12, 1);
INSERT INTO `member_cards` (`member_card_id`, `created_at`, `updated_at`, `total_points`, `card_issuer`, `branch_created`, `card_type_id`, `member_id`, `member_name`, `member_phone_number`, `member_gender`, `user_id`, `is_active`) VALUES (20, NOW(), NOW(), 83, 40, 6, 2, 905098, 'Nicole Collins', '445-586-5872', 'Male', 44, 1);
INSERT INTO `member_cards` (`member_card_id`, `created_at`, `updated_at`, `total_points`, `card_issuer`, `branch_created`, `card_type_id`, `member_id`, `member_name`, `member_phone_number`, `member_gender`, `user_id`, `is_active`) VALUES (21, NOW(), NOW(), 107, 19, 5, 3, 597859, 'Karen Edwards', '3537935045', 'Other', 34, 1);
INSERT INTO `member_cards` (`member_card_id`, `created_at`, `updated_at`, `total_points`, `card_issuer`, `branch_created`, `card_type_id`, `member_id`, `member_name`, `member_phone_number`, `member_gender`, `user_id`, `is_active`) VALUES (22, NOW(), NOW(), 16, 10, 4, 1, 193204, 'Hannah Miller', '001-410-984-6792x15221', 'Other', 38, 1);
INSERT INTO `member_cards` (`member_card_id`, `created_at`, `updated_at`, `total_points`, `card_issuer`, `branch_created`, `card_type_id`, `member_id`, `member_name`, `member_phone_number`, `member_gender`, `user_id`, `is_active`) VALUES (23, NOW(), NOW(), 132, 30, 2, 3, 165056, 'Emily Martinez', '+1-222-313-9504x6424', 'Female', 20, 1);
INSERT INTO `member_cards` (`member_card_id`, `created_at`, `updated_at`, `total_points`, `card_issuer`, `branch_created`, `card_type_id`, `member_id`, `member_name`, `member_phone_number`, `member_gender`, `user_id`, `is_active`) VALUES (24, NOW(), NOW(), 99, 37, 3, 2, 515824, 'Mrs. Kimberly Rios', '452.935.2077', 'Male', 47, 1);
INSERT INTO `member_cards` (`member_card_id`, `created_at`, `updated_at`, `total_points`, `card_issuer`, `branch_created`, `card_type_id`, `member_id`, `member_name`, `member_phone_number`, `member_gender`, `user_id`, `is_active`) VALUES (25, NOW(), NOW(), 119, 39, 3, 3, 558299, 'Taylor Cline', '+1-924-871-4805', 'Female', 13, 1);
INSERT INTO `member_cards` (`member_card_id`, `created_at`, `updated_at`, `total_points`, `card_issuer`, `branch_created`, `card_type_id`, `member_id`, `member_name`, `member_phone_number`, `member_gender`, `user_id`, `is_active`) VALUES (26, NOW(), NOW(), 179, 32, 8, 3, 669098, 'Michael Hayes', '+1-806-328-3551x6829', 'Other', 25, 1);
INSERT INTO `member_cards` (`member_card_id`, `created_at`, `updated_at`, `total_points`, `card_issuer`, `branch_created`, `card_type_id`, `member_id`, `member_name`, `member_phone_number`, `member_gender`, `user_id`, `is_active`) VALUES (27, NOW(), NOW(), 30, 35, 2, 1, 693094, 'Dustin Garcia', '001-611-228-8381', 'Female', 15, 1);
INSERT INTO `member_cards` (`member_card_id`, `created_at`, `updated_at`, `total_points`, `card_issuer`, `branch_created`, `card_type_id`, `member_id`, `member_name`, `member_phone_number`, `member_gender`, `user_id`, `is_active`) VALUES (28, NOW(), NOW(), 0, 27, 8, 1, 977539, 'Mrs. Rachel Turner', '001-570-448-8187', 'Male', 3, 1);
INSERT INTO `member_cards` (`member_card_id`, `created_at`, `updated_at`, `total_points`, `card_issuer`, `branch_created`, `card_type_id`, `member_id`, `member_name`, `member_phone_number`, `member_gender`, `user_id`, `is_active`) VALUES (29, NOW(), NOW(), 46, 32, 2, 1, 449184, 'Lynn Hopkins', '(526)310-6844', 'Female', 28, 1);
INSERT INTO `member_cards` (`member_card_id`, `created_at`, `updated_at`, `total_points`, `card_issuer`, `branch_created`, `card_type_id`, `member_id`, `member_name`, `member_phone_number`, `member_gender`, `user_id`, `is_active`) VALUES (30, NOW(), NOW(), 98, 8, 5, 2, 189190, 'Taylor Macias', '8205457926', 'Female', 36, 1);
INSERT INTO `member_cards` (`member_card_id`, `created_at`, `updated_at`, `total_points`, `card_issuer`, `branch_created`, `card_type_id`, `member_id`, `member_name`, `member_phone_number`, `member_gender`, `user_id`, `is_active`) VALUES (31, NOW(), NOW(), 101, 49, 7, 3, 157585, 'Michele Diaz', '001-379-718-3625x7496', 'Other', 50, 1);
INSERT INTO `member_cards` (`member_card_id`, `created_at`, `updated_at`, `total_points`, `card_issuer`, `branch_created`, `card_type_id`, `member_id`, `member_name`, `member_phone_number`, `member_gender`, `user_id`, `is_active`) VALUES (32, NOW(), NOW(), 35, 48, 5, 1, 519780, 'William Cameron', '390.338.0321', 'Male', 17, 1);
INSERT INTO `member_cards` (`member_card_id`, `created_at`, `updated_at`, `total_points`, `card_issuer`, `branch_created`, `card_type_id`, `member_id`, `member_name`, `member_phone_number`, `member_gender`, `user_id`, `is_active`) VALUES (33, NOW(), NOW(), 58, 15, 5, 2, 150804, 'John Knapp', '202-245-9677x977', 'Male', 15, 1);
INSERT INTO `member_cards` (`member_card_id`, `created_at`, `updated_at`, `total_points`, `card_issuer`, `branch_created`, `card_type_id`, `member_id`, `member_name`, `member_phone_number`, `member_gender`, `user_id`, `is_active`) VALUES (34, NOW(), NOW(), 110, 42, 4, 3, 236236, 'Madison Roach', '457-608-4256x682', 'Male', 43, 1);
INSERT INTO `member_cards` (`member_card_id`, `created_at`, `updated_at`, `total_points`, `card_issuer`, `branch_created`, `card_type_id`, `member_id`, `member_name`, `member_phone_number`, `member_gender`, `user_id`, `is_active`) VALUES (35, NOW(), NOW(), 53, 9, 4, 2, 284758, 'Troy Smith', '001-438-775-9252', 'Male', 4, 1);
INSERT INTO `member_cards` (`member_card_id`, `created_at`, `updated_at`, `total_points`, `card_issuer`, `branch_created`, `card_type_id`, `member_id`, `member_name`, `member_phone_number`, `member_gender`, `user_id`, `is_active`) VALUES (36, NOW(), NOW(), 61, 48, 3, 2, 420295, 'Charles Medina', '(797)509-2632', 'Male', 32, 1);
INSERT INTO `member_cards` (`member_card_id`, `created_at`, `updated_at`, `total_points`, `card_issuer`, `branch_created`, `card_type_id`, `member_id`, `member_name`, `member_phone_number`, `member_gender`, `user_id`, `is_active`) VALUES (37, NOW(), NOW(), 53, 44, 8, 2, 205909, 'Raymond Jones', '(764)754-5943x157', 'Female', 38, 1);
INSERT INTO `member_cards` (`member_card_id`, `created_at`, `updated_at`, `total_points`, `card_issuer`, `branch_created`, `card_type_id`, `member_id`, `member_name`, `member_phone_number`, `member_gender`, `user_id`, `is_active`) VALUES (38, NOW(), NOW(), 93, 16, 5, 2, 839692, 'Robert Howard', '001-566-371-1985x2747', 'Female', 33, 1);
INSERT INTO `member_cards` (`member_card_id`, `created_at`, `updated_at`, `total_points`, `card_issuer`, `branch_created`, `card_type_id`, `member_id`, `member_name`, `member_phone_number`, `member_gender`, `user_id`, `is_active`) VALUES (39, NOW(), NOW(), 78, 40, 2, 2, 690939, 'Miranda Phillips', '(299)731-7751x4882', 'Male', 48, 1);
INSERT INTO `member_cards` (`member_card_id`, `created_at`, `updated_at`, `total_points`, `card_issuer`, `branch_created`, `card_type_id`, `member_id`, `member_name`, `member_phone_number`, `member_gender`, `user_id`, `is_active`) VALUES (40, NOW(), NOW(), 37, 5, 6, 1, 742925, 'Claire Peterson', '001-787-963-3156x093', 'Male', 18, 1);
INSERT INTO `member_cards` (`member_card_id`, `created_at`, `updated_at`, `total_points`, `card_issuer`, `branch_created`, `card_type_id`, `member_id`, `member_name`, `member_phone_number`, `member_gender`, `user_id`, `is_active`) VALUES (41, NOW(), NOW(), 183, 8, 1, 3, 977419, 'Peter Baldwin MD', '001-420-512-3429x0862', 'Other', 5, 1);
INSERT INTO `member_cards` (`member_card_id`, `created_at`, `updated_at`, `total_points`, `card_issuer`, `branch_created`, `card_type_id`, `member_id`, `member_name`, `member_phone_number`, `member_gender`, `user_id`, `is_active`) VALUES (42, NOW(), NOW(), 5, 11, 5, 1, 888308, 'Juan Bryant', '001-334-730-8676x62343', 'Male', 29, 1);
INSERT INTO `member_cards` (`member_card_id`, `created_at`, `updated_at`, `total_points`, `card_issuer`, `branch_created`, `card_type_id`, `member_id`, `member_name`, `member_phone_number`, `member_gender`, `user_id`, `is_active`) VALUES (43, NOW(), NOW(), 46, 36, 7, 1, 982958, 'Michael Brown', '+1-647-838-8834', 'Other', 25, 1);
INSERT INTO `member_cards` (`member_card_id`, `created_at`, `updated_at`, `total_points`, `card_issuer`, `branch_created`, `card_type_id`, `member_id`, `member_name`, `member_phone_number`, `member_gender`, `user_id`, `is_active`) VALUES (44, NOW(), NOW(), 175, 10, 4, 3, 279718, 'April Barnett', '+1-944-678-5770x226', 'Female', 43, 1);
INSERT INTO `member_cards` (`member_card_id`, `created_at`, `updated_at`, `total_points`, `card_issuer`, `branch_created`, `card_type_id`, `member_id`, `member_name`, `member_phone_number`, `member_gender`, `user_id`, `is_active`) VALUES (45, NOW(), NOW(), 3, 15, 5, 1, 106738, 'Carol Mullen', '9286154276', 'Female', 50, 1);
INSERT INTO `member_cards` (`member_card_id`, `created_at`, `updated_at`, `total_points`, `card_issuer`, `branch_created`, `card_type_id`, `member_id`, `member_name`, `member_phone_number`, `member_gender`, `user_id`, `is_active`) VALUES (46, NOW(), NOW(), 44, 3, 10, 1, 695520, 'Austin Pearson', '+1-587-954-0177x003', 'Female', 46, 1);
INSERT INTO `member_cards` (`member_card_id`, `created_at`, `updated_at`, `total_points`, `card_issuer`, `branch_created`, `card_type_id`, `member_id`, `member_name`, `member_phone_number`, `member_gender`, `user_id`, `is_active`) VALUES (47, NOW(), NOW(), 90, 36, 8, 2, 143404, 'Nicole Johns', '(964)785-2356x567', 'Male', 31, 1);
INSERT INTO `member_cards` (`member_card_id`, `created_at`, `updated_at`, `total_points`, `card_issuer`, `branch_created`, `card_type_id`, `member_id`, `member_name`, `member_phone_number`, `member_gender`, `user_id`, `is_active`) VALUES (48, NOW(), NOW(), 91, 37, 7, 2, 258636, 'Christopher Black', '(500)317-4179', 'Other', 13, 1);
INSERT INTO `member_cards` (`member_card_id`, `created_at`, `updated_at`, `total_points`, `card_issuer`, `branch_created`, `card_type_id`, `member_id`, `member_name`, `member_phone_number`, `member_gender`, `user_id`, `is_active`) VALUES (49, NOW(), NOW(), 133, 27, 4, 3, 545265, 'Kelsey Collier', '374-374-4791', 'Other', 2, 1);
INSERT INTO `member_cards` (`member_card_id`, `created_at`, `updated_at`, `total_points`, `card_issuer`, `branch_created`, `card_type_id`, `member_id`, `member_name`, `member_phone_number`, `member_gender`, `user_id`, `is_active`) VALUES (50, NOW(), NOW(), 168, 30, 9, 3, 805824, 'Mary Freeman', '001-787-780-3688', 'Male', 4, 1);

INSERT INTO `reservation_slips` (`reservation_slip_id`, `cus_name`, `phone_number`, `status`, `arrival_time`, `arrival_date`, `table_number`, `branch_id`, `guests_number`, `notes`, `member_card_id`, `waiter`, `created_at`, `online_account`) VALUES (1, 'Richard Raymond', '578.361.3232x30199', 'waiting_for_guest', '15:36:00', '2024-12-28', 10, 3, 8, 'Development plant account itself.', 16, 33, NOW(), 50);
INSERT INTO `reservation_slips` (`reservation_slip_id`, `cus_name`, `phone_number`, `status`, `arrival_time`, `arrival_date`, `table_number`, `branch_id`, `guests_number`, `notes`, `member_card_id`, `waiter`, `created_at`, `online_account`) VALUES (2, 'Michele Ramos', '932-867-6184x8015', 'completed', '19:08:00', '2024-12-24', 13, 2, 7, 'Apply individual situation break.', NULL, 27, NOW(), 34);
INSERT INTO `reservation_slips` (`reservation_slip_id`, `cus_name`, `phone_number`, `status`, `arrival_time`, `arrival_date`, `table_number`, `branch_id`, `guests_number`, `notes`, `member_card_id`, `waiter`, `created_at`, `online_account`) VALUES (3, 'James Houston', '(227)485-8515', 'table_in_use', '19:17:00', '2024-12-06', 10, 7, 1, 'Lay give whatever.', 32, 20, NOW(), 17);
INSERT INTO `reservation_slips` (`reservation_slip_id`, `cus_name`, `phone_number`, `status`, `arrival_time`, `arrival_date`, `table_number`, `branch_id`, `guests_number`, `notes`, `member_card_id`, `waiter`, `created_at`, `online_account`) VALUES (4, 'James Sanchez', '(330)207-4948x481', 'completed', '10:46:00', '2024-12-24', 8, 9, 8, 'Economic affect audience.', NULL, 28, NOW(), 16);
INSERT INTO `reservation_slips` (`reservation_slip_id`, `cus_name`, `phone_number`, `status`, `arrival_time`, `arrival_date`, `table_number`, `branch_id`, `guests_number`, `notes`, `member_card_id`, `waiter`, `created_at`, `online_account`) VALUES (5, 'John Smith', '+1-537-351-8794', 'waiting_for_guest', '14:27:00', '2024-12-18', 20, 7, 7, 'Cut walk treatment behavior account.', 14, 27, NOW(), 2);
INSERT INTO `reservation_slips` (`reservation_slip_id`, `cus_name`, `phone_number`, `status`, `arrival_time`, `arrival_date`, `table_number`, `branch_id`, `guests_number`, `notes`, `member_card_id`, `waiter`, `created_at`, `online_account`) VALUES (6, 'Raymond Robertson', '941-332-4360x25837', 'waiting_for_guest', '19:40:00', '2024-12-04', 24, 6, 3, 'Course machine far.', NULL, 6, NOW(), 18);
INSERT INTO `reservation_slips` (`reservation_slip_id`, `cus_name`, `phone_number`, `status`, `arrival_time`, `arrival_date`, `table_number`, `branch_id`, `guests_number`, `notes`, `member_card_id`, `waiter`, `created_at`, `online_account`) VALUES (7, 'Tyler Santana', '651.369.0429x51921', 'table_in_use', '10:51:00', '2024-12-13', 14, 1, 3, 'End opportunity hear.', NULL, 3, NOW(), 39);
INSERT INTO `reservation_slips` (`reservation_slip_id`, `cus_name`, `phone_number`, `status`, `arrival_time`, `arrival_date`, `table_number`, `branch_id`, `guests_number`, `notes`, `member_card_id`, `waiter`, `created_at`, `online_account`) VALUES (8, 'Steve Harding', '(785)876-3298', 'canceled', '16:44:00', '2024-12-02', 38, 6, 4, 'Western skin trial join drop area.', 6, 39, NOW(), 23);
INSERT INTO `reservation_slips` (`reservation_slip_id`, `cus_name`, `phone_number`, `status`, `arrival_time`, `arrival_date`, `table_number`, `branch_id`, `guests_number`, `notes`, `member_card_id`, `waiter`, `created_at`, `online_account`) VALUES (9, 'Jerry Joyce', '896-489-0765', 'table_in_use', '12:24:00', '2024-12-06', 21, 6, 5, 'Maintain foot office human.', 22, 28, NOW(), 35);
INSERT INTO `reservation_slips` (`reservation_slip_id`, `cus_name`, `phone_number`, `status`, `arrival_time`, `arrival_date`, `table_number`, `branch_id`, `guests_number`, `notes`, `member_card_id`, `waiter`, `created_at`, `online_account`) VALUES (10, 'Natasha Gay', '914-223-5773x70694', 'completed', '15:50:00', '2024-12-12', 37, 7, 2, 'Notice race a.', NULL, 10, NOW(), 31);
INSERT INTO `reservation_slips` (`reservation_slip_id`, `cus_name`, `phone_number`, `status`, `arrival_time`, `arrival_date`, `table_number`, `branch_id`, `guests_number`, `notes`, `member_card_id`, `waiter`, `created_at`, `online_account`) VALUES (11, 'Brenda Young', '720.739.6975', 'table_in_use', '18:27:00', '2024-12-15', 28, 4, 2, 'Certainly challenge song what.', 32, 2, NOW(), 22);
INSERT INTO `reservation_slips` (`reservation_slip_id`, `cus_name`, `phone_number`, `status`, `arrival_time`, `arrival_date`, `table_number`, `branch_id`, `guests_number`, `notes`, `member_card_id`, `waiter`, `created_at`, `online_account`) VALUES (12, 'Michael Baldwin', '+1-431-775-3584x840', 'canceled', '16:54:00', '2024-12-15', 30, 5, 7, 'Role art cup simply.', NULL, 27, NOW(), 38);
INSERT INTO `reservation_slips` (`reservation_slip_id`, `cus_name`, `phone_number`, `status`, `arrival_time`, `arrival_date`, `table_number`, `branch_id`, `guests_number`, `notes`, `member_card_id`, `waiter`, `created_at`, `online_account`) VALUES (13, 'James Quinn', '001-711-632-9450x7874', 'completed', '14:26:00', '2024-12-18', 7, 10, 8, 'College hit push his like.', 45, 39, NOW(), 1);
INSERT INTO `reservation_slips` (`reservation_slip_id`, `cus_name`, `phone_number`, `status`, `arrival_time`, `arrival_date`, `table_number`, `branch_id`, `guests_number`, `notes`, `member_card_id`, `waiter`, `created_at`, `online_account`) VALUES (14, 'Joseph Huynh', '775.922.4203', 'canceled', '12:29:00', '2024-12-11', 25, 8, 8, 'Education decide likely word.', 8, 27, NOW(), 22);
INSERT INTO `reservation_slips` (`reservation_slip_id`, `cus_name`, `phone_number`, `status`, `arrival_time`, `arrival_date`, `table_number`, `branch_id`, `guests_number`, `notes`, `member_card_id`, `waiter`, `created_at`, `online_account`) VALUES (15, 'Jeffrey Washington', '+1-611-327-8368x8337', 'completed', '14:03:00', '2024-12-15', 8, 3, 3, 'Personal situation finally democratic if.', 33, 31, NOW(), 42);
INSERT INTO `reservation_slips` (`reservation_slip_id`, `cus_name`, `phone_number`, `status`, `arrival_time`, `arrival_date`, `table_number`, `branch_id`, `guests_number`, `notes`, `member_card_id`, `waiter`, `created_at`, `online_account`) VALUES (16, 'Patrick Mata', '(286)464-6130', 'canceled', '21:40:00', '2024-12-15', 11, 3, 2, 'For cut southern contain.', 13, 14, NOW(), 27);
INSERT INTO `reservation_slips` (`reservation_slip_id`, `cus_name`, `phone_number`, `status`, `arrival_time`, `arrival_date`, `table_number`, `branch_id`, `guests_number`, `notes`, `member_card_id`, `waiter`, `created_at`, `online_account`) VALUES (17, 'Christina Gardner', '608.656.1838x3483', 'waiting_for_guest', '14:23:00', '2024-12-11', 29, 5, 1, 'Color today wind side environment.', NULL, 41, NOW(), 34);
INSERT INTO `reservation_slips` (`reservation_slip_id`, `cus_name`, `phone_number`, `status`, `arrival_time`, `arrival_date`, `table_number`, `branch_id`, `guests_number`, `notes`, `member_card_id`, `waiter`, `created_at`, `online_account`) VALUES (18, 'Glen Le', '(512)239-6882', 'waiting_for_guest', '21:26:00', '2024-12-10', 22, 7, 7, 'Ok no nor medical.', NULL, 49, NOW(), 37);
INSERT INTO `reservation_slips` (`reservation_slip_id`, `cus_name`, `phone_number`, `status`, `arrival_time`, `arrival_date`, `table_number`, `branch_id`, `guests_number`, `notes`, `member_card_id`, `waiter`, `created_at`, `online_account`) VALUES (19, 'Miguel Johns', '(428)566-2418', 'table_in_use', '15:35:00', '2024-12-01', 45, 7, 5, 'Share grow number.', 19, 50, NOW(), 15);
INSERT INTO `reservation_slips` (`reservation_slip_id`, `cus_name`, `phone_number`, `status`, `arrival_time`, `arrival_date`, `table_number`, `branch_id`, `guests_number`, `notes`, `member_card_id`, `waiter`, `created_at`, `online_account`) VALUES (20, 'Benjamin Thompson', '(407)678-4217', 'waiting_for_guest', '14:04:00', '2024-12-05', 44, 5, 1, 'Either source find east fact notice.', NULL, 44, NOW(), 15);
INSERT INTO `reservation_slips` (`reservation_slip_id`, `cus_name`, `phone_number`, `status`, `arrival_time`, `arrival_date`, `table_number`, `branch_id`, `guests_number`, `notes`, `member_card_id`, `waiter`, `created_at`, `online_account`) VALUES (21, 'Jason Ellis', '711-257-8776x56321', 'canceled', '15:04:00', '2024-12-10', 8, 7, 5, 'Congress music simple ten government.', 24, 23, NOW(), 32);
INSERT INTO `reservation_slips` (`reservation_slip_id`, `cus_name`, `phone_number`, `status`, `arrival_time`, `arrival_date`, `table_number`, `branch_id`, `guests_number`, `notes`, `member_card_id`, `waiter`, `created_at`, `online_account`) VALUES (22, 'James Torres', '001-367-639-6274x69496', 'canceled', '21:34:00', '2024-12-08', 28, 5, 5, 'Writer mother article.', NULL, 3, NOW(), 11);
INSERT INTO `reservation_slips` (`reservation_slip_id`, `cus_name`, `phone_number`, `status`, `arrival_time`, `arrival_date`, `table_number`, `branch_id`, `guests_number`, `notes`, `member_card_id`, `waiter`, `created_at`, `online_account`) VALUES (23, 'Ashlee Rivera', '(884)951-7697x6848', 'waiting_for_guest', '14:05:00', '2024-12-13', 50, 9, 2, 'I sing senior new.', 19, 26, NOW(), 7);
INSERT INTO `reservation_slips` (`reservation_slip_id`, `cus_name`, `phone_number`, `status`, `arrival_time`, `arrival_date`, `table_number`, `branch_id`, `guests_number`, `notes`, `member_card_id`, `waiter`, `created_at`, `online_account`) VALUES (24, 'Nicole Dunn', '+1-704-744-0077x803', 'waiting_for_guest', '15:30:00', '2024-12-26', 45, 2, 6, 'Note by price service two other.', 23, 15, NOW(), 18);
INSERT INTO `reservation_slips` (`reservation_slip_id`, `cus_name`, `phone_number`, `status`, `arrival_time`, `arrival_date`, `table_number`, `branch_id`, `guests_number`, `notes`, `member_card_id`, `waiter`, `created_at`, `online_account`) VALUES (25, 'David Garza', '001-885-342-1760x9163', 'table_in_use', '19:50:00', '2024-12-17', 35, 1, 5, 'Ever or money thousand.', NULL, 50, NOW(), 3);
INSERT INTO `reservation_slips` (`reservation_slip_id`, `cus_name`, `phone_number`, `status`, `arrival_time`, `arrival_date`, `table_number`, `branch_id`, `guests_number`, `notes`, `member_card_id`, `waiter`, `created_at`, `online_account`) VALUES (26, 'Christine Villa', '4967940016', 'table_in_use', '19:11:00', '2024-12-02', 40, 4, 3, 'Improve see school our.', 5, 16, NOW(), 36);
INSERT INTO `reservation_slips` (`reservation_slip_id`, `cus_name`, `phone_number`, `status`, `arrival_time`, `arrival_date`, `table_number`, `branch_id`, `guests_number`, `notes`, `member_card_id`, `waiter`, `created_at`, `online_account`) VALUES (27, 'John Kelley', '676.350.7247', 'waiting_for_guest', '10:10:00', '2024-12-28', 20, 7, 4, 'Claim maintain plant no.', 46, 9, NOW(), 30);
INSERT INTO `reservation_slips` (`reservation_slip_id`, `cus_name`, `phone_number`, `status`, `arrival_time`, `arrival_date`, `table_number`, `branch_id`, `guests_number`, `notes`, `member_card_id`, `waiter`, `created_at`, `online_account`) VALUES (28, 'Courtney Holmes MD', '001-927-725-9228x100', 'canceled', '11:17:00', '2024-12-10', 45, 3, 3, 'Cup ok notice north view.', NULL, 16, NOW(), 36);
INSERT INTO `reservation_slips` (`reservation_slip_id`, `cus_name`, `phone_number`, `status`, `arrival_time`, `arrival_date`, `table_number`, `branch_id`, `guests_number`, `notes`, `member_card_id`, `waiter`, `created_at`, `online_account`) VALUES (29, 'Kaylee Duncan', '729.751.3361', 'table_in_use', '17:50:00', '2024-12-25', 35, 1, 2, 'Future economy view truth away peace.', 37, 50, NOW(), 7);
INSERT INTO `reservation_slips` (`reservation_slip_id`, `cus_name`, `phone_number`, `status`, `arrival_time`, `arrival_date`, `table_number`, `branch_id`, `guests_number`, `notes`, `member_card_id`, `waiter`, `created_at`, `online_account`) VALUES (30, 'Megan Cox', '(952)430-3859x470', 'table_in_use', '17:23:00', '2024-12-16', 7, 7, 2, 'Together hospital someone.', 4, 24, NOW(), 24);
INSERT INTO `reservation_slips` (`reservation_slip_id`, `cus_name`, `phone_number`, `status`, `arrival_time`, `arrival_date`, `table_number`, `branch_id`, `guests_number`, `notes`, `member_card_id`, `waiter`, `created_at`, `online_account`) VALUES (31, 'Christopher Williamson', '(254)349-7991x649', 'completed', '17:34:00', '2024-12-19', 16, 2, 5, 'Itself artist attack behavior.', 47, 13, NOW(), 29);
INSERT INTO `reservation_slips` (`reservation_slip_id`, `cus_name`, `phone_number`, `status`, `arrival_time`, `arrival_date`, `table_number`, `branch_id`, `guests_number`, `notes`, `member_card_id`, `waiter`, `created_at`, `online_account`) VALUES (32, 'Daniel Park', '850.719.5178x84400', 'waiting_for_guest', '12:53:00', '2024-12-03', 24, 1, 5, 'Yourself and voice maintain even each.', NULL, 34, NOW(), 18);
INSERT INTO `reservation_slips` (`reservation_slip_id`, `cus_name`, `phone_number`, `status`, `arrival_time`, `arrival_date`, `table_number`, `branch_id`, `guests_number`, `notes`, `member_card_id`, `waiter`, `created_at`, `online_account`) VALUES (33, 'Anthony Adkins', '+1-822-246-4428x615', 'waiting_for_guest', '21:47:00', '2024-12-03', 9, 5, 3, 'Message full fine.', 9, 15, NOW(), 19);
INSERT INTO `reservation_slips` (`reservation_slip_id`, `cus_name`, `phone_number`, `status`, `arrival_time`, `arrival_date`, `table_number`, `branch_id`, `guests_number`, `notes`, `member_card_id`, `waiter`, `created_at`, `online_account`) VALUES (34, 'Eric Hendricks', '(666)761-7302x9626', 'table_in_use', '19:22:00', '2024-12-06', 7, 10, 5, 'Personal successful put manage.', 21, 25, NOW(), 26);
INSERT INTO `reservation_slips` (`reservation_slip_id`, `cus_name`, `phone_number`, `status`, `arrival_time`, `arrival_date`, `table_number`, `branch_id`, `guests_number`, `notes`, `member_card_id`, `waiter`, `created_at`, `online_account`) VALUES (35, 'Diana Clay', '492.994.4306x6891', 'canceled', '13:52:00', '2024-12-19', 5, 1, 6, 'Police song skill federal across guess.', 31, 35, NOW(), 18);
INSERT INTO `reservation_slips` (`reservation_slip_id`, `cus_name`, `phone_number`, `status`, `arrival_time`, `arrival_date`, `table_number`, `branch_id`, `guests_number`, `notes`, `member_card_id`, `waiter`, `created_at`, `online_account`) VALUES (36, 'Derek Tucker', '(239)743-3524x802', 'completed', '12:35:00', '2024-12-25', 22, 2, 4, 'Compare our finally.', 48, 47, NOW(), 25);
INSERT INTO `reservation_slips` (`reservation_slip_id`, `cus_name`, `phone_number`, `status`, `arrival_time`, `arrival_date`, `table_number`, `branch_id`, `guests_number`, `notes`, `member_card_id`, `waiter`, `created_at`, `online_account`) VALUES (37, 'Rachel Williams', '(723)734-1566x2692', 'completed', '19:40:00', '2024-12-09', 25, 9, 1, 'Field message brother garden.', NULL, 10, NOW(), 12);
INSERT INTO `reservation_slips` (`reservation_slip_id`, `cus_name`, `phone_number`, `status`, `arrival_time`, `arrival_date`, `table_number`, `branch_id`, `guests_number`, `notes`, `member_card_id`, `waiter`, `created_at`, `online_account`) VALUES (38, 'Karen Newman', '409.602.5890x2970', 'completed', '20:21:00', '2024-12-14', 42, 6, 8, 'Inside fight reality whose.', NULL, 49, NOW(), 6);
INSERT INTO `reservation_slips` (`reservation_slip_id`, `cus_name`, `phone_number`, `status`, `arrival_time`, `arrival_date`, `table_number`, `branch_id`, `guests_number`, `notes`, `member_card_id`, `waiter`, `created_at`, `online_account`) VALUES (39, 'Jasmine Lee', '321.289.3415', 'completed', '10:48:00', '2024-12-03', 35, 7, 3, 'Sure management begin health.', 11, 1, NOW(), 14);
INSERT INTO `reservation_slips` (`reservation_slip_id`, `cus_name`, `phone_number`, `status`, `arrival_time`, `arrival_date`, `table_number`, `branch_id`, `guests_number`, `notes`, `member_card_id`, `waiter`, `created_at`, `online_account`) VALUES (40, 'Jonathan Cox', '(624)473-6267', 'table_in_use', '15:07:00', '2024-12-26', 36, 6, 5, 'Own training despite threat.', NULL, 9, NOW(), 35);
INSERT INTO `reservation_slips` (`reservation_slip_id`, `cus_name`, `phone_number`, `status`, `arrival_time`, `arrival_date`, `table_number`, `branch_id`, `guests_number`, `notes`, `member_card_id`, `waiter`, `created_at`, `online_account`) VALUES (41, 'Jennifer Bernard', '7416549122', 'completed', '16:24:00', '2024-12-08', 23, 4, 5, 'Nor later into candidate environment.', 17, 38, NOW(), 19);
INSERT INTO `reservation_slips` (`reservation_slip_id`, `cus_name`, `phone_number`, `status`, `arrival_time`, `arrival_date`, `table_number`, `branch_id`, `guests_number`, `notes`, `member_card_id`, `waiter`, `created_at`, `online_account`) VALUES (42, 'Courtney Jordan', '(964)305-6828x434', 'canceled', '19:46:00', '2024-12-12', 1, 3, 6, 'Stay kitchen yeah rock memory stuff.', NULL, 44, NOW(), 23);
INSERT INTO `reservation_slips` (`reservation_slip_id`, `cus_name`, `phone_number`, `status`, `arrival_time`, `arrival_date`, `table_number`, `branch_id`, `guests_number`, `notes`, `member_card_id`, `waiter`, `created_at`, `online_account`) VALUES (43, 'Carlos Thomas', '786-557-5258', 'canceled', '15:35:00', '2024-12-07', 20, 3, 5, 'Usually position build hear fall.', NULL, 30, NOW(), 38);
INSERT INTO `reservation_slips` (`reservation_slip_id`, `cus_name`, `phone_number`, `status`, `arrival_time`, `arrival_date`, `table_number`, `branch_id`, `guests_number`, `notes`, `member_card_id`, `waiter`, `created_at`, `online_account`) VALUES (44, 'Nicole Mcclain', '391.579.0280x849', 'canceled', '13:47:00', '2024-12-09', 32, 5, 1, 'Help staff manage listen.', 43, 22, NOW(), 17);
INSERT INTO `reservation_slips` (`reservation_slip_id`, `cus_name`, `phone_number`, `status`, `arrival_time`, `arrival_date`, `table_number`, `branch_id`, `guests_number`, `notes`, `member_card_id`, `waiter`, `created_at`, `online_account`) VALUES (45, 'Jesse Johnson', '607.365.3946x061', 'completed', '11:34:00', '2024-12-15', 11, 3, 7, 'Treatment upon send anyone.', NULL, 31, NOW(), 47);
INSERT INTO `reservation_slips` (`reservation_slip_id`, `cus_name`, `phone_number`, `status`, `arrival_time`, `arrival_date`, `table_number`, `branch_id`, `guests_number`, `notes`, `member_card_id`, `waiter`, `created_at`, `online_account`) VALUES (46, 'Thomas Wilkins', '+1-223-260-2906x6345', 'completed', '19:04:00', '2024-12-15', 33, 3, 1, 'Lose quality standard.', 29, 32, NOW(), 17);
INSERT INTO `reservation_slips` (`reservation_slip_id`, `cus_name`, `phone_number`, `status`, `arrival_time`, `arrival_date`, `table_number`, `branch_id`, `guests_number`, `notes`, `member_card_id`, `waiter`, `created_at`, `online_account`) VALUES (47, 'Anita Shepherd', '+1-273-645-9691x006', 'completed', '18:46:00', '2024-12-12', 38, 7, 7, 'Beyond cause material idea partner deep.', 40, 40, NOW(), 18);
INSERT INTO `reservation_slips` (`reservation_slip_id`, `cus_name`, `phone_number`, `status`, `arrival_time`, `arrival_date`, `table_number`, `branch_id`, `guests_number`, `notes`, `member_card_id`, `waiter`, `created_at`, `online_account`) VALUES (48, 'Jillian Rodriguez', '(220)500-7225', 'completed', '20:42:00', '2024-12-17', 13, 4, 7, 'Doctor lawyer have ready knowledge.', NULL, 46, NOW(), 8);
INSERT INTO `reservation_slips` (`reservation_slip_id`, `cus_name`, `phone_number`, `status`, `arrival_time`, `arrival_date`, `table_number`, `branch_id`, `guests_number`, `notes`, `member_card_id`, `waiter`, `created_at`, `online_account`) VALUES (49, 'Garrett Smith', '766-472-7392x0960', 'table_in_use', '14:29:00', '2024-12-18', 2, 9, 6, 'Red eye wall.', NULL, 19, NOW(), 36);
INSERT INTO `reservation_slips` (`reservation_slip_id`, `cus_name`, `phone_number`, `status`, `arrival_time`, `arrival_date`, `table_number`, `branch_id`, `guests_number`, `notes`, `member_card_id`, `waiter`, `created_at`, `online_account`) VALUES (50, 'Jeffrey Ray', '714.515.8893x825', 'completed', '18:52:00', '2024-12-23', 30, 10, 7, 'Do sing cut happy.', NULL, 45, NOW(), 23);
INSERT INTO `reservation_slips` (`reservation_slip_id`, `cus_name`, `phone_number`, `status`, `arrival_time`, `arrival_date`, `table_number`, `branch_id`, `guests_number`, `notes`, `member_card_id`, `waiter`, `created_at`, `online_account`) VALUES (51, 'Cathy Mccormick', '+1-969-232-1349x92850', 'canceled', '12:23:00', '2024-12-15', 45, 2, 8, 'President across sell sing.', 37, 39, NOW(), 29);
INSERT INTO `reservation_slips` (`reservation_slip_id`, `cus_name`, `phone_number`, `status`, `arrival_time`, `arrival_date`, `table_number`, `branch_id`, `guests_number`, `notes`, `member_card_id`, `waiter`, `created_at`, `online_account`) VALUES (52, 'John Leon', '001-442-879-0485x425', 'completed', '14:55:00', '2024-12-19', 37, 7, 2, 'Do table there something.', NULL, 14, NOW(), 39);
INSERT INTO `reservation_slips` (`reservation_slip_id`, `cus_name`, `phone_number`, `status`, `arrival_time`, `arrival_date`, `table_number`, `branch_id`, `guests_number`, `notes`, `member_card_id`, `waiter`, `created_at`, `online_account`) VALUES (53, 'Sheri Rivera', '001-234-718-0686x43721', 'completed', '21:54:00', '2024-12-16', 48, 8, 8, 'Me add water.', 17, 19, NOW(), 9);
INSERT INTO `reservation_slips` (`reservation_slip_id`, `cus_name`, `phone_number`, `status`, `arrival_time`, `arrival_date`, `table_number`, `branch_id`, `guests_number`, `notes`, `member_card_id`, `waiter`, `created_at`, `online_account`) VALUES (54, 'Andrew Zimmerman', '(811)808-2146x9520', 'table_in_use', '18:40:00', '2024-12-03', 46, 5, 8, 'Big study property also.', NULL, 46, NOW(), 6);
INSERT INTO `reservation_slips` (`reservation_slip_id`, `cus_name`, `phone_number`, `status`, `arrival_time`, `arrival_date`, `table_number`, `branch_id`, `guests_number`, `notes`, `member_card_id`, `waiter`, `created_at`, `online_account`) VALUES (55, 'Mary Perez', '840.996.2632x2206', 'waiting_for_guest', '16:39:00', '2024-12-15', 10, 2, 8, 'Friend us yard stand entire see.', 40, 27, NOW(), 25);
INSERT INTO `reservation_slips` (`reservation_slip_id`, `cus_name`, `phone_number`, `status`, `arrival_time`, `arrival_date`, `table_number`, `branch_id`, `guests_number`, `notes`, `member_card_id`, `waiter`, `created_at`, `online_account`) VALUES (56, 'Travis Hansen DDS', '+1-465-769-8097x61312', 'waiting_for_guest', '17:46:00', '2024-12-01', 21, 1, 8, 'Every sport summer event.', 29, 9, NOW(), 40);
INSERT INTO `reservation_slips` (`reservation_slip_id`, `cus_name`, `phone_number`, `status`, `arrival_time`, `arrival_date`, `table_number`, `branch_id`, `guests_number`, `notes`, `member_card_id`, `waiter`, `created_at`, `online_account`) VALUES (57, 'Ralph Garrison', '+1-692-868-1197x434', 'waiting_for_guest', '11:52:00', '2024-12-23', 22, 9, 1, 'Couple major can.', 27, 6, NOW(), 27);
INSERT INTO `reservation_slips` (`reservation_slip_id`, `cus_name`, `phone_number`, `status`, `arrival_time`, `arrival_date`, `table_number`, `branch_id`, `guests_number`, `notes`, `member_card_id`, `waiter`, `created_at`, `online_account`) VALUES (58, 'Sandra Hoffman', '595.419.0918', 'completed', '13:20:00', '2024-12-02', 22, 10, 2, 'Last fish result region suggest.', NULL, 9, NOW(), 26);
INSERT INTO `reservation_slips` (`reservation_slip_id`, `cus_name`, `phone_number`, `status`, `arrival_time`, `arrival_date`, `table_number`, `branch_id`, `guests_number`, `notes`, `member_card_id`, `waiter`, `created_at`, `online_account`) VALUES (59, 'Christopher Ortiz', '587-825-0615', 'canceled', '19:24:00', '2024-12-09', 24, 2, 1, 'Lay reason dinner.', 41, 45, NOW(), 11);
INSERT INTO `reservation_slips` (`reservation_slip_id`, `cus_name`, `phone_number`, `status`, `arrival_time`, `arrival_date`, `table_number`, `branch_id`, `guests_number`, `notes`, `member_card_id`, `waiter`, `created_at`, `online_account`) VALUES (60, 'Andrew Pierce', '001-528-760-4208', 'canceled', '10:43:00', '2024-12-23', 48, 4, 5, 'Natural tax also media born.', 24, 4, NOW(), 9);
INSERT INTO `reservation_slips` (`reservation_slip_id`, `cus_name`, `phone_number`, `status`, `arrival_time`, `arrival_date`, `table_number`, `branch_id`, `guests_number`, `notes`, `member_card_id`, `waiter`, `created_at`, `online_account`) VALUES (61, 'Richard Jackson', '328.494.4054', 'completed', '19:16:00', '2024-12-11', 45, 9, 6, 'Speak shoulder argue discussion per security.', 13, 17, NOW(), 1);
INSERT INTO `reservation_slips` (`reservation_slip_id`, `cus_name`, `phone_number`, `status`, `arrival_time`, `arrival_date`, `table_number`, `branch_id`, `guests_number`, `notes`, `member_card_id`, `waiter`, `created_at`, `online_account`) VALUES (62, 'Catherine Tanner', '+1-679-578-5302x99398', 'completed', '10:06:00', '2024-12-17', 21, 3, 7, 'Take leg popular night.', NULL, 44, NOW(), 35);
INSERT INTO `reservation_slips` (`reservation_slip_id`, `cus_name`, `phone_number`, `status`, `arrival_time`, `arrival_date`, `table_number`, `branch_id`, `guests_number`, `notes`, `member_card_id`, `waiter`, `created_at`, `online_account`) VALUES (63, 'Antonio Macias', '241.572.2084', 'canceled', '12:54:00', '2024-12-23', 22, 1, 8, 'Against computer read vote support.', 1, 42, NOW(), 3);
INSERT INTO `reservation_slips` (`reservation_slip_id`, `cus_name`, `phone_number`, `status`, `arrival_time`, `arrival_date`, `table_number`, `branch_id`, `guests_number`, `notes`, `member_card_id`, `waiter`, `created_at`, `online_account`) VALUES (64, 'Kimberly Young', '364-664-4278x8105', 'completed', '19:22:00', '2024-12-10', 31, 7, 2, 'Then manage soldier partner account growth.', NULL, 20, NOW(), 6);
INSERT INTO `reservation_slips` (`reservation_slip_id`, `cus_name`, `phone_number`, `status`, `arrival_time`, `arrival_date`, `table_number`, `branch_id`, `guests_number`, `notes`, `member_card_id`, `waiter`, `created_at`, `online_account`) VALUES (65, 'Chelsea Brown', '(915)755-9551', 'table_in_use', '15:40:00', '2024-12-19', 15, 2, 4, 'Agreement seem rock choose.', 34, 28, NOW(), 26);
INSERT INTO `reservation_slips` (`reservation_slip_id`, `cus_name`, `phone_number`, `status`, `arrival_time`, `arrival_date`, `table_number`, `branch_id`, `guests_number`, `notes`, `member_card_id`, `waiter`, `created_at`, `online_account`) VALUES (66, 'Sabrina Huerta', '223-996-8296', 'completed', '11:53:00', '2024-12-22', 41, 4, 7, 'Outside court generation student check.', NULL, 34, NOW(), 32);
INSERT INTO `reservation_slips` (`reservation_slip_id`, `cus_name`, `phone_number`, `status`, `arrival_time`, `arrival_date`, `table_number`, `branch_id`, `guests_number`, `notes`, `member_card_id`, `waiter`, `created_at`, `online_account`) VALUES (67, 'Richard Cooper', '990.287.6763x607', 'table_in_use', '13:50:00', '2024-12-12', 22, 7, 2, 'Authority face bill develop contain.', NULL, 10, NOW(), 31);
INSERT INTO `reservation_slips` (`reservation_slip_id`, `cus_name`, `phone_number`, `status`, `arrival_time`, `arrival_date`, `table_number`, `branch_id`, `guests_number`, `notes`, `member_card_id`, `waiter`, `created_at`, `online_account`) VALUES (68, 'Shannon Koch', '001-721-474-5236x150', 'completed', '10:34:00', '2024-12-26', 10, 2, 7, 'Body thought entire.', 42, 14, NOW(), 48);
INSERT INTO `reservation_slips` (`reservation_slip_id`, `cus_name`, `phone_number`, `status`, `arrival_time`, `arrival_date`, `table_number`, `branch_id`, `guests_number`, `notes`, `member_card_id`, `waiter`, `created_at`, `online_account`) VALUES (69, 'Patricia Love', '(452)920-3612', 'completed', '16:56:00', '2024-12-09', 27, 4, 4, 'Run determine half poor teacher expert.', 34, 44, NOW(), 36);
INSERT INTO `reservation_slips` (`reservation_slip_id`, `cus_name`, `phone_number`, `status`, `arrival_time`, `arrival_date`, `table_number`, `branch_id`, `guests_number`, `notes`, `member_card_id`, `waiter`, `created_at`, `online_account`) VALUES (70, 'Lisa Levy', '822-635-1771x25942', 'canceled', '13:10:00', '2024-12-19', 8, 9, 1, 'Test positive light town.', 17, 1, NOW(), 11);
INSERT INTO `reservation_slips` (`reservation_slip_id`, `cus_name`, `phone_number`, `status`, `arrival_time`, `arrival_date`, `table_number`, `branch_id`, `guests_number`, `notes`, `member_card_id`, `waiter`, `created_at`, `online_account`) VALUES (71, 'Jorge Erickson Jr.', '580.470.7977x6253', 'canceled', '16:15:00', '2024-12-21', 34, 2, 8, 'Arm want group source maintain meeting.', NULL, 29, NOW(), 29);
INSERT INTO `reservation_slips` (`reservation_slip_id`, `cus_name`, `phone_number`, `status`, `arrival_time`, `arrival_date`, `table_number`, `branch_id`, `guests_number`, `notes`, `member_card_id`, `waiter`, `created_at`, `online_account`) VALUES (72, 'Stacey Cox', '+1-449-349-6207x414', 'canceled', '13:34:00', '2024-12-01', 48, 7, 7, 'Family board behavior painting your field.', 9, 19, NOW(), 44);
INSERT INTO `reservation_slips` (`reservation_slip_id`, `cus_name`, `phone_number`, `status`, `arrival_time`, `arrival_date`, `table_number`, `branch_id`, `guests_number`, `notes`, `member_card_id`, `waiter`, `created_at`, `online_account`) VALUES (73, 'Miss Kathy Hunt', '+1-329-413-1758', 'canceled', '19:48:00', '2024-12-10', 27, 5, 2, 'West structure majority consider.', 1, 8, NOW(), 28);
INSERT INTO `reservation_slips` (`reservation_slip_id`, `cus_name`, `phone_number`, `status`, `arrival_time`, `arrival_date`, `table_number`, `branch_id`, `guests_number`, `notes`, `member_card_id`, `waiter`, `created_at`, `online_account`) VALUES (74, 'Eric Martinez', '(675)493-7650x12698', 'table_in_use', '17:39:00', '2024-12-02', 45, 7, 1, 'Develop his natural dinner.', 41, 15, NOW(), 28);
INSERT INTO `reservation_slips` (`reservation_slip_id`, `cus_name`, `phone_number`, `status`, `arrival_time`, `arrival_date`, `table_number`, `branch_id`, `guests_number`, `notes`, `member_card_id`, `waiter`, `created_at`, `online_account`) VALUES (75, 'Todd Williams', '001-565-601-7892', 'completed', '16:45:00', '2024-12-28', 26, 8, 5, 'Participant they class outside money.', NULL, 34, NOW(), 21);
INSERT INTO `reservation_slips` (`reservation_slip_id`, `cus_name`, `phone_number`, `status`, `arrival_time`, `arrival_date`, `table_number`, `branch_id`, `guests_number`, `notes`, `member_card_id`, `waiter`, `created_at`, `online_account`) VALUES (76, 'Amanda Horton', '689-464-3614x0348', 'waiting_for_guest', '12:44:00', '2024-12-23', 39, 7, 3, 'Degree executive more yeah language almost.', 1, 28, NOW(), 34);
INSERT INTO `reservation_slips` (`reservation_slip_id`, `cus_name`, `phone_number`, `status`, `arrival_time`, `arrival_date`, `table_number`, `branch_id`, `guests_number`, `notes`, `member_card_id`, `waiter`, `created_at`, `online_account`) VALUES (77, 'Ruben Mills', '273-943-5817', 'waiting_for_guest', '18:06:00', '2024-12-22', 15, 6, 1, 'Girl perhaps better.', NULL, 13, NOW(), 26);
INSERT INTO `reservation_slips` (`reservation_slip_id`, `cus_name`, `phone_number`, `status`, `arrival_time`, `arrival_date`, `table_number`, `branch_id`, `guests_number`, `notes`, `member_card_id`, `waiter`, `created_at`, `online_account`) VALUES (78, 'Heather Mitchell', '+1-852-288-6203', 'waiting_for_guest', '17:17:00', '2024-12-12', 32, 5, 4, 'Week community former walk not street.', 35, 20, NOW(), 29);
INSERT INTO `reservation_slips` (`reservation_slip_id`, `cus_name`, `phone_number`, `status`, `arrival_time`, `arrival_date`, `table_number`, `branch_id`, `guests_number`, `notes`, `member_card_id`, `waiter`, `created_at`, `online_account`) VALUES (79, 'Michael Bentley', '277-775-9921x2364', 'canceled', '11:38:00', '2024-12-12', 6, 3, 6, 'Onto watch drop sign.', NULL, 33, NOW(), 6);
INSERT INTO `reservation_slips` (`reservation_slip_id`, `cus_name`, `phone_number`, `status`, `arrival_time`, `arrival_date`, `table_number`, `branch_id`, `guests_number`, `notes`, `member_card_id`, `waiter`, `created_at`, `online_account`) VALUES (80, 'Jessica Chapman', '660-994-8400x47120', 'waiting_for_guest', '18:25:00', '2024-12-23', 38, 6, 6, 'Language increase amount then.', 37, 33, NOW(), 48);
INSERT INTO `reservation_slips` (`reservation_slip_id`, `cus_name`, `phone_number`, `status`, `arrival_time`, `arrival_date`, `table_number`, `branch_id`, `guests_number`, `notes`, `member_card_id`, `waiter`, `created_at`, `online_account`) VALUES (81, 'Danielle Oliver', '(354)575-6441', 'table_in_use', '15:14:00', '2024-12-26', 41, 4, 5, 'Build nation believe approach fund.', NULL, 12, NOW(), 10);
INSERT INTO `reservation_slips` (`reservation_slip_id`, `cus_name`, `phone_number`, `status`, `arrival_time`, `arrival_date`, `table_number`, `branch_id`, `guests_number`, `notes`, `member_card_id`, `waiter`, `created_at`, `online_account`) VALUES (82, 'Joshua Reynolds', '766.639.8894x4951', 'completed', '16:23:00', '2024-12-10', 32, 5, 3, 'Off option story.', 13, 43, NOW(), 43);
INSERT INTO `reservation_slips` (`reservation_slip_id`, `cus_name`, `phone_number`, `status`, `arrival_time`, `arrival_date`, `table_number`, `branch_id`, `guests_number`, `notes`, `member_card_id`, `waiter`, `created_at`, `online_account`) VALUES (83, 'Becky Salinas', '3253486505', 'completed', '14:26:00', '2024-12-10', 38, 6, 4, 'People believe response factor meet couple.', NULL, 38, NOW(), 8);
INSERT INTO `reservation_slips` (`reservation_slip_id`, `cus_name`, `phone_number`, `status`, `arrival_time`, `arrival_date`, `table_number`, `branch_id`, `guests_number`, `notes`, `member_card_id`, `waiter`, `created_at`, `online_account`) VALUES (84, 'Daniel Jackson', '(395)323-6597x4137', 'canceled', '15:52:00', '2024-12-10', 14, 7, 2, 'Already ball local stop.', 1, 15, NOW(), 6);
INSERT INTO `reservation_slips` (`reservation_slip_id`, `cus_name`, `phone_number`, `status`, `arrival_time`, `arrival_date`, `table_number`, `branch_id`, `guests_number`, `notes`, `member_card_id`, `waiter`, `created_at`, `online_account`) VALUES (85, 'Christopher Williams', '939-599-1478', 'canceled', '12:00:00', '2024-12-28', 16, 5, 5, 'So hard effect issue.', NULL, 37, NOW(), 48);
INSERT INTO `reservation_slips` (`reservation_slip_id`, `cus_name`, `phone_number`, `status`, `arrival_time`, `arrival_date`, `table_number`, `branch_id`, `guests_number`, `notes`, `member_card_id`, `waiter`, `created_at`, `online_account`) VALUES (86, 'Brett Downs', '001-550-352-2863x0439', 'table_in_use', '11:31:00', '2024-12-02', 12, 6, 1, 'Nation opportunity her available.', NULL, 18, NOW(), 20);
INSERT INTO `reservation_slips` (`reservation_slip_id`, `cus_name`, `phone_number`, `status`, `arrival_time`, `arrival_date`, `table_number`, `branch_id`, `guests_number`, `notes`, `member_card_id`, `waiter`, `created_at`, `online_account`) VALUES (87, 'Christopher Pacheco Jr.', '991.267.2214x56985', 'waiting_for_guest', '18:55:00', '2024-12-08', 21, 7, 5, 'Yourself name charge write.', NULL, 31, NOW(), 5);
INSERT INTO `reservation_slips` (`reservation_slip_id`, `cus_name`, `phone_number`, `status`, `arrival_time`, `arrival_date`, `table_number`, `branch_id`, `guests_number`, `notes`, `member_card_id`, `waiter`, `created_at`, `online_account`) VALUES (88, 'Mr. Alexander Gilbert', '+1-998-620-6277', 'canceled', '19:22:00', '2024-12-11', 45, 1, 5, 'Congress beyond argue it.', NULL, 21, NOW(), 50);
INSERT INTO `reservation_slips` (`reservation_slip_id`, `cus_name`, `phone_number`, `status`, `arrival_time`, `arrival_date`, `table_number`, `branch_id`, `guests_number`, `notes`, `member_card_id`, `waiter`, `created_at`, `online_account`) VALUES (89, 'Stephen Ray', '740.491.8021x3859', 'table_in_use', '15:56:00', '2024-12-04', 33, 1, 5, 'Like half learn artist oil.', NULL, 37, NOW(), 13);
INSERT INTO `reservation_slips` (`reservation_slip_id`, `cus_name`, `phone_number`, `status`, `arrival_time`, `arrival_date`, `table_number`, `branch_id`, `guests_number`, `notes`, `member_card_id`, `waiter`, `created_at`, `online_account`) VALUES (90, 'Terry Lewis', '842.542.0165', 'canceled', '12:07:00', '2024-12-03', 28, 1, 5, 'Key her trouble series.', NULL, 32, NOW(), 50);
INSERT INTO `reservation_slips` (`reservation_slip_id`, `cus_name`, `phone_number`, `status`, `arrival_time`, `arrival_date`, `table_number`, `branch_id`, `guests_number`, `notes`, `member_card_id`, `waiter`, `created_at`, `online_account`) VALUES (91, 'Taylor Miller', '221-447-7745x341', 'table_in_use', '14:03:00', '2024-12-16', 20, 3, 1, 'Sometimes agreement though.', 42, 22, NOW(), 21);
INSERT INTO `reservation_slips` (`reservation_slip_id`, `cus_name`, `phone_number`, `status`, `arrival_time`, `arrival_date`, `table_number`, `branch_id`, `guests_number`, `notes`, `member_card_id`, `waiter`, `created_at`, `online_account`) VALUES (92, 'Paige Cardenas', '001-532-779-6844x83506', 'waiting_for_guest', '17:13:00', '2024-12-04', 36, 4, 2, 'Who range sort miss.', NULL, 36, NOW(), 8);
INSERT INTO `reservation_slips` (`reservation_slip_id`, `cus_name`, `phone_number`, `status`, `arrival_time`, `arrival_date`, `table_number`, `branch_id`, `guests_number`, `notes`, `member_card_id`, `waiter`, `created_at`, `online_account`) VALUES (93, 'James Clark', '+1-271-602-6240x162', 'table_in_use', '21:53:00', '2024-12-06', 44, 6, 8, 'Game think their keep number.', NULL, 46, NOW(), 6);
INSERT INTO `reservation_slips` (`reservation_slip_id`, `cus_name`, `phone_number`, `status`, `arrival_time`, `arrival_date`, `table_number`, `branch_id`, `guests_number`, `notes`, `member_card_id`, `waiter`, `created_at`, `online_account`) VALUES (94, 'Julie Vargas', '001-558-787-0737x3992', 'canceled', '17:17:00', '2024-12-27', 27, 5, 1, 'Food too test law computer Democrat.', NULL, 46, NOW(), 3);
INSERT INTO `reservation_slips` (`reservation_slip_id`, `cus_name`, `phone_number`, `status`, `arrival_time`, `arrival_date`, `table_number`, `branch_id`, `guests_number`, `notes`, `member_card_id`, `waiter`, `created_at`, `online_account`) VALUES (95, 'Jessica Coleman', '+1-678-882-2751x2199', 'table_in_use', '20:44:00', '2024-12-22', 43, 6, 4, 'Year him her rule listen officer.', 33, 36, NOW(), 27);
INSERT INTO `reservation_slips` (`reservation_slip_id`, `cus_name`, `phone_number`, `status`, `arrival_time`, `arrival_date`, `table_number`, `branch_id`, `guests_number`, `notes`, `member_card_id`, `waiter`, `created_at`, `online_account`) VALUES (96, 'Patricia Salinas', '431-780-0107x0048', 'table_in_use', '13:08:00', '2024-12-12', 11, 4, 6, 'Half different since democratic though second.', NULL, 32, NOW(), 4);
INSERT INTO `reservation_slips` (`reservation_slip_id`, `cus_name`, `phone_number`, `status`, `arrival_time`, `arrival_date`, `table_number`, `branch_id`, `guests_number`, `notes`, `member_card_id`, `waiter`, `created_at`, `online_account`) VALUES (97, 'Jaclyn Harmon', '001-451-521-4155x1291', 'canceled', '14:48:00', '2024-12-21', 21, 4, 1, 'Spend lose partner.', 2, 23, NOW(), 8);
INSERT INTO `reservation_slips` (`reservation_slip_id`, `cus_name`, `phone_number`, `status`, `arrival_time`, `arrival_date`, `table_number`, `branch_id`, `guests_number`, `notes`, `member_card_id`, `waiter`, `created_at`, `online_account`) VALUES (98, 'Kaitlyn Baxter', '8358946520', 'table_in_use', '12:28:00', '2024-12-06', 26, 7, 4, 'Describe point bill since.', 39, 42, NOW(), 26);
INSERT INTO `reservation_slips` (`reservation_slip_id`, `cus_name`, `phone_number`, `status`, `arrival_time`, `arrival_date`, `table_number`, `branch_id`, `guests_number`, `notes`, `member_card_id`, `waiter`, `created_at`, `online_account`) VALUES (99, 'Douglas French', '(698)559-1372x87803', 'table_in_use', '13:33:00', '2024-12-03', 27, 7, 5, 'Government field author rock office option.', 36, 29, NOW(), 9);
INSERT INTO `reservation_slips` (`reservation_slip_id`, `cus_name`, `phone_number`, `status`, `arrival_time`, `arrival_date`, `table_number`, `branch_id`, `guests_number`, `notes`, `member_card_id`, `waiter`, `created_at`, `online_account`) VALUES (100, 'Juan Pennington', '(687)679-1708x840', 'table_in_use', '10:45:00', '2024-12-15', 10, 7, 1, 'Several Congress yard avoid author partner.', NULL, 40, NOW(), 3);

START TRANSACTION;

INSERT INTO `orders` (`order_id`, `branch_id`, `online_user_id`, `reservation_slip_id`, `order_type`, `status`, `created_at`) VALUES (1, NULL, NULL, 21, 'dine-in', 'waiting_for_guest', '2024-12-23 04:13:53');
INSERT INTO `orders` (`order_id`, `branch_id`, `online_user_id`, `reservation_slip_id`, `order_type`, `status`, `created_at`) VALUES (2, 10, 33, NULL, 'delivery', 'delivered', '2024-12-05 17:17:51');
INSERT INTO `orders` (`order_id`, `branch_id`, `online_user_id`, `reservation_slip_id`, `order_type`, `status`, `created_at`) VALUES (3, NULL, NULL, 55, 'dine-in', 'serving', '2024-12-03 06:11:00');
INSERT INTO `orders` (`order_id`, `branch_id`, `online_user_id`, `reservation_slip_id`, `order_type`, `status`, `created_at`) VALUES (4, NULL, NULL, 90, 'dine-in', 'billed', '2024-12-16 17:25:47');
INSERT INTO `orders` (`order_id`, `branch_id`, `online_user_id`, `reservation_slip_id`, `order_type`, `status`, `created_at`) VALUES (5, 5, 12, NULL, 'delivery', 'in_delivery', '2024-12-15 15:58:57');
INSERT INTO `orders` (`order_id`, `branch_id`, `online_user_id`, `reservation_slip_id`, `order_type`, `status`, `created_at`) VALUES (6, 3, 37, NULL, 'delivery', 'in_delivery', '2024-12-19 19:48:43');
INSERT INTO `orders` (`order_id`, `branch_id`, `online_user_id`, `reservation_slip_id`, `order_type`, `status`, `created_at`) VALUES (7, 8, 17, NULL, 'delivery', 'delivered', '2024-12-16 18:53:32');
INSERT INTO `orders` (`order_id`, `branch_id`, `online_user_id`, `reservation_slip_id`, `order_type`, `status`, `created_at`) VALUES (8, NULL, NULL, 38, 'dine-in', 'serving', '2024-12-01 18:28:08');
INSERT INTO `orders` (`order_id`, `branch_id`, `online_user_id`, `reservation_slip_id`, `order_type`, `status`, `created_at`) VALUES (9, NULL, NULL, 18, 'dine-in', 'waiting_for_guest', '2024-12-27 09:39:48');
INSERT INTO `orders` (`order_id`, `branch_id`, `online_user_id`, `reservation_slip_id`, `order_type`, `status`, `created_at`) VALUES (10, 7, 45, NULL, 'delivery', 'cancelled', '2024-12-01 17:10:23');
INSERT INTO `orders` (`order_id`, `branch_id`, `online_user_id`, `reservation_slip_id`, `order_type`, `status`, `created_at`) VALUES (11, 3, 49, NULL, 'delivery', 'billed', '2024-12-23 16:48:04');
INSERT INTO `orders` (`order_id`, `branch_id`, `online_user_id`, `reservation_slip_id`, `order_type`, `status`, `created_at`) VALUES (12, NULL, NULL, 86, 'dine-in', 'serving', '2024-12-13 03:12:02');
INSERT INTO `orders` (`order_id`, `branch_id`, `online_user_id`, `reservation_slip_id`, `order_type`, `status`, `created_at`) VALUES (13, NULL, NULL, 26, 'dine-in', 'billed', '2024-12-18 06:39:59');
INSERT INTO `orders` (`order_id`, `branch_id`, `online_user_id`, `reservation_slip_id`, `order_type`, `status`, `created_at`) VALUES (14, NULL, NULL, 93, 'dine-in', 'serving', '2024-12-12 12:21:40');
INSERT INTO `orders` (`order_id`, `branch_id`, `online_user_id`, `reservation_slip_id`, `order_type`, `status`, `created_at`) VALUES (15, 4, 2, NULL, 'delivery', 'delivered', '2024-12-25 16:39:21');
INSERT INTO `orders` (`order_id`, `branch_id`, `online_user_id`, `reservation_slip_id`, `order_type`, `status`, `created_at`) VALUES (16, NULL, NULL, 52, 'dine-in', 'serving', '2024-12-11 17:17:56');
INSERT INTO `orders` (`order_id`, `branch_id`, `online_user_id`, `reservation_slip_id`, `order_type`, `status`, `created_at`) VALUES (17, 8, 13, NULL, 'delivery', 'cancelled', '2024-12-23 19:26:06');
INSERT INTO `orders` (`order_id`, `branch_id`, `online_user_id`, `reservation_slip_id`, `order_type`, `status`, `created_at`) VALUES (18, 8, 43, NULL, 'delivery', 'cancelled', '2024-12-25 19:51:25');
INSERT INTO `orders` (`order_id`, `branch_id`, `online_user_id`, `reservation_slip_id`, `order_type`, `status`, `created_at`) VALUES (19, NULL, NULL, 37, 'dine-in', 'serving', '2024-12-11 02:50:48');
INSERT INTO `orders` (`order_id`, `branch_id`, `online_user_id`, `reservation_slip_id`, `order_type`, `status`, `created_at`) VALUES (20, 8, 32, NULL, 'delivery', 'cancelled', '2024-12-16 16:17:22');
INSERT INTO `orders` (`order_id`, `branch_id`, `online_user_id`, `reservation_slip_id`, `order_type`, `status`, `created_at`) VALUES (21, NULL, NULL, 87, 'dine-in', 'waiting_for_guest', '2024-12-11 02:31:30');
INSERT INTO `orders` (`order_id`, `branch_id`, `online_user_id`, `reservation_slip_id`, `order_type`, `status`, `created_at`) VALUES (22, 9, 37, NULL, 'delivery', 'billed', '2024-12-28 01:10:21');
INSERT INTO `orders` (`order_id`, `branch_id`, `online_user_id`, `reservation_slip_id`, `order_type`, `status`, `created_at`) VALUES (23, NULL, NULL, 52, 'dine-in', 'billed', '2024-12-26 02:42:07');
INSERT INTO `orders` (`order_id`, `branch_id`, `online_user_id`, `reservation_slip_id`, `order_type`, `status`, `created_at`) VALUES (24, NULL, NULL, 92, 'dine-in', 'serving', '2024-12-16 06:46:23');
INSERT INTO `orders` (`order_id`, `branch_id`, `online_user_id`, `reservation_slip_id`, `order_type`, `status`, `created_at`) VALUES (25, 2, 11, NULL, 'delivery', 'delivered', '2024-12-16 00:05:18');
INSERT INTO `orders` (`order_id`, `branch_id`, `online_user_id`, `reservation_slip_id`, `order_type`, `status`, `created_at`) VALUES (26, 9, 14, NULL, 'delivery', 'in_delivery', '2024-12-16 12:10:25');
INSERT INTO `orders` (`order_id`, `branch_id`, `online_user_id`, `reservation_slip_id`, `order_type`, `status`, `created_at`) VALUES (27, 7, 30, NULL, 'delivery', 'delivered', '2024-12-19 11:41:55');
INSERT INTO `orders` (`order_id`, `branch_id`, `online_user_id`, `reservation_slip_id`, `order_type`, `status`, `created_at`) VALUES (28, 5, 34, NULL, 'delivery', 'cancelled', '2024-12-23 04:14:43');
INSERT INTO `orders` (`order_id`, `branch_id`, `online_user_id`, `reservation_slip_id`, `order_type`, `status`, `created_at`) VALUES (29, NULL, NULL, 89, 'dine-in', 'billed', '2024-12-06 03:46:07');
INSERT INTO `orders` (`order_id`, `branch_id`, `online_user_id`, `reservation_slip_id`, `order_type`, `status`, `created_at`) VALUES (30, NULL, NULL, 24, 'dine-in', 'waiting_for_guest', '2024-12-24 20:15:15');
INSERT INTO `orders` (`order_id`, `branch_id`, `online_user_id`, `reservation_slip_id`, `order_type`, `status`, `created_at`) VALUES (31, NULL, NULL, 29, 'dine-in', 'waiting_for_guest', '2024-12-18 14:04:24');
INSERT INTO `orders` (`order_id`, `branch_id`, `online_user_id`, `reservation_slip_id`, `order_type`, `status`, `created_at`) VALUES (32, 1, 35, NULL, 'delivery', 'billed', '2024-12-25 17:12:43');
INSERT INTO `orders` (`order_id`, `branch_id`, `online_user_id`, `reservation_slip_id`, `order_type`, `status`, `created_at`) VALUES (33, 7, 21, NULL, 'delivery', 'billed', '2024-12-25 11:08:45');
INSERT INTO `orders` (`order_id`, `branch_id`, `online_user_id`, `reservation_slip_id`, `order_type`, `status`, `created_at`) VALUES (34, NULL, NULL, 19, 'dine-in', 'billed', '2024-12-26 21:12:13');
INSERT INTO `orders` (`order_id`, `branch_id`, `online_user_id`, `reservation_slip_id`, `order_type`, `status`, `created_at`) VALUES (35, NULL, NULL, 15, 'dine-in', 'billed', '2024-12-22 22:50:15');
INSERT INTO `orders` (`order_id`, `branch_id`, `online_user_id`, `reservation_slip_id`, `order_type`, `status`, `created_at`) VALUES (36, NULL, NULL, 44, 'dine-in', 'waiting_for_guest', '2024-12-29 12:44:02');
INSERT INTO `orders` (`order_id`, `branch_id`, `online_user_id`, `reservation_slip_id`, `order_type`, `status`, `created_at`) VALUES (37, NULL, NULL, 17, 'dine-in', 'waiting_for_guest', '2024-12-14 20:36:19');
INSERT INTO `orders` (`order_id`, `branch_id`, `online_user_id`, `reservation_slip_id`, `order_type`, `status`, `created_at`) VALUES (38, NULL, NULL, 54, 'dine-in', 'billed', '2024-12-23 18:18:31');
INSERT INTO `orders` (`order_id`, `branch_id`, `online_user_id`, `reservation_slip_id`, `order_type`, `status`, `created_at`) VALUES (39, NULL, NULL, 54, 'dine-in', 'billed', '2024-12-08 08:33:41');
INSERT INTO `orders` (`order_id`, `branch_id`, `online_user_id`, `reservation_slip_id`, `order_type`, `status`, `created_at`) VALUES (40, NULL, NULL, 78, 'dine-in', 'billed', '2024-12-12 11:52:47');
INSERT INTO `orders` (`order_id`, `branch_id`, `online_user_id`, `reservation_slip_id`, `order_type`, `status`, `created_at`) VALUES (41, 2, 20, NULL, 'delivery', 'billed', '2024-12-26 07:18:20');
INSERT INTO `orders` (`order_id`, `branch_id`, `online_user_id`, `reservation_slip_id`, `order_type`, `status`, `created_at`) VALUES (42, 10, 32, NULL, 'delivery', 'delivered', '2024-12-21 06:59:57');
INSERT INTO `orders` (`order_id`, `branch_id`, `online_user_id`, `reservation_slip_id`, `order_type`, `status`, `created_at`) VALUES (43, NULL, NULL, 81, 'dine-in', 'waiting_for_guest', '2024-12-27 16:58:50');
INSERT INTO `orders` (`order_id`, `branch_id`, `online_user_id`, `reservation_slip_id`, `order_type`, `status`, `created_at`) VALUES (44, NULL, NULL, 97, 'dine-in', 'billed', '2024-12-21 15:27:27');
INSERT INTO `orders` (`order_id`, `branch_id`, `online_user_id`, `reservation_slip_id`, `order_type`, `status`, `created_at`) VALUES (45, 3, 11, NULL, 'delivery', 'in_delivery', '2024-12-16 09:34:47');
INSERT INTO `orders` (`order_id`, `branch_id`, `online_user_id`, `reservation_slip_id`, `order_type`, `status`, `created_at`) VALUES (46, 4, 48, NULL, 'delivery', 'cancelled', '2024-12-29 05:43:39');
INSERT INTO `orders` (`order_id`, `branch_id`, `online_user_id`, `reservation_slip_id`, `order_type`, `status`, `created_at`) VALUES (47, 9, 8, NULL, 'delivery', 'billed', '2024-12-04 11:11:51');
INSERT INTO `orders` (`order_id`, `branch_id`, `online_user_id`, `reservation_slip_id`, `order_type`, `status`, `created_at`) VALUES (48, NULL, NULL, 65, 'dine-in', 'billed', '2024-12-29 16:26:59');
INSERT INTO `orders` (`order_id`, `branch_id`, `online_user_id`, `reservation_slip_id`, `order_type`, `status`, `created_at`) VALUES (49, NULL, NULL, 71, 'dine-in', 'waiting_for_guest', '2024-12-25 21:51:52');
INSERT INTO `orders` (`order_id`, `branch_id`, `online_user_id`, `reservation_slip_id`, `order_type`, `status`, `created_at`) VALUES (50, 1, 39, NULL, 'delivery', 'in_delivery', '2024-12-04 01:17:59');
INSERT INTO `orders` (`order_id`, `branch_id`, `online_user_id`, `reservation_slip_id`, `order_type`, `status`, `created_at`) VALUES (51, 4, 5, NULL, 'delivery', 'delivered', '2024-12-07 08:28:17');
INSERT INTO `orders` (`order_id`, `branch_id`, `online_user_id`, `reservation_slip_id`, `order_type`, `status`, `created_at`) VALUES (52, 3, 49, NULL, 'delivery', 'in_delivery', '2024-12-08 08:13:26');
INSERT INTO `orders` (`order_id`, `branch_id`, `online_user_id`, `reservation_slip_id`, `order_type`, `status`, `created_at`) VALUES (53, 3, 36, NULL, 'delivery', 'billed', '2024-12-07 16:41:13');
INSERT INTO `orders` (`order_id`, `branch_id`, `online_user_id`, `reservation_slip_id`, `order_type`, `status`, `created_at`) VALUES (54, 1, 44, NULL, 'delivery', 'billed', '2024-12-07 03:34:06');
INSERT INTO `orders` (`order_id`, `branch_id`, `online_user_id`, `reservation_slip_id`, `order_type`, `status`, `created_at`) VALUES (55, NULL, NULL, 53, 'dine-in', 'billed', '2024-12-16 11:32:12');
INSERT INTO `orders` (`order_id`, `branch_id`, `online_user_id`, `reservation_slip_id`, `order_type`, `status`, `created_at`) VALUES (56, NULL, NULL, 13, 'dine-in', 'waiting_for_guest', '2024-12-26 18:18:14');
INSERT INTO `orders` (`order_id`, `branch_id`, `online_user_id`, `reservation_slip_id`, `order_type`, `status`, `created_at`) VALUES (57, NULL, NULL, 43, 'dine-in', 'billed', '2024-12-26 04:15:54');
INSERT INTO `orders` (`order_id`, `branch_id`, `online_user_id`, `reservation_slip_id`, `order_type`, `status`, `created_at`) VALUES (58, NULL, NULL, 47, 'dine-in', 'serving', '2024-12-08 02:38:30');
INSERT INTO `orders` (`order_id`, `branch_id`, `online_user_id`, `reservation_slip_id`, `order_type`, `status`, `created_at`) VALUES (59, NULL, NULL, 2, 'dine-in', 'serving', '2024-12-11 05:59:05');
INSERT INTO `orders` (`order_id`, `branch_id`, `online_user_id`, `reservation_slip_id`, `order_type`, `status`, `created_at`) VALUES (60, 7, 20, NULL, 'delivery', 'delivered', '2024-12-08 22:46:28');
INSERT INTO `orders` (`order_id`, `branch_id`, `online_user_id`, `reservation_slip_id`, `order_type`, `status`, `created_at`) VALUES (61, NULL, NULL, 29, 'dine-in', 'billed', '2024-12-20 20:41:32');
INSERT INTO `orders` (`order_id`, `branch_id`, `online_user_id`, `reservation_slip_id`, `order_type`, `status`, `created_at`) VALUES (62, 6, 16, NULL, 'delivery', 'delivered', '2024-12-12 10:47:02');
INSERT INTO `orders` (`order_id`, `branch_id`, `online_user_id`, `reservation_slip_id`, `order_type`, `status`, `created_at`) VALUES (63, 3, 42, NULL, 'delivery', 'delivered', '2024-12-27 02:10:36');
INSERT INTO `orders` (`order_id`, `branch_id`, `online_user_id`, `reservation_slip_id`, `order_type`, `status`, `created_at`) VALUES (64, 4, 7, NULL, 'delivery', 'cancelled', '2024-12-20 18:03:11');
INSERT INTO `orders` (`order_id`, `branch_id`, `online_user_id`, `reservation_slip_id`, `order_type`, `status`, `created_at`) VALUES (65, 1, 22, NULL, 'delivery', 'cancelled', '2024-12-27 02:57:16');
INSERT INTO `orders` (`order_id`, `branch_id`, `online_user_id`, `reservation_slip_id`, `order_type`, `status`, `created_at`) VALUES (66, 7, 5, NULL, 'delivery', 'delivered', '2024-12-11 18:08:12');
INSERT INTO `orders` (`order_id`, `branch_id`, `online_user_id`, `reservation_slip_id`, `order_type`, `status`, `created_at`) VALUES (67, NULL, NULL, 17, 'dine-in', 'serving', '2024-12-23 21:56:55');
INSERT INTO `orders` (`order_id`, `branch_id`, `online_user_id`, `reservation_slip_id`, `order_type`, `status`, `created_at`) VALUES (68, 7, 13, NULL, 'delivery', 'delivered', '2024-12-11 06:55:03');
INSERT INTO `orders` (`order_id`, `branch_id`, `online_user_id`, `reservation_slip_id`, `order_type`, `status`, `created_at`) VALUES (69, 6, 6, NULL, 'delivery', 'cancelled', '2024-12-23 13:09:26');
INSERT INTO `orders` (`order_id`, `branch_id`, `online_user_id`, `reservation_slip_id`, `order_type`, `status`, `created_at`) VALUES (70, NULL, NULL, 90, 'dine-in', 'billed', '2024-12-18 20:49:14');
INSERT INTO `orders` (`order_id`, `branch_id`, `online_user_id`, `reservation_slip_id`, `order_type`, `status`, `created_at`) VALUES (71, 8, 11, NULL, 'delivery', 'in_delivery', '2024-12-04 15:03:04');
INSERT INTO `orders` (`order_id`, `branch_id`, `online_user_id`, `reservation_slip_id`, `order_type`, `status`, `created_at`) VALUES (72, NULL, NULL, 3, 'dine-in', 'waiting_for_guest', '2024-12-12 16:19:52');
INSERT INTO `orders` (`order_id`, `branch_id`, `online_user_id`, `reservation_slip_id`, `order_type`, `status`, `created_at`) VALUES (73, 9, 27, NULL, 'delivery', 'delivered', '2024-12-21 12:31:49');
INSERT INTO `orders` (`order_id`, `branch_id`, `online_user_id`, `reservation_slip_id`, `order_type`, `status`, `created_at`) VALUES (74, 2, 22, NULL, 'delivery', 'cancelled', '2024-12-13 15:21:50');
INSERT INTO `orders` (`order_id`, `branch_id`, `online_user_id`, `reservation_slip_id`, `order_type`, `status`, `created_at`) VALUES (75, 4, 39, NULL, 'delivery', 'in_delivery', '2024-12-05 12:12:58');
INSERT INTO `orders` (`order_id`, `branch_id`, `online_user_id`, `reservation_slip_id`, `order_type`, `status`, `created_at`) VALUES (76, NULL, NULL, 73, 'dine-in', 'serving', '2024-12-19 23:45:57');
INSERT INTO `orders` (`order_id`, `branch_id`, `online_user_id`, `reservation_slip_id`, `order_type`, `status`, `created_at`) VALUES (77, 1, 8, NULL, 'delivery', 'cancelled', '2024-12-18 20:16:20');
INSERT INTO `orders` (`order_id`, `branch_id`, `online_user_id`, `reservation_slip_id`, `order_type`, `status`, `created_at`) VALUES (78, NULL, NULL, 9, 'dine-in', 'billed', '2024-12-04 23:04:21');
INSERT INTO `orders` (`order_id`, `branch_id`, `online_user_id`, `reservation_slip_id`, `order_type`, `status`, `created_at`) VALUES (79, NULL, NULL, 20, 'dine-in', 'serving', '2024-12-29 05:16:54');
INSERT INTO `orders` (`order_id`, `branch_id`, `online_user_id`, `reservation_slip_id`, `order_type`, `status`, `created_at`) VALUES (80, 1, 4, NULL, 'delivery', 'cancelled', '2024-12-03 03:58:51');
INSERT INTO `orders` (`order_id`, `branch_id`, `online_user_id`, `reservation_slip_id`, `order_type`, `status`, `created_at`) VALUES (81, 1, 20, NULL, 'delivery', 'in_delivery', '2024-12-10 12:32:04');
INSERT INTO `orders` (`order_id`, `branch_id`, `online_user_id`, `reservation_slip_id`, `order_type`, `status`, `created_at`) VALUES (82, NULL, NULL, 27, 'dine-in', 'billed', '2024-12-05 19:30:59');
INSERT INTO `orders` (`order_id`, `branch_id`, `online_user_id`, `reservation_slip_id`, `order_type`, `status`, `created_at`) VALUES (83, 10, 15, NULL, 'delivery', 'billed', '2024-12-07 09:54:30');
INSERT INTO `orders` (`order_id`, `branch_id`, `online_user_id`, `reservation_slip_id`, `order_type`, `status`, `created_at`) VALUES (84, NULL, NULL, 36, 'dine-in', 'billed', '2024-12-01 17:23:25');
INSERT INTO `orders` (`order_id`, `branch_id`, `online_user_id`, `reservation_slip_id`, `order_type`, `status`, `created_at`) VALUES (85, 6, 5, NULL, 'delivery', 'in_delivery', '2024-12-20 11:48:33');
INSERT INTO `orders` (`order_id`, `branch_id`, `online_user_id`, `reservation_slip_id`, `order_type`, `status`, `created_at`) VALUES (86, NULL, NULL, 80, 'dine-in', 'billed', '2024-12-23 20:07:32');
INSERT INTO `orders` (`order_id`, `branch_id`, `online_user_id`, `reservation_slip_id`, `order_type`, `status`, `created_at`) VALUES (87, 10, 39, NULL, 'delivery', 'cancelled', '2024-12-25 22:56:32');
INSERT INTO `orders` (`order_id`, `branch_id`, `online_user_id`, `reservation_slip_id`, `order_type`, `status`, `created_at`) VALUES (88, NULL, NULL, 19, 'dine-in', 'waiting_for_guest', '2024-12-20 01:22:20');
INSERT INTO `orders` (`order_id`, `branch_id`, `online_user_id`, `reservation_slip_id`, `order_type`, `status`, `created_at`) VALUES (89, 6, 46, NULL, 'delivery', 'billed', '2024-12-24 15:58:12');
INSERT INTO `orders` (`order_id`, `branch_id`, `online_user_id`, `reservation_slip_id`, `order_type`, `status`, `created_at`) VALUES (90, 3, 35, NULL, 'delivery', 'delivered', '2024-12-23 12:34:31');
INSERT INTO `orders` (`order_id`, `branch_id`, `online_user_id`, `reservation_slip_id`, `order_type`, `status`, `created_at`) VALUES (91, NULL, NULL, 50, 'dine-in', 'serving', '2024-12-01 16:40:36');
INSERT INTO `orders` (`order_id`, `branch_id`, `online_user_id`, `reservation_slip_id`, `order_type`, `status`, `created_at`) VALUES (92, 8, 23, NULL, 'delivery', 'cancelled', '2024-12-05 23:31:24');
INSERT INTO `orders` (`order_id`, `branch_id`, `online_user_id`, `reservation_slip_id`, `order_type`, `status`, `created_at`) VALUES (93, 5, 31, NULL, 'delivery', 'cancelled', '2024-12-13 06:01:44');
INSERT INTO `orders` (`order_id`, `branch_id`, `online_user_id`, `reservation_slip_id`, `order_type`, `status`, `created_at`) VALUES (94, 2, 24, NULL, 'delivery', 'cancelled', '2024-12-01 10:59:56');
INSERT INTO `orders` (`order_id`, `branch_id`, `online_user_id`, `reservation_slip_id`, `order_type`, `status`, `created_at`) VALUES (95, NULL, NULL, 4, 'dine-in', 'waiting_for_guest', '2024-12-28 21:30:24');
INSERT INTO `orders` (`order_id`, `branch_id`, `online_user_id`, `reservation_slip_id`, `order_type`, `status`, `created_at`) VALUES (96, NULL, NULL, 100, 'dine-in', 'waiting_for_guest', '2024-12-13 01:35:31');
INSERT INTO `orders` (`order_id`, `branch_id`, `online_user_id`, `reservation_slip_id`, `order_type`, `status`, `created_at`) VALUES (97, NULL, NULL, 52, 'dine-in', 'serving', '2024-12-08 13:01:48');
INSERT INTO `orders` (`order_id`, `branch_id`, `online_user_id`, `reservation_slip_id`, `order_type`, `status`, `created_at`) VALUES (98, NULL, NULL, 28, 'dine-in', 'billed', '2024-12-04 13:29:01');
INSERT INTO `orders` (`order_id`, `branch_id`, `online_user_id`, `reservation_slip_id`, `order_type`, `status`, `created_at`) VALUES (99, 5, 23, NULL, 'delivery', 'billed', '2024-12-10 16:44:36');
INSERT INTO `orders` (`order_id`, `branch_id`, `online_user_id`, `reservation_slip_id`, `order_type`, `status`, `created_at`) VALUES (100, 1, 27, NULL, 'delivery', 'billed', '2024-12-14 03:05:00');

INSERT INTO `order_details` (`order_id`, `branch_id`, `dish_id`, `quantity`, `price`, `serve_at`, `created_at`, `update_at`) VALUES (1, NULL, 18, 6, 16.71, NULL, '2024-12-21 00:25:52', '2024-12-21 00:25:52');
INSERT INTO `order_details` (`order_id`, `branch_id`, `dish_id`, `quantity`, `price`, `serve_at`, `created_at`, `update_at`) VALUES (1, NULL, 42, 10, 8.2, NULL, '2024-12-18 23:32:57', '2024-12-18 23:32:57');
INSERT INTO `order_details` (`order_id`, `branch_id`, `dish_id`, `quantity`, `price`, `serve_at`, `created_at`, `update_at`) VALUES (1, NULL, 27, 7, 16.64, NULL, '2024-12-06 07:18:18', '2024-12-06 07:18:18');
INSERT INTO `order_details` (`order_id`, `branch_id`, `dish_id`, `quantity`, `price`, `serve_at`, `created_at`, `update_at`) VALUES (1, NULL, 2, 5, 18.66, NULL, '2024-12-18 11:10:37', '2024-12-18 11:10:37');
INSERT INTO `order_details` (`order_id`, `branch_id`, `dish_id`, `quantity`, `price`, `serve_at`, `created_at`, `update_at`) VALUES (1, NULL, 30, 2, 12.79, NULL, '2024-12-13 19:37:32', '2024-12-13 19:37:32');
INSERT INTO `order_details` (`order_id`, `branch_id`, `dish_id`, `quantity`, `price`, `serve_at`, `created_at`, `update_at`) VALUES (2, 10, 41, 4, 4.18, NULL, '2024-12-15 10:44:43', '2024-12-15 10:44:43');
INSERT INTO `order_details` (`order_id`, `branch_id`, `dish_id`, `quantity`, `price`, `serve_at`, `created_at`, `update_at`) VALUES (2, 10, 35, 6, 10.37, NULL, '2024-12-28 00:00:25', '2024-12-28 00:00:25');
INSERT INTO `order_details` (`order_id`, `branch_id`, `dish_id`, `quantity`, `price`, `serve_at`, `created_at`, `update_at`) VALUES (2, 10, 32, 2, 7.96, NULL, '2024-12-19 13:44:02', '2024-12-19 13:44:02');
INSERT INTO `order_details` (`order_id`, `branch_id`, `dish_id`, `quantity`, `price`, `serve_at`, `created_at`, `update_at`) VALUES (2, 10, 43, 8, 8.87, NULL, '2024-12-24 08:37:12', '2024-12-24 08:37:12');
INSERT INTO `order_details` (`order_id`, `branch_id`, `dish_id`, `quantity`, `price`, `serve_at`, `created_at`, `update_at`) VALUES (2, 10, 6, 10, 17.97, NULL, '2024-12-20 09:14:22', '2024-12-20 09:14:22');
INSERT INTO `order_details` (`order_id`, `branch_id`, `dish_id`, `quantity`, `price`, `serve_at`, `created_at`, `update_at`) VALUES (2, 10, 4, 1, 19.21, NULL, '2024-12-06 05:26:37', '2024-12-06 05:26:37');
INSERT INTO `order_details` (`order_id`, `branch_id`, `dish_id`, `quantity`, `price`, `serve_at`, `created_at`, `update_at`) VALUES (2, 10, 10, 1, 15.72, NULL, '2024-12-28 07:26:15', '2024-12-28 07:26:15');
INSERT INTO `order_details` (`order_id`, `branch_id`, `dish_id`, `quantity`, `price`, `serve_at`, `created_at`, `update_at`) VALUES (3, NULL, 14, 9, 20.65, NULL, '2024-12-09 17:20:55', '2024-12-09 17:20:55');
INSERT INTO `order_details` (`order_id`, `branch_id`, `dish_id`, `quantity`, `price`, `serve_at`, `created_at`, `update_at`) VALUES (3, NULL, 22, 3, 29.61, NULL, '2024-12-06 03:38:55', '2024-12-06 03:38:55');
INSERT INTO `order_details` (`order_id`, `branch_id`, `dish_id`, `quantity`, `price`, `serve_at`, `created_at`, `update_at`) VALUES (3, NULL, 31, 4, 27.68, NULL, '2024-12-09 20:44:09', '2024-12-09 20:44:09');
INSERT INTO `order_details` (`order_id`, `branch_id`, `dish_id`, `quantity`, `price`, `serve_at`, `created_at`, `update_at`) VALUES (3, NULL, 21, 1, 13.42, NULL, '2024-12-09 14:18:54', '2024-12-09 14:18:54');
INSERT INTO `order_details` (`order_id`, `branch_id`, `dish_id`, `quantity`, `price`, `serve_at`, `created_at`, `update_at`) VALUES (3, NULL, 10, 8, 9.08, NULL, '2024-12-20 16:54:07', '2024-12-20 16:54:07');
INSERT INTO `order_details` (`order_id`, `branch_id`, `dish_id`, `quantity`, `price`, `serve_at`, `created_at`, `update_at`) VALUES (3, NULL, 5, 10, 16.09, NULL, '2024-12-13 04:08:43', '2024-12-13 04:08:43');
INSERT INTO `order_details` (`order_id`, `branch_id`, `dish_id`, `quantity`, `price`, `serve_at`, `created_at`, `update_at`) VALUES (3, NULL, 37, 6, 10.06, NULL, '2024-12-11 09:27:03', '2024-12-11 09:27:03');
INSERT INTO `order_details` (`order_id`, `branch_id`, `dish_id`, `quantity`, `price`, `serve_at`, `created_at`, `update_at`) VALUES (3, NULL, 32, 9, 7.42, NULL, '2024-12-20 12:43:54', '2024-12-20 12:43:54');
INSERT INTO `order_details` (`order_id`, `branch_id`, `dish_id`, `quantity`, `price`, `serve_at`, `created_at`, `update_at`) VALUES (3, NULL, 38, 2, 6.55, NULL, '2024-12-10 10:14:23', '2024-12-10 10:14:23');
INSERT INTO `order_details` (`order_id`, `branch_id`, `dish_id`, `quantity`, `price`, `serve_at`, `created_at`, `update_at`) VALUES (4, NULL, 21, 4, 22.52, NULL, '2024-12-25 17:49:19', '2024-12-25 17:49:19');
INSERT INTO `order_details` (`order_id`, `branch_id`, `dish_id`, `quantity`, `price`, `serve_at`, `created_at`, `update_at`) VALUES (4, NULL, 16, 9, 9.87, NULL, '2024-12-23 13:33:35', '2024-12-23 13:33:35');
INSERT INTO `order_details` (`order_id`, `branch_id`, `dish_id`, `quantity`, `price`, `serve_at`, `created_at`, `update_at`) VALUES (4, NULL, 23, 5, 13.76, NULL, '2024-12-15 13:52:27', '2024-12-15 13:52:27');
INSERT INTO `order_details` (`order_id`, `branch_id`, `dish_id`, `quantity`, `price`, `serve_at`, `created_at`, `update_at`) VALUES (4, NULL, 46, 2, 28.84, NULL, '2024-12-02 14:47:13', '2024-12-02 14:47:13');
INSERT INTO `order_details` (`order_id`, `branch_id`, `dish_id`, `quantity`, `price`, `serve_at`, `created_at`, `update_at`) VALUES (4, NULL, 9, 10, 26.71, NULL, '2024-12-03 05:24:53', '2024-12-03 05:24:53');
INSERT INTO `order_details` (`order_id`, `branch_id`, `dish_id`, `quantity`, `price`, `serve_at`, `created_at`, `update_at`) VALUES (4, NULL, 13, 4, 10.06, NULL, '2024-12-11 00:35:48', '2024-12-11 00:35:48');
INSERT INTO `order_details` (`order_id`, `branch_id`, `dish_id`, `quantity`, `price`, `serve_at`, `created_at`, `update_at`) VALUES (4, NULL, 24, 1, 13.59, NULL, '2024-12-17 06:14:06', '2024-12-17 06:14:06');
INSERT INTO `order_details` (`order_id`, `branch_id`, `dish_id`, `quantity`, `price`, `serve_at`, `created_at`, `update_at`) VALUES (4, NULL, 18, 8, 18.18, NULL, '2024-12-10 19:59:19', '2024-12-10 19:59:19');
INSERT INTO `order_details` (`order_id`, `branch_id`, `dish_id`, `quantity`, `price`, `serve_at`, `created_at`, `update_at`) VALUES (4, NULL, 2, 7, 13.68, NULL, '2024-12-04 07:47:49', '2024-12-04 07:47:49');
INSERT INTO `order_details` (`order_id`, `branch_id`, `dish_id`, `quantity`, `price`, `serve_at`, `created_at`, `update_at`) VALUES (4, NULL, 39, 4, 12.17, NULL, '2024-12-21 06:22:49', '2024-12-21 06:22:49');
INSERT INTO `order_details` (`order_id`, `branch_id`, `dish_id`, `quantity`, `price`, `serve_at`, `created_at`, `update_at`) VALUES (5, 5, 5, 6, 3.56, NULL, '2024-12-15 06:12:20', '2024-12-15 06:12:20');
INSERT INTO `order_details` (`order_id`, `branch_id`, `dish_id`, `quantity`, `price`, `serve_at`, `created_at`, `update_at`) VALUES (5, 5, 38, 8, 6.02, NULL, '2024-12-04 14:48:57', '2024-12-04 14:48:57');
INSERT INTO `order_details` (`order_id`, `branch_id`, `dish_id`, `quantity`, `price`, `serve_at`, `created_at`, `update_at`) VALUES (5, 5, 30, 5, 27.19, NULL, '2024-12-14 07:37:57', '2024-12-14 07:37:57');
INSERT INTO `order_details` (`order_id`, `branch_id`, `dish_id`, `quantity`, `price`, `serve_at`, `created_at`, `update_at`) VALUES (5, 5, 29, 8, 12.26, NULL, '2024-12-08 06:39:39', '2024-12-08 06:39:39');
INSERT INTO `order_details` (`order_id`, `branch_id`, `dish_id`, `quantity`, `price`, `serve_at`, `created_at`, `update_at`) VALUES (5, 5, 37, 10, 16.3, NULL, '2024-12-10 18:45:28', '2024-12-10 18:45:28');
INSERT INTO `order_details` (`order_id`, `branch_id`, `dish_id`, `quantity`, `price`, `serve_at`, `created_at`, `update_at`) VALUES (5, 5, 16, 8, 9.56, NULL, '2024-12-02 12:09:24', '2024-12-02 12:09:24');
INSERT INTO `order_details` (`order_id`, `branch_id`, `dish_id`, `quantity`, `price`, `serve_at`, `created_at`, `update_at`) VALUES (5, 5, 36, 6, 21.63, NULL, '2024-12-20 00:12:02', '2024-12-20 00:12:02');
INSERT INTO `order_details` (`order_id`, `branch_id`, `dish_id`, `quantity`, `price`, `serve_at`, `created_at`, `update_at`) VALUES (6, 3, 22, 7, 13.9, NULL, '2024-12-19 22:29:52', '2024-12-19 22:29:52');
INSERT INTO `order_details` (`order_id`, `branch_id`, `dish_id`, `quantity`, `price`, `serve_at`, `created_at`, `update_at`) VALUES (6, 3, 18, 10, 14.85, NULL, '2024-12-12 05:59:53', '2024-12-12 05:59:53');
INSERT INTO `order_details` (`order_id`, `branch_id`, `dish_id`, `quantity`, `price`, `serve_at`, `created_at`, `update_at`) VALUES (6, 3, 42, 10, 10.98, NULL, '2024-12-03 05:49:21', '2024-12-03 05:49:21');
INSERT INTO `order_details` (`order_id`, `branch_id`, `dish_id`, `quantity`, `price`, `serve_at`, `created_at`, `update_at`) VALUES (6, 3, 15, 5, 29.79, NULL, '2024-12-20 17:55:13', '2024-12-20 17:55:13');
INSERT INTO `order_details` (`order_id`, `branch_id`, `dish_id`, `quantity`, `price`, `serve_at`, `created_at`, `update_at`) VALUES (6, 3, 44, 1, 11.37, NULL, '2024-12-15 02:58:27', '2024-12-15 02:58:27');
INSERT INTO `order_details` (`order_id`, `branch_id`, `dish_id`, `quantity`, `price`, `serve_at`, `created_at`, `update_at`) VALUES (6, 3, 34, 10, 27.84, NULL, '2024-12-28 06:44:14', '2024-12-28 06:44:14');
INSERT INTO `order_details` (`order_id`, `branch_id`, `dish_id`, `quantity`, `price`, `serve_at`, `created_at`, `update_at`) VALUES (6, 3, 3, 3, 12.15, NULL, '2024-12-09 12:40:50', '2024-12-09 12:40:50');
INSERT INTO `order_details` (`order_id`, `branch_id`, `dish_id`, `quantity`, `price`, `serve_at`, `created_at`, `update_at`) VALUES (6, 3, 35, 4, 25.69, NULL, '2024-12-05 06:41:13', '2024-12-05 06:41:13');
INSERT INTO `order_details` (`order_id`, `branch_id`, `dish_id`, `quantity`, `price`, `serve_at`, `created_at`, `update_at`) VALUES (7, 8, 40, 9, 24.04, NULL, '2024-12-04 21:35:25', '2024-12-04 21:35:25');
INSERT INTO `order_details` (`order_id`, `branch_id`, `dish_id`, `quantity`, `price`, `serve_at`, `created_at`, `update_at`) VALUES (7, 8, 5, 2, 14.65, NULL, '2024-12-03 07:12:24', '2024-12-03 07:12:24');
INSERT INTO `order_details` (`order_id`, `branch_id`, `dish_id`, `quantity`, `price`, `serve_at`, `created_at`, `update_at`) VALUES (7, 8, 21, 3, 20.26, NULL, '2024-12-15 16:50:00', '2024-12-15 16:50:00');
INSERT INTO `order_details` (`order_id`, `branch_id`, `dish_id`, `quantity`, `price`, `serve_at`, `created_at`, `update_at`) VALUES (7, 8, 12, 7, 21.67, NULL, '2024-12-24 04:12:37', '2024-12-24 04:12:37');
INSERT INTO `order_details` (`order_id`, `branch_id`, `dish_id`, `quantity`, `price`, `serve_at`, `created_at`, `update_at`) VALUES (7, 8, 26, 7, 26.37, NULL, '2024-12-18 17:23:24', '2024-12-18 17:23:24');
INSERT INTO `order_details` (`order_id`, `branch_id`, `dish_id`, `quantity`, `price`, `serve_at`, `created_at`, `update_at`) VALUES (7, 8, 45, 7, 4.72, NULL, '2024-12-19 04:51:40', '2024-12-19 04:51:40');
INSERT INTO `order_details` (`order_id`, `branch_id`, `dish_id`, `quantity`, `price`, `serve_at`, `created_at`, `update_at`) VALUES (7, 8, 39, 3, 5.41, NULL, '2024-12-28 23:39:14', '2024-12-28 23:39:14');
INSERT INTO `order_details` (`order_id`, `branch_id`, `dish_id`, `quantity`, `price`, `serve_at`, `created_at`, `update_at`) VALUES (7, 8, 37, 4, 28.96, NULL, '2024-12-21 06:51:06', '2024-12-21 06:51:06');
INSERT INTO `order_details` (`order_id`, `branch_id`, `dish_id`, `quantity`, `price`, `serve_at`, `created_at`, `update_at`) VALUES (7, 8, 38, 2, 22.54, NULL, '2024-12-05 13:32:13', '2024-12-05 13:32:13');
INSERT INTO `order_details` (`order_id`, `branch_id`, `dish_id`, `quantity`, `price`, `serve_at`, `created_at`, `update_at`) VALUES (7, 8, 4, 4, 23.5, NULL, '2024-12-18 02:46:07', '2024-12-18 02:46:07');
INSERT INTO `order_details` (`order_id`, `branch_id`, `dish_id`, `quantity`, `price`, `serve_at`, `created_at`, `update_at`) VALUES (8, NULL, 22, 2, 11.88, NULL, '2024-12-25 23:29:32', '2024-12-25 23:29:32');
INSERT INTO `order_details` (`order_id`, `branch_id`, `dish_id`, `quantity`, `price`, `serve_at`, `created_at`, `update_at`) VALUES (8, NULL, 33, 3, 14.63, NULL, '2024-12-07 04:49:22', '2024-12-07 04:49:22');
INSERT INTO `order_details` (`order_id`, `branch_id`, `dish_id`, `quantity`, `price`, `serve_at`, `created_at`, `update_at`) VALUES (8, NULL, 24, 5, 16.35, NULL, '2024-12-25 21:03:24', '2024-12-25 21:03:24');
INSERT INTO `order_details` (`order_id`, `branch_id`, `dish_id`, `quantity`, `price`, `serve_at`, `created_at`, `update_at`) VALUES (8, NULL, 9, 10, 29.0, NULL, '2024-12-09 16:56:17', '2024-12-09 16:56:17');
INSERT INTO `order_details` (`order_id`, `branch_id`, `dish_id`, `quantity`, `price`, `serve_at`, `created_at`, `update_at`) VALUES (8, NULL, 19, 6, 12.99, NULL, '2024-12-14 19:35:59', '2024-12-14 19:35:59');
INSERT INTO `order_details` (`order_id`, `branch_id`, `dish_id`, `quantity`, `price`, `serve_at`, `created_at`, `update_at`) VALUES (8, NULL, 17, 3, 8.8, NULL, '2024-12-29 08:33:58', '2024-12-29 08:33:58');
INSERT INTO `order_details` (`order_id`, `branch_id`, `dish_id`, `quantity`, `price`, `serve_at`, `created_at`, `update_at`) VALUES (8, NULL, 35, 6, 6.99, NULL, '2024-12-21 23:53:40', '2024-12-21 23:53:40');
INSERT INTO `order_details` (`order_id`, `branch_id`, `dish_id`, `quantity`, `price`, `serve_at`, `created_at`, `update_at`) VALUES (8, NULL, 25, 1, 4.71, NULL, '2024-12-27 11:51:48', '2024-12-27 11:51:48');
INSERT INTO `order_details` (`order_id`, `branch_id`, `dish_id`, `quantity`, `price`, `serve_at`, `created_at`, `update_at`) VALUES (9, NULL, 35, 2, 13.34, NULL, '2024-12-13 20:19:55', '2024-12-13 20:19:55');
INSERT INTO `order_details` (`order_id`, `branch_id`, `dish_id`, `quantity`, `price`, `serve_at`, `created_at`, `update_at`) VALUES (9, NULL, 14, 8, 23.58, NULL, '2024-12-16 16:41:04', '2024-12-16 16:41:04');
INSERT INTO `order_details` (`order_id`, `branch_id`, `dish_id`, `quantity`, `price`, `serve_at`, `created_at`, `update_at`) VALUES (9, NULL, 13, 7, 21.0, NULL, '2024-12-11 01:55:24', '2024-12-11 01:55:24');
INSERT INTO `order_details` (`order_id`, `branch_id`, `dish_id`, `quantity`, `price`, `serve_at`, `created_at`, `update_at`) VALUES (9, NULL, 3, 4, 21.84, NULL, '2024-12-23 19:25:17', '2024-12-23 19:25:17');
INSERT INTO `order_details` (`order_id`, `branch_id`, `dish_id`, `quantity`, `price`, `serve_at`, `created_at`, `update_at`) VALUES (9, NULL, 40, 10, 15.89, NULL, '2024-12-03 07:00:41', '2024-12-03 07:00:41');
INSERT INTO `order_details` (`order_id`, `branch_id`, `dish_id`, `quantity`, `price`, `serve_at`, `created_at`, `update_at`) VALUES (9, NULL, 37, 2, 25.67, NULL, '2024-12-20 16:55:02', '2024-12-20 16:55:02');
INSERT INTO `order_details` (`order_id`, `branch_id`, `dish_id`, `quantity`, `price`, `serve_at`, `created_at`, `update_at`) VALUES (9, NULL, 11, 3, 23.21, NULL, '2024-12-16 05:37:19', '2024-12-16 05:37:19');
INSERT INTO `order_details` (`order_id`, `branch_id`, `dish_id`, `quantity`, `price`, `serve_at`, `created_at`, `update_at`) VALUES (9, NULL, 15, 2, 26.21, NULL, '2024-12-02 23:49:42', '2024-12-02 23:49:42');
INSERT INTO `order_details` (`order_id`, `branch_id`, `dish_id`, `quantity`, `price`, `serve_at`, `created_at`, `update_at`) VALUES (10, 7, 32, 7, 13.38, NULL, '2024-12-28 23:39:41', '2024-12-28 23:39:41');
INSERT INTO `order_details` (`order_id`, `branch_id`, `dish_id`, `quantity`, `price`, `serve_at`, `created_at`, `update_at`) VALUES (10, 7, 15, 8, 8.75, NULL, '2024-12-03 07:17:06', '2024-12-03 07:17:06');
INSERT INTO `order_details` (`order_id`, `branch_id`, `dish_id`, `quantity`, `price`, `serve_at`, `created_at`, `update_at`) VALUES (10, 7, 25, 2, 20.03, NULL, '2024-12-08 04:52:17', '2024-12-08 04:52:17');
INSERT INTO `order_details` (`order_id`, `branch_id`, `dish_id`, `quantity`, `price`, `serve_at`, `created_at`, `update_at`) VALUES (10, 7, 21, 9, 3.7, NULL, '2024-12-13 23:03:13', '2024-12-13 23:03:13');
INSERT INTO `order_details` (`order_id`, `branch_id`, `dish_id`, `quantity`, `price`, `serve_at`, `created_at`, `update_at`) VALUES (10, 7, 3, 1, 9.78, NULL, '2024-12-01 16:40:01', '2024-12-01 16:40:01');
INSERT INTO `order_details` (`order_id`, `branch_id`, `dish_id`, `quantity`, `price`, `serve_at`, `created_at`, `update_at`) VALUES (11, 3, 33, 10, 10.26, NULL, '2024-12-18 16:35:02', '2024-12-18 16:35:02');
INSERT INTO `order_details` (`order_id`, `branch_id`, `dish_id`, `quantity`, `price`, `serve_at`, `created_at`, `update_at`) VALUES (11, 3, 27, 3, 3.41, NULL, '2024-12-25 07:37:33', '2024-12-25 07:37:33');
INSERT INTO `order_details` (`order_id`, `branch_id`, `dish_id`, `quantity`, `price`, `serve_at`, `created_at`, `update_at`) VALUES (11, 3, 26, 7, 22.89, NULL, '2024-12-10 20:42:08', '2024-12-10 20:42:08');
INSERT INTO `order_details` (`order_id`, `branch_id`, `dish_id`, `quantity`, `price`, `serve_at`, `created_at`, `update_at`) VALUES (11, 3, 10, 5, 11.45, NULL, '2024-12-05 05:47:36', '2024-12-05 05:47:36');
INSERT INTO `order_details` (`order_id`, `branch_id`, `dish_id`, `quantity`, `price`, `serve_at`, `created_at`, `update_at`) VALUES (11, 3, 11, 2, 9.26, NULL, '2024-12-06 21:18:16', '2024-12-06 21:18:16');
INSERT INTO `order_details` (`order_id`, `branch_id`, `dish_id`, `quantity`, `price`, `serve_at`, `created_at`, `update_at`) VALUES (11, 3, 17, 1, 29.77, NULL, '2024-12-23 11:36:10', '2024-12-23 11:36:10');
INSERT INTO `order_details` (`order_id`, `branch_id`, `dish_id`, `quantity`, `price`, `serve_at`, `created_at`, `update_at`) VALUES (12, NULL, 11, 1, 12.91, NULL, '2024-12-09 23:20:09', '2024-12-09 23:20:09');
INSERT INTO `order_details` (`order_id`, `branch_id`, `dish_id`, `quantity`, `price`, `serve_at`, `created_at`, `update_at`) VALUES (12, NULL, 27, 10, 13.05, NULL, '2024-12-07 03:42:43', '2024-12-07 03:42:43');
INSERT INTO `order_details` (`order_id`, `branch_id`, `dish_id`, `quantity`, `price`, `serve_at`, `created_at`, `update_at`) VALUES (12, NULL, 13, 9, 9.47, NULL, '2024-12-10 05:12:58', '2024-12-10 05:12:58');
INSERT INTO `order_details` (`order_id`, `branch_id`, `dish_id`, `quantity`, `price`, `serve_at`, `created_at`, `update_at`) VALUES (12, NULL, 30, 7, 21.81, NULL, '2024-12-19 19:22:34', '2024-12-19 19:22:34');
INSERT INTO `order_details` (`order_id`, `branch_id`, `dish_id`, `quantity`, `price`, `serve_at`, `created_at`, `update_at`) VALUES (12, NULL, 29, 1, 28.78, NULL, '2024-12-26 17:38:18', '2024-12-26 17:38:18');
INSERT INTO `order_details` (`order_id`, `branch_id`, `dish_id`, `quantity`, `price`, `serve_at`, `created_at`, `update_at`) VALUES (12, NULL, 44, 3, 6.19, NULL, '2024-12-09 15:14:55', '2024-12-09 15:14:55');
INSERT INTO `order_details` (`order_id`, `branch_id`, `dish_id`, `quantity`, `price`, `serve_at`, `created_at`, `update_at`) VALUES (12, NULL, 16, 6, 3.84, NULL, '2024-12-10 15:43:43', '2024-12-10 15:43:43');
INSERT INTO `order_details` (`order_id`, `branch_id`, `dish_id`, `quantity`, `price`, `serve_at`, `created_at`, `update_at`) VALUES (13, NULL, 11, 4, 21.3, NULL, '2024-12-24 19:21:16', '2024-12-24 19:21:16');
INSERT INTO `order_details` (`order_id`, `branch_id`, `dish_id`, `quantity`, `price`, `serve_at`, `created_at`, `update_at`) VALUES (13, NULL, 33, 4, 3.82, NULL, '2024-12-02 23:34:58', '2024-12-02 23:34:58');
INSERT INTO `order_details` (`order_id`, `branch_id`, `dish_id`, `quantity`, `price`, `serve_at`, `created_at`, `update_at`) VALUES (13, NULL, 36, 1, 3.21, NULL, '2024-12-02 11:09:16', '2024-12-02 11:09:16');
INSERT INTO `order_details` (`order_id`, `branch_id`, `dish_id`, `quantity`, `price`, `serve_at`, `created_at`, `update_at`) VALUES (13, NULL, 41, 8, 27.12, NULL, '2024-12-05 02:23:31', '2024-12-05 02:23:31');
INSERT INTO `order_details` (`order_id`, `branch_id`, `dish_id`, `quantity`, `price`, `serve_at`, `created_at`, `update_at`) VALUES (13, NULL, 25, 4, 24.27, NULL, '2024-12-09 03:54:26', '2024-12-09 03:54:26');
INSERT INTO `order_details` (`order_id`, `branch_id`, `dish_id`, `quantity`, `price`, `serve_at`, `created_at`, `update_at`) VALUES (14, NULL, 34, 6, 14.66, NULL, '2024-12-21 21:12:12', '2024-12-21 21:12:12');
INSERT INTO `order_details` (`order_id`, `branch_id`, `dish_id`, `quantity`, `price`, `serve_at`, `created_at`, `update_at`) VALUES (14, NULL, 6, 9, 3.69, NULL, '2024-12-19 20:56:59', '2024-12-19 20:56:59');
INSERT INTO `order_details` (`order_id`, `branch_id`, `dish_id`, `quantity`, `price`, `serve_at`, `created_at`, `update_at`) VALUES (15, 4, 21, 6, 28.71, NULL, '2024-12-28 01:37:17', '2024-12-28 01:37:17');
INSERT INTO `order_details` (`order_id`, `branch_id`, `dish_id`, `quantity`, `price`, `serve_at`, `created_at`, `update_at`) VALUES (15, 4, 5, 1, 14.15, NULL, '2024-12-05 00:24:04', '2024-12-05 00:24:04');
INSERT INTO `order_details` (`order_id`, `branch_id`, `dish_id`, `quantity`, `price`, `serve_at`, `created_at`, `update_at`) VALUES (15, 4, 15, 9, 28.45, NULL, '2024-12-26 21:02:02', '2024-12-26 21:02:02');
INSERT INTO `order_details` (`order_id`, `branch_id`, `dish_id`, `quantity`, `price`, `serve_at`, `created_at`, `update_at`) VALUES (15, 4, 43, 9, 24.05, NULL, '2024-12-14 22:41:53', '2024-12-14 22:41:53');
INSERT INTO `order_details` (`order_id`, `branch_id`, `dish_id`, `quantity`, `price`, `serve_at`, `created_at`, `update_at`) VALUES (15, 4, 23, 4, 16.21, NULL, '2024-12-11 19:51:46', '2024-12-11 19:51:46');
INSERT INTO `order_details` (`order_id`, `branch_id`, `dish_id`, `quantity`, `price`, `serve_at`, `created_at`, `update_at`) VALUES (15, 4, 14, 10, 13.91, NULL, '2024-12-01 10:17:07', '2024-12-01 10:17:07');
INSERT INTO `order_details` (`order_id`, `branch_id`, `dish_id`, `quantity`, `price`, `serve_at`, `created_at`, `update_at`) VALUES (16, NULL, 4, 9, 22.45, NULL, '2024-12-10 08:39:25', '2024-12-10 08:39:25');
INSERT INTO `order_details` (`order_id`, `branch_id`, `dish_id`, `quantity`, `price`, `serve_at`, `created_at`, `update_at`) VALUES (16, NULL, 7, 2, 20.92, NULL, '2024-12-24 02:52:57', '2024-12-24 02:52:57');
INSERT INTO `order_details` (`order_id`, `branch_id`, `dish_id`, `quantity`, `price`, `serve_at`, `created_at`, `update_at`) VALUES (16, NULL, 39, 9, 12.8, NULL, '2024-12-17 17:08:18', '2024-12-17 17:08:18');
INSERT INTO `order_details` (`order_id`, `branch_id`, `dish_id`, `quantity`, `price`, `serve_at`, `created_at`, `update_at`) VALUES (16, NULL, 16, 3, 22.01, NULL, '2024-12-24 23:44:51', '2024-12-24 23:44:51');
INSERT INTO `order_details` (`order_id`, `branch_id`, `dish_id`, `quantity`, `price`, `serve_at`, `created_at`, `update_at`) VALUES (16, NULL, 14, 3, 23.42, NULL, '2024-12-03 04:49:46', '2024-12-03 04:49:46');
INSERT INTO `order_details` (`order_id`, `branch_id`, `dish_id`, `quantity`, `price`, `serve_at`, `created_at`, `update_at`) VALUES (16, NULL, 22, 2, 17.51, NULL, '2024-12-20 04:27:35', '2024-12-20 04:27:35');
INSERT INTO `order_details` (`order_id`, `branch_id`, `dish_id`, `quantity`, `price`, `serve_at`, `created_at`, `update_at`) VALUES (17, 8, 2, 4, 3.54, NULL, '2024-12-26 17:47:07', '2024-12-26 17:47:07');
INSERT INTO `order_details` (`order_id`, `branch_id`, `dish_id`, `quantity`, `price`, `serve_at`, `created_at`, `update_at`) VALUES (17, 8, 41, 4, 27.55, NULL, '2024-12-24 17:13:34', '2024-12-24 17:13:34');
INSERT INTO `order_details` (`order_id`, `branch_id`, `dish_id`, `quantity`, `price`, `serve_at`, `created_at`, `update_at`) VALUES (17, 8, 42, 3, 18.56, NULL, '2024-12-01 05:11:08', '2024-12-01 05:11:08');
INSERT INTO `order_details` (`order_id`, `branch_id`, `dish_id`, `quantity`, `price`, `serve_at`, `created_at`, `update_at`) VALUES (17, 8, 37, 7, 24.22, NULL, '2024-12-12 17:43:52', '2024-12-12 17:43:52');
INSERT INTO `order_details` (`order_id`, `branch_id`, `dish_id`, `quantity`, `price`, `serve_at`, `created_at`, `update_at`) VALUES (17, 8, 39, 7, 10.96, NULL, '2024-12-26 13:31:48', '2024-12-26 13:31:48');
INSERT INTO `order_details` (`order_id`, `branch_id`, `dish_id`, `quantity`, `price`, `serve_at`, `created_at`, `update_at`) VALUES (18, 8, 22, 4, 13.68, NULL, '2024-12-15 03:48:17', '2024-12-15 03:48:17');
INSERT INTO `order_details` (`order_id`, `branch_id`, `dish_id`, `quantity`, `price`, `serve_at`, `created_at`, `update_at`) VALUES (18, 8, 34, 5, 11.46, NULL, '2024-12-12 03:43:18', '2024-12-12 03:43:18');
INSERT INTO `order_details` (`order_id`, `branch_id`, `dish_id`, `quantity`, `price`, `serve_at`, `created_at`, `update_at`) VALUES (19, NULL, 1, 10, 12.82, NULL, '2024-12-12 19:57:17', '2024-12-12 19:57:17');
INSERT INTO `order_details` (`order_id`, `branch_id`, `dish_id`, `quantity`, `price`, `serve_at`, `created_at`, `update_at`) VALUES (19, NULL, 4, 5, 22.12, NULL, '2024-12-25 22:15:40', '2024-12-25 22:15:40');
INSERT INTO `order_details` (`order_id`, `branch_id`, `dish_id`, `quantity`, `price`, `serve_at`, `created_at`, `update_at`) VALUES (19, NULL, 36, 1, 26.68, NULL, '2024-12-29 17:03:06', '2024-12-29 17:03:06');
INSERT INTO `order_details` (`order_id`, `branch_id`, `dish_id`, `quantity`, `price`, `serve_at`, `created_at`, `update_at`) VALUES (19, NULL, 14, 4, 9.29, NULL, '2024-12-04 18:42:45', '2024-12-04 18:42:45');
INSERT INTO `order_details` (`order_id`, `branch_id`, `dish_id`, `quantity`, `price`, `serve_at`, `created_at`, `update_at`) VALUES (19, NULL, 10, 8, 5.71, NULL, '2024-12-22 17:22:42', '2024-12-22 17:22:42');
INSERT INTO `order_details` (`order_id`, `branch_id`, `dish_id`, `quantity`, `price`, `serve_at`, `created_at`, `update_at`) VALUES (19, NULL, 20, 2, 29.86, NULL, '2024-12-03 04:05:41', '2024-12-03 04:05:41');
INSERT INTO `order_details` (`order_id`, `branch_id`, `dish_id`, `quantity`, `price`, `serve_at`, `created_at`, `update_at`) VALUES (19, NULL, 13, 10, 19.05, NULL, '2024-12-21 13:24:48', '2024-12-21 13:24:48');
INSERT INTO `order_details` (`order_id`, `branch_id`, `dish_id`, `quantity`, `price`, `serve_at`, `created_at`, `update_at`) VALUES (19, NULL, 12, 1, 22.88, NULL, '2024-12-23 11:43:56', '2024-12-23 11:43:56');
INSERT INTO `order_details` (`order_id`, `branch_id`, `dish_id`, `quantity`, `price`, `serve_at`, `created_at`, `update_at`) VALUES (19, NULL, 25, 2, 11.68, NULL, '2024-12-20 15:36:50', '2024-12-20 15:36:50');
INSERT INTO `order_details` (`order_id`, `branch_id`, `dish_id`, `quantity`, `price`, `serve_at`, `created_at`, `update_at`) VALUES (19, NULL, 44, 5, 13.88, NULL, '2024-12-25 21:00:56', '2024-12-25 21:00:56');
INSERT INTO `order_details` (`order_id`, `branch_id`, `dish_id`, `quantity`, `price`, `serve_at`, `created_at`, `update_at`) VALUES (20, 8, 15, 5, 10.43, NULL, '2024-12-21 13:35:26', '2024-12-21 13:35:26');
INSERT INTO `order_details` (`order_id`, `branch_id`, `dish_id`, `quantity`, `price`, `serve_at`, `created_at`, `update_at`) VALUES (20, 8, 24, 2, 16.42, NULL, '2024-12-06 03:55:03', '2024-12-06 03:55:03');
INSERT INTO `order_details` (`order_id`, `branch_id`, `dish_id`, `quantity`, `price`, `serve_at`, `created_at`, `update_at`) VALUES (20, 8, 42, 9, 21.02, NULL, '2024-12-16 14:00:26', '2024-12-16 14:00:26');
INSERT INTO `order_details` (`order_id`, `branch_id`, `dish_id`, `quantity`, `price`, `serve_at`, `created_at`, `update_at`) VALUES (20, 8, 31, 10, 18.03, NULL, '2024-12-27 10:09:03', '2024-12-27 10:09:03');
INSERT INTO `order_details` (`order_id`, `branch_id`, `dish_id`, `quantity`, `price`, `serve_at`, `created_at`, `update_at`) VALUES (20, 8, 5, 6, 23.02, NULL, '2024-12-18 21:57:55', '2024-12-18 21:57:55');
INSERT INTO `order_details` (`order_id`, `branch_id`, `dish_id`, `quantity`, `price`, `serve_at`, `created_at`, `update_at`) VALUES (20, 8, 32, 9, 5.73, NULL, '2024-12-02 07:12:20', '2024-12-02 07:12:20');
INSERT INTO `order_details` (`order_id`, `branch_id`, `dish_id`, `quantity`, `price`, `serve_at`, `created_at`, `update_at`) VALUES (20, 8, 9, 3, 24.53, NULL, '2024-12-01 05:30:33', '2024-12-01 05:30:33');
INSERT INTO `order_details` (`order_id`, `branch_id`, `dish_id`, `quantity`, `price`, `serve_at`, `created_at`, `update_at`) VALUES (20, 8, 13, 7, 11.36, NULL, '2024-12-21 11:07:08', '2024-12-21 11:07:08');
INSERT INTO `order_details` (`order_id`, `branch_id`, `dish_id`, `quantity`, `price`, `serve_at`, `created_at`, `update_at`) VALUES (20, 8, 38, 10, 29.25, NULL, '2024-12-10 11:26:30', '2024-12-10 11:26:30');
INSERT INTO `order_details` (`order_id`, `branch_id`, `dish_id`, `quantity`, `price`, `serve_at`, `created_at`, `update_at`) VALUES (21, NULL, 32, 6, 8.01, NULL, '2024-12-18 21:15:51', '2024-12-18 21:15:51');
INSERT INTO `order_details` (`order_id`, `branch_id`, `dish_id`, `quantity`, `price`, `serve_at`, `created_at`, `update_at`) VALUES (21, NULL, 34, 4, 20.18, NULL, '2024-12-29 18:19:29', '2024-12-29 18:19:29');
INSERT INTO `order_details` (`order_id`, `branch_id`, `dish_id`, `quantity`, `price`, `serve_at`, `created_at`, `update_at`) VALUES (21, NULL, 28, 5, 20.39, NULL, '2024-12-21 05:37:09', '2024-12-21 05:37:09');
INSERT INTO `order_details` (`order_id`, `branch_id`, `dish_id`, `quantity`, `price`, `serve_at`, `created_at`, `update_at`) VALUES (21, NULL, 41, 6, 3.03, NULL, '2024-12-05 07:13:50', '2024-12-05 07:13:50');
INSERT INTO `order_details` (`order_id`, `branch_id`, `dish_id`, `quantity`, `price`, `serve_at`, `created_at`, `update_at`) VALUES (21, NULL, 31, 8, 9.81, NULL, '2024-12-26 15:38:59', '2024-12-26 15:38:59');
INSERT INTO `order_details` (`order_id`, `branch_id`, `dish_id`, `quantity`, `price`, `serve_at`, `created_at`, `update_at`) VALUES (21, NULL, 27, 8, 21.42, NULL, '2024-12-16 18:13:32', '2024-12-16 18:13:32');
INSERT INTO `order_details` (`order_id`, `branch_id`, `dish_id`, `quantity`, `price`, `serve_at`, `created_at`, `update_at`) VALUES (22, 9, 1, 2, 27.71, NULL, '2024-12-07 10:46:33', '2024-12-07 10:46:33');
INSERT INTO `order_details` (`order_id`, `branch_id`, `dish_id`, `quantity`, `price`, `serve_at`, `created_at`, `update_at`) VALUES (22, 9, 41, 10, 7.88, NULL, '2024-12-18 09:47:09', '2024-12-18 09:47:09');
INSERT INTO `order_details` (`order_id`, `branch_id`, `dish_id`, `quantity`, `price`, `serve_at`, `created_at`, `update_at`) VALUES (23, NULL, 12, 6, 12.48, NULL, '2024-12-15 22:09:06', '2024-12-15 22:09:06');
INSERT INTO `order_details` (`order_id`, `branch_id`, `dish_id`, `quantity`, `price`, `serve_at`, `created_at`, `update_at`) VALUES (23, NULL, 26, 10, 6.19, NULL, '2024-12-28 07:44:47', '2024-12-28 07:44:47');
INSERT INTO `order_details` (`order_id`, `branch_id`, `dish_id`, `quantity`, `price`, `serve_at`, `created_at`, `update_at`) VALUES (23, NULL, 42, 10, 25.09, NULL, '2024-12-08 12:00:00', '2024-12-08 12:00:00');
INSERT INTO `order_details` (`order_id`, `branch_id`, `dish_id`, `quantity`, `price`, `serve_at`, `created_at`, `update_at`) VALUES (23, NULL, 43, 10, 25.9, NULL, '2024-12-11 02:53:48', '2024-12-11 02:53:48');
INSERT INTO `order_details` (`order_id`, `branch_id`, `dish_id`, `quantity`, `price`, `serve_at`, `created_at`, `update_at`) VALUES (23, NULL, 2, 5, 28.02, NULL, '2024-12-01 13:35:09', '2024-12-01 13:35:09');
INSERT INTO `order_details` (`order_id`, `branch_id`, `dish_id`, `quantity`, `price`, `serve_at`, `created_at`, `update_at`) VALUES (24, NULL, 33, 7, 6.84, NULL, '2024-12-01 07:50:07', '2024-12-01 07:50:07');
INSERT INTO `order_details` (`order_id`, `branch_id`, `dish_id`, `quantity`, `price`, `serve_at`, `created_at`, `update_at`) VALUES (24, NULL, 24, 3, 3.15, NULL, '2024-12-06 15:22:05', '2024-12-06 15:22:05');
INSERT INTO `order_details` (`order_id`, `branch_id`, `dish_id`, `quantity`, `price`, `serve_at`, `created_at`, `update_at`) VALUES (25, 2, 36, 6, 22.17, NULL, '2024-12-13 18:08:29', '2024-12-13 18:08:29');
INSERT INTO `order_details` (`order_id`, `branch_id`, `dish_id`, `quantity`, `price`, `serve_at`, `created_at`, `update_at`) VALUES (25, 2, 18, 6, 3.88, NULL, '2024-12-25 00:14:09', '2024-12-25 00:14:09');
INSERT INTO `order_details` (`order_id`, `branch_id`, `dish_id`, `quantity`, `price`, `serve_at`, `created_at`, `update_at`) VALUES (25, 2, 14, 10, 8.85, NULL, '2024-12-12 14:40:37', '2024-12-12 14:40:37');
INSERT INTO `order_details` (`order_id`, `branch_id`, `dish_id`, `quantity`, `price`, `serve_at`, `created_at`, `update_at`) VALUES (26, 9, 19, 7, 21.05, NULL, '2024-12-18 12:12:02', '2024-12-18 12:12:02');
INSERT INTO `order_details` (`order_id`, `branch_id`, `dish_id`, `quantity`, `price`, `serve_at`, `created_at`, `update_at`) VALUES (26, 9, 14, 3, 10.65, NULL, '2024-12-17 23:30:43', '2024-12-17 23:30:43');
INSERT INTO `order_details` (`order_id`, `branch_id`, `dish_id`, `quantity`, `price`, `serve_at`, `created_at`, `update_at`) VALUES (26, 9, 26, 9, 18.59, NULL, '2024-12-05 04:34:03', '2024-12-05 04:34:03');
INSERT INTO `order_details` (`order_id`, `branch_id`, `dish_id`, `quantity`, `price`, `serve_at`, `created_at`, `update_at`) VALUES (26, 9, 37, 1, 18.67, NULL, '2024-12-09 18:41:30', '2024-12-09 18:41:30');
INSERT INTO `order_details` (`order_id`, `branch_id`, `dish_id`, `quantity`, `price`, `serve_at`, `created_at`, `update_at`) VALUES (26, 9, 30, 8, 11.48, NULL, '2024-12-07 11:07:46', '2024-12-07 11:07:46');
INSERT INTO `order_details` (`order_id`, `branch_id`, `dish_id`, `quantity`, `price`, `serve_at`, `created_at`, `update_at`) VALUES (26, 9, 18, 2, 29.66, NULL, '2024-12-11 14:36:16', '2024-12-11 14:36:16');
INSERT INTO `order_details` (`order_id`, `branch_id`, `dish_id`, `quantity`, `price`, `serve_at`, `created_at`, `update_at`) VALUES (27, 7, 35, 1, 26.36, NULL, '2024-12-10 21:34:49', '2024-12-10 21:34:49');
INSERT INTO `order_details` (`order_id`, `branch_id`, `dish_id`, `quantity`, `price`, `serve_at`, `created_at`, `update_at`) VALUES (27, 7, 28, 1, 14.16, NULL, '2024-12-28 01:28:30', '2024-12-28 01:28:30');
INSERT INTO `order_details` (`order_id`, `branch_id`, `dish_id`, `quantity`, `price`, `serve_at`, `created_at`, `update_at`) VALUES (27, 7, 29, 9, 22.58, NULL, '2024-12-08 10:56:06', '2024-12-08 10:56:06');
INSERT INTO `order_details` (`order_id`, `branch_id`, `dish_id`, `quantity`, `price`, `serve_at`, `created_at`, `update_at`) VALUES (28, 5, 15, 9, 11.92, NULL, '2024-12-05 13:31:07', '2024-12-05 13:31:07');
INSERT INTO `order_details` (`order_id`, `branch_id`, `dish_id`, `quantity`, `price`, `serve_at`, `created_at`, `update_at`) VALUES (29, NULL, 21, 1, 18.67, NULL, '2024-12-26 06:40:10', '2024-12-26 06:40:10');
INSERT INTO `order_details` (`order_id`, `branch_id`, `dish_id`, `quantity`, `price`, `serve_at`, `created_at`, `update_at`) VALUES (29, NULL, 31, 4, 13.83, NULL, '2024-12-10 15:51:49', '2024-12-10 15:51:49');
INSERT INTO `order_details` (`order_id`, `branch_id`, `dish_id`, `quantity`, `price`, `serve_at`, `created_at`, `update_at`) VALUES (29, NULL, 19, 1, 16.48, NULL, '2024-12-12 05:07:17', '2024-12-12 05:07:17');
INSERT INTO `order_details` (`order_id`, `branch_id`, `dish_id`, `quantity`, `price`, `serve_at`, `created_at`, `update_at`) VALUES (29, NULL, 4, 8, 5.56, NULL, '2024-12-09 22:46:34', '2024-12-09 22:46:34');
INSERT INTO `order_details` (`order_id`, `branch_id`, `dish_id`, `quantity`, `price`, `serve_at`, `created_at`, `update_at`) VALUES (29, NULL, 5, 2, 4.94, NULL, '2024-12-26 17:04:43', '2024-12-26 17:04:43');
INSERT INTO `order_details` (`order_id`, `branch_id`, `dish_id`, `quantity`, `price`, `serve_at`, `created_at`, `update_at`) VALUES (29, NULL, 30, 4, 16.17, NULL, '2024-12-24 20:51:20', '2024-12-24 20:51:20');
INSERT INTO `order_details` (`order_id`, `branch_id`, `dish_id`, `quantity`, `price`, `serve_at`, `created_at`, `update_at`) VALUES (29, NULL, 8, 4, 12.52, NULL, '2024-12-09 11:25:08', '2024-12-09 11:25:08');
INSERT INTO `order_details` (`order_id`, `branch_id`, `dish_id`, `quantity`, `price`, `serve_at`, `created_at`, `update_at`) VALUES (29, NULL, 7, 1, 7.82, NULL, '2024-12-12 20:44:13', '2024-12-12 20:44:13');
INSERT INTO `order_details` (`order_id`, `branch_id`, `dish_id`, `quantity`, `price`, `serve_at`, `created_at`, `update_at`) VALUES (29, NULL, 11, 7, 22.16, NULL, '2024-12-24 11:55:05', '2024-12-24 11:55:05');
INSERT INTO `order_details` (`order_id`, `branch_id`, `dish_id`, `quantity`, `price`, `serve_at`, `created_at`, `update_at`) VALUES (30, NULL, 37, 10, 27.89, NULL, '2024-12-01 19:13:07', '2024-12-01 19:13:07');
INSERT INTO `order_details` (`order_id`, `branch_id`, `dish_id`, `quantity`, `price`, `serve_at`, `created_at`, `update_at`) VALUES (31, NULL, 34, 7, 19.33, NULL, '2024-12-25 16:16:37', '2024-12-25 16:16:37');
INSERT INTO `order_details` (`order_id`, `branch_id`, `dish_id`, `quantity`, `price`, `serve_at`, `created_at`, `update_at`) VALUES (31, NULL, 8, 2, 17.49, NULL, '2024-12-28 07:41:24', '2024-12-28 07:41:24');
INSERT INTO `order_details` (`order_id`, `branch_id`, `dish_id`, `quantity`, `price`, `serve_at`, `created_at`, `update_at`) VALUES (31, NULL, 22, 7, 11.92, NULL, '2024-12-29 17:31:03', '2024-12-29 17:31:03');
INSERT INTO `order_details` (`order_id`, `branch_id`, `dish_id`, `quantity`, `price`, `serve_at`, `created_at`, `update_at`) VALUES (31, NULL, 1, 10, 29.83, NULL, '2024-12-03 18:28:22', '2024-12-03 18:28:22');
INSERT INTO `order_details` (`order_id`, `branch_id`, `dish_id`, `quantity`, `price`, `serve_at`, `created_at`, `update_at`) VALUES (31, NULL, 4, 5, 5.54, NULL, '2024-12-01 10:00:01', '2024-12-01 10:00:01');
INSERT INTO `order_details` (`order_id`, `branch_id`, `dish_id`, `quantity`, `price`, `serve_at`, `created_at`, `update_at`) VALUES (31, NULL, 39, 4, 4.31, NULL, '2024-12-01 21:37:47', '2024-12-01 21:37:47');
INSERT INTO `order_details` (`order_id`, `branch_id`, `dish_id`, `quantity`, `price`, `serve_at`, `created_at`, `update_at`) VALUES (31, NULL, 3, 3, 18.01, NULL, '2024-12-09 22:29:42', '2024-12-09 22:29:42');
INSERT INTO `order_details` (`order_id`, `branch_id`, `dish_id`, `quantity`, `price`, `serve_at`, `created_at`, `update_at`) VALUES (31, NULL, 37, 3, 23.87, NULL, '2024-12-21 02:37:32', '2024-12-21 02:37:32');
INSERT INTO `order_details` (`order_id`, `branch_id`, `dish_id`, `quantity`, `price`, `serve_at`, `created_at`, `update_at`) VALUES (31, NULL, 18, 2, 24.31, NULL, '2024-12-06 18:56:40', '2024-12-06 18:56:40');
INSERT INTO `order_details` (`order_id`, `branch_id`, `dish_id`, `quantity`, `price`, `serve_at`, `created_at`, `update_at`) VALUES (32, 1, 16, 6, 9.81, NULL, '2024-12-29 00:56:31', '2024-12-29 00:56:31');
INSERT INTO `order_details` (`order_id`, `branch_id`, `dish_id`, `quantity`, `price`, `serve_at`, `created_at`, `update_at`) VALUES (32, 1, 26, 4, 15.11, NULL, '2024-12-22 20:30:25', '2024-12-22 20:30:25');
INSERT INTO `order_details` (`order_id`, `branch_id`, `dish_id`, `quantity`, `price`, `serve_at`, `created_at`, `update_at`) VALUES (32, 1, 38, 9, 11.34, NULL, '2024-12-17 15:02:41', '2024-12-17 15:02:41');
INSERT INTO `order_details` (`order_id`, `branch_id`, `dish_id`, `quantity`, `price`, `serve_at`, `created_at`, `update_at`) VALUES (32, 1, 27, 8, 26.45, NULL, '2024-12-26 22:22:47', '2024-12-26 22:22:47');
INSERT INTO `order_details` (`order_id`, `branch_id`, `dish_id`, `quantity`, `price`, `serve_at`, `created_at`, `update_at`) VALUES (32, 1, 17, 9, 20.43, NULL, '2024-12-02 14:01:22', '2024-12-02 14:01:22');
INSERT INTO `order_details` (`order_id`, `branch_id`, `dish_id`, `quantity`, `price`, `serve_at`, `created_at`, `update_at`) VALUES (32, 1, 25, 7, 23.02, NULL, '2024-12-22 02:49:41', '2024-12-22 02:49:41');
INSERT INTO `order_details` (`order_id`, `branch_id`, `dish_id`, `quantity`, `price`, `serve_at`, `created_at`, `update_at`) VALUES (32, 1, 9, 3, 4.87, NULL, '2024-12-09 01:14:01', '2024-12-09 01:14:01');
INSERT INTO `order_details` (`order_id`, `branch_id`, `dish_id`, `quantity`, `price`, `serve_at`, `created_at`, `update_at`) VALUES (32, 1, 45, 10, 25.14, NULL, '2024-12-26 12:38:50', '2024-12-26 12:38:50');
INSERT INTO `order_details` (`order_id`, `branch_id`, `dish_id`, `quantity`, `price`, `serve_at`, `created_at`, `update_at`) VALUES (33, 7, 13, 9, 24.49, NULL, '2024-12-28 06:40:43', '2024-12-28 06:40:43');
INSERT INTO `order_details` (`order_id`, `branch_id`, `dish_id`, `quantity`, `price`, `serve_at`, `created_at`, `update_at`) VALUES (33, 7, 33, 1, 3.32, NULL, '2024-12-18 00:02:10', '2024-12-18 00:02:10');
INSERT INTO `order_details` (`order_id`, `branch_id`, `dish_id`, `quantity`, `price`, `serve_at`, `created_at`, `update_at`) VALUES (33, 7, 45, 6, 27.28, NULL, '2024-12-11 13:44:19', '2024-12-11 13:44:19');
INSERT INTO `order_details` (`order_id`, `branch_id`, `dish_id`, `quantity`, `price`, `serve_at`, `created_at`, `update_at`) VALUES (33, 7, 29, 5, 25.4, NULL, '2024-12-05 05:27:23', '2024-12-05 05:27:23');
INSERT INTO `order_details` (`order_id`, `branch_id`, `dish_id`, `quantity`, `price`, `serve_at`, `created_at`, `update_at`) VALUES (33, 7, 30, 3, 5.83, NULL, '2024-12-04 07:51:51', '2024-12-04 07:51:51');
INSERT INTO `order_details` (`order_id`, `branch_id`, `dish_id`, `quantity`, `price`, `serve_at`, `created_at`, `update_at`) VALUES (33, 7, 38, 6, 7.58, NULL, '2024-12-22 13:25:57', '2024-12-22 13:25:57');
INSERT INTO `order_details` (`order_id`, `branch_id`, `dish_id`, `quantity`, `price`, `serve_at`, `created_at`, `update_at`) VALUES (33, 7, 35, 2, 20.5, NULL, '2024-12-05 11:06:20', '2024-12-05 11:06:20');
INSERT INTO `order_details` (`order_id`, `branch_id`, `dish_id`, `quantity`, `price`, `serve_at`, `created_at`, `update_at`) VALUES (34, NULL, 3, 3, 8.1, NULL, '2024-12-15 04:55:55', '2024-12-15 04:55:55');
INSERT INTO `order_details` (`order_id`, `branch_id`, `dish_id`, `quantity`, `price`, `serve_at`, `created_at`, `update_at`) VALUES (34, NULL, 31, 9, 11.31, NULL, '2024-12-11 12:42:46', '2024-12-11 12:42:46');
INSERT INTO `order_details` (`order_id`, `branch_id`, `dish_id`, `quantity`, `price`, `serve_at`, `created_at`, `update_at`) VALUES (34, NULL, 33, 4, 15.82, NULL, '2024-12-25 21:34:12', '2024-12-25 21:34:12');
INSERT INTO `order_details` (`order_id`, `branch_id`, `dish_id`, `quantity`, `price`, `serve_at`, `created_at`, `update_at`) VALUES (34, NULL, 10, 9, 19.33, NULL, '2024-12-20 09:53:58', '2024-12-20 09:53:58');
INSERT INTO `order_details` (`order_id`, `branch_id`, `dish_id`, `quantity`, `price`, `serve_at`, `created_at`, `update_at`) VALUES (34, NULL, 44, 6, 24.8, NULL, '2024-12-18 17:06:36', '2024-12-18 17:06:36');
INSERT INTO `order_details` (`order_id`, `branch_id`, `dish_id`, `quantity`, `price`, `serve_at`, `created_at`, `update_at`) VALUES (34, NULL, 12, 1, 24.12, NULL, '2024-12-01 14:23:07', '2024-12-01 14:23:07');
INSERT INTO `order_details` (`order_id`, `branch_id`, `dish_id`, `quantity`, `price`, `serve_at`, `created_at`, `update_at`) VALUES (34, NULL, 16, 7, 13.15, NULL, '2024-12-21 21:53:13', '2024-12-21 21:53:13');
INSERT INTO `order_details` (`order_id`, `branch_id`, `dish_id`, `quantity`, `price`, `serve_at`, `created_at`, `update_at`) VALUES (34, NULL, 36, 2, 15.65, NULL, '2024-12-09 14:33:36', '2024-12-09 14:33:36');
INSERT INTO `order_details` (`order_id`, `branch_id`, `dish_id`, `quantity`, `price`, `serve_at`, `created_at`, `update_at`) VALUES (34, NULL, 35, 6, 26.77, NULL, '2024-12-02 14:58:31', '2024-12-02 14:58:31');
INSERT INTO `order_details` (`order_id`, `branch_id`, `dish_id`, `quantity`, `price`, `serve_at`, `created_at`, `update_at`) VALUES (34, NULL, 21, 9, 12.76, NULL, '2024-12-19 07:16:05', '2024-12-19 07:16:05');
INSERT INTO `order_details` (`order_id`, `branch_id`, `dish_id`, `quantity`, `price`, `serve_at`, `created_at`, `update_at`) VALUES (35, NULL, 34, 1, 6.86, NULL, '2024-12-12 06:33:19', '2024-12-12 06:33:19');
INSERT INTO `order_details` (`order_id`, `branch_id`, `dish_id`, `quantity`, `price`, `serve_at`, `created_at`, `update_at`) VALUES (36, NULL, 40, 9, 24.88, NULL, '2024-12-07 07:37:56', '2024-12-07 07:37:56');
INSERT INTO `order_details` (`order_id`, `branch_id`, `dish_id`, `quantity`, `price`, `serve_at`, `created_at`, `update_at`) VALUES (36, NULL, 32, 8, 5.92, NULL, '2024-12-26 22:14:44', '2024-12-26 22:14:44');
INSERT INTO `order_details` (`order_id`, `branch_id`, `dish_id`, `quantity`, `price`, `serve_at`, `created_at`, `update_at`) VALUES (36, NULL, 6, 8, 11.76, NULL, '2024-12-03 12:54:25', '2024-12-03 12:54:25');
INSERT INTO `order_details` (`order_id`, `branch_id`, `dish_id`, `quantity`, `price`, `serve_at`, `created_at`, `update_at`) VALUES (36, NULL, 46, 3, 18.29, NULL, '2024-12-07 16:37:02', '2024-12-07 16:37:02');
INSERT INTO `order_details` (`order_id`, `branch_id`, `dish_id`, `quantity`, `price`, `serve_at`, `created_at`, `update_at`) VALUES (36, NULL, 45, 5, 19.66, NULL, '2024-12-24 13:19:14', '2024-12-24 13:19:14');
INSERT INTO `order_details` (`order_id`, `branch_id`, `dish_id`, `quantity`, `price`, `serve_at`, `created_at`, `update_at`) VALUES (36, NULL, 34, 4, 6.41, NULL, '2024-12-07 17:14:34', '2024-12-07 17:14:34');
INSERT INTO `order_details` (`order_id`, `branch_id`, `dish_id`, `quantity`, `price`, `serve_at`, `created_at`, `update_at`) VALUES (36, NULL, 35, 1, 21.69, NULL, '2024-12-06 05:50:04', '2024-12-06 05:50:04');
INSERT INTO `order_details` (`order_id`, `branch_id`, `dish_id`, `quantity`, `price`, `serve_at`, `created_at`, `update_at`) VALUES (36, NULL, 25, 6, 17.61, NULL, '2024-12-26 16:19:13', '2024-12-26 16:19:13');
INSERT INTO `order_details` (`order_id`, `branch_id`, `dish_id`, `quantity`, `price`, `serve_at`, `created_at`, `update_at`) VALUES (36, NULL, 3, 8, 5.9, NULL, '2024-12-08 22:06:10', '2024-12-08 22:06:10');
INSERT INTO `order_details` (`order_id`, `branch_id`, `dish_id`, `quantity`, `price`, `serve_at`, `created_at`, `update_at`) VALUES (36, NULL, 11, 1, 8.33, NULL, '2024-12-26 21:10:55', '2024-12-26 21:10:55');
INSERT INTO `order_details` (`order_id`, `branch_id`, `dish_id`, `quantity`, `price`, `serve_at`, `created_at`, `update_at`) VALUES (37, NULL, 11, 3, 17.61, NULL, '2024-12-27 02:26:08', '2024-12-27 02:26:08');
INSERT INTO `order_details` (`order_id`, `branch_id`, `dish_id`, `quantity`, `price`, `serve_at`, `created_at`, `update_at`) VALUES (38, NULL, 25, 10, 7.6, NULL, '2024-12-26 20:56:00', '2024-12-26 20:56:00');
INSERT INTO `order_details` (`order_id`, `branch_id`, `dish_id`, `quantity`, `price`, `serve_at`, `created_at`, `update_at`) VALUES (38, NULL, 1, 6, 3.56, NULL, '2024-12-24 18:13:44', '2024-12-24 18:13:44');
INSERT INTO `order_details` (`order_id`, `branch_id`, `dish_id`, `quantity`, `price`, `serve_at`, `created_at`, `update_at`) VALUES (38, NULL, 36, 1, 23.6, NULL, '2024-12-28 16:05:46', '2024-12-28 16:05:46');
INSERT INTO `order_details` (`order_id`, `branch_id`, `dish_id`, `quantity`, `price`, `serve_at`, `created_at`, `update_at`) VALUES (38, NULL, 9, 10, 8.42, NULL, '2024-12-21 13:10:51', '2024-12-21 13:10:51');
INSERT INTO `order_details` (`order_id`, `branch_id`, `dish_id`, `quantity`, `price`, `serve_at`, `created_at`, `update_at`) VALUES (39, NULL, 2, 8, 16.19, NULL, '2024-12-28 22:02:39', '2024-12-28 22:02:39');
INSERT INTO `order_details` (`order_id`, `branch_id`, `dish_id`, `quantity`, `price`, `serve_at`, `created_at`, `update_at`) VALUES (39, NULL, 34, 5, 26.83, NULL, '2024-12-02 00:56:54', '2024-12-02 00:56:54');
INSERT INTO `order_details` (`order_id`, `branch_id`, `dish_id`, `quantity`, `price`, `serve_at`, `created_at`, `update_at`) VALUES (39, NULL, 18, 8, 22.72, NULL, '2024-12-03 18:04:26', '2024-12-03 18:04:26');
INSERT INTO `order_details` (`order_id`, `branch_id`, `dish_id`, `quantity`, `price`, `serve_at`, `created_at`, `update_at`) VALUES (39, NULL, 14, 4, 8.99, NULL, '2024-12-16 07:31:06', '2024-12-16 07:31:06');
INSERT INTO `order_details` (`order_id`, `branch_id`, `dish_id`, `quantity`, `price`, `serve_at`, `created_at`, `update_at`) VALUES (40, NULL, 5, 8, 18.55, NULL, '2024-12-10 03:45:11', '2024-12-10 03:45:11');
INSERT INTO `order_details` (`order_id`, `branch_id`, `dish_id`, `quantity`, `price`, `serve_at`, `created_at`, `update_at`) VALUES (41, 2, 29, 8, 13.86, NULL, '2024-12-28 04:15:53', '2024-12-28 04:15:53');
INSERT INTO `order_details` (`order_id`, `branch_id`, `dish_id`, `quantity`, `price`, `serve_at`, `created_at`, `update_at`) VALUES (42, 10, 18, 5, 14.6, NULL, '2024-12-17 10:48:54', '2024-12-17 10:48:54');
INSERT INTO `order_details` (`order_id`, `branch_id`, `dish_id`, `quantity`, `price`, `serve_at`, `created_at`, `update_at`) VALUES (42, 10, 32, 5, 23.04, NULL, '2024-12-19 14:53:51', '2024-12-19 14:53:51');
INSERT INTO `order_details` (`order_id`, `branch_id`, `dish_id`, `quantity`, `price`, `serve_at`, `created_at`, `update_at`) VALUES (42, 10, 41, 3, 22.41, NULL, '2024-12-15 18:56:12', '2024-12-15 18:56:12');
INSERT INTO `order_details` (`order_id`, `branch_id`, `dish_id`, `quantity`, `price`, `serve_at`, `created_at`, `update_at`) VALUES (42, 10, 45, 6, 28.9, NULL, '2024-12-07 21:40:46', '2024-12-07 21:40:46');
INSERT INTO `order_details` (`order_id`, `branch_id`, `dish_id`, `quantity`, `price`, `serve_at`, `created_at`, `update_at`) VALUES (42, 10, 29, 6, 26.78, NULL, '2024-12-13 19:50:52', '2024-12-13 19:50:52');
INSERT INTO `order_details` (`order_id`, `branch_id`, `dish_id`, `quantity`, `price`, `serve_at`, `created_at`, `update_at`) VALUES (42, 10, 14, 10, 6.17, NULL, '2024-12-09 03:47:22', '2024-12-09 03:47:22');
INSERT INTO `order_details` (`order_id`, `branch_id`, `dish_id`, `quantity`, `price`, `serve_at`, `created_at`, `update_at`) VALUES (43, NULL, 26, 5, 29.59, NULL, '2024-12-25 06:49:44', '2024-12-25 06:49:44');
INSERT INTO `order_details` (`order_id`, `branch_id`, `dish_id`, `quantity`, `price`, `serve_at`, `created_at`, `update_at`) VALUES (43, NULL, 46, 8, 10.86, NULL, '2024-12-26 05:29:55', '2024-12-26 05:29:55');
INSERT INTO `order_details` (`order_id`, `branch_id`, `dish_id`, `quantity`, `price`, `serve_at`, `created_at`, `update_at`) VALUES (43, NULL, 35, 8, 24.08, NULL, '2024-12-09 23:11:50', '2024-12-09 23:11:50');
INSERT INTO `order_details` (`order_id`, `branch_id`, `dish_id`, `quantity`, `price`, `serve_at`, `created_at`, `update_at`) VALUES (43, NULL, 13, 9, 4.61, NULL, '2024-12-16 11:26:05', '2024-12-16 11:26:05');
INSERT INTO `order_details` (`order_id`, `branch_id`, `dish_id`, `quantity`, `price`, `serve_at`, `created_at`, `update_at`) VALUES (43, NULL, 25, 1, 22.0, NULL, '2024-12-21 17:38:09', '2024-12-21 17:38:09');
INSERT INTO `order_details` (`order_id`, `branch_id`, `dish_id`, `quantity`, `price`, `serve_at`, `created_at`, `update_at`) VALUES (43, NULL, 39, 5, 3.21, NULL, '2024-12-03 21:09:53', '2024-12-03 21:09:53');
INSERT INTO `order_details` (`order_id`, `branch_id`, `dish_id`, `quantity`, `price`, `serve_at`, `created_at`, `update_at`) VALUES (43, NULL, 7, 10, 27.8, NULL, '2024-12-05 23:08:46', '2024-12-05 23:08:46');
INSERT INTO `order_details` (`order_id`, `branch_id`, `dish_id`, `quantity`, `price`, `serve_at`, `created_at`, `update_at`) VALUES (44, NULL, 44, 2, 5.15, NULL, '2024-12-02 04:22:45', '2024-12-02 04:22:45');
INSERT INTO `order_details` (`order_id`, `branch_id`, `dish_id`, `quantity`, `price`, `serve_at`, `created_at`, `update_at`) VALUES (44, NULL, 39, 7, 20.42, NULL, '2024-12-19 00:24:29', '2024-12-19 00:24:29');
INSERT INTO `order_details` (`order_id`, `branch_id`, `dish_id`, `quantity`, `price`, `serve_at`, `created_at`, `update_at`) VALUES (44, NULL, 26, 3, 10.85, NULL, '2024-12-29 07:15:41', '2024-12-29 07:15:41');
INSERT INTO `order_details` (`order_id`, `branch_id`, `dish_id`, `quantity`, `price`, `serve_at`, `created_at`, `update_at`) VALUES (44, NULL, 4, 7, 14.38, NULL, '2024-12-29 03:36:58', '2024-12-29 03:36:58');
INSERT INTO `order_details` (`order_id`, `branch_id`, `dish_id`, `quantity`, `price`, `serve_at`, `created_at`, `update_at`) VALUES (44, NULL, 45, 7, 28.23, NULL, '2024-12-23 19:44:24', '2024-12-23 19:44:24');
INSERT INTO `order_details` (`order_id`, `branch_id`, `dish_id`, `quantity`, `price`, `serve_at`, `created_at`, `update_at`) VALUES (44, NULL, 29, 1, 8.38, NULL, '2024-12-17 18:21:43', '2024-12-17 18:21:43');
INSERT INTO `order_details` (`order_id`, `branch_id`, `dish_id`, `quantity`, `price`, `serve_at`, `created_at`, `update_at`) VALUES (44, NULL, 33, 10, 7.45, NULL, '2024-12-18 03:58:32', '2024-12-18 03:58:32');
INSERT INTO `order_details` (`order_id`, `branch_id`, `dish_id`, `quantity`, `price`, `serve_at`, `created_at`, `update_at`) VALUES (44, NULL, 19, 9, 3.14, NULL, '2024-12-21 09:57:48', '2024-12-21 09:57:48');
INSERT INTO `order_details` (`order_id`, `branch_id`, `dish_id`, `quantity`, `price`, `serve_at`, `created_at`, `update_at`) VALUES (44, NULL, 36, 4, 16.03, NULL, '2024-12-01 19:55:25', '2024-12-01 19:55:25');
INSERT INTO `order_details` (`order_id`, `branch_id`, `dish_id`, `quantity`, `price`, `serve_at`, `created_at`, `update_at`) VALUES (45, 3, 4, 4, 24.2, NULL, '2024-12-14 10:34:10', '2024-12-14 10:34:10');
INSERT INTO `order_details` (`order_id`, `branch_id`, `dish_id`, `quantity`, `price`, `serve_at`, `created_at`, `update_at`) VALUES (45, 3, 12, 7, 27.66, NULL, '2024-12-19 23:17:15', '2024-12-19 23:17:15');
INSERT INTO `order_details` (`order_id`, `branch_id`, `dish_id`, `quantity`, `price`, `serve_at`, `created_at`, `update_at`) VALUES (45, 3, 18, 2, 14.82, NULL, '2024-12-09 18:39:18', '2024-12-09 18:39:18');
INSERT INTO `order_details` (`order_id`, `branch_id`, `dish_id`, `quantity`, `price`, `serve_at`, `created_at`, `update_at`) VALUES (45, 3, 20, 9, 27.76, NULL, '2024-12-02 16:17:08', '2024-12-02 16:17:08');
INSERT INTO `order_details` (`order_id`, `branch_id`, `dish_id`, `quantity`, `price`, `serve_at`, `created_at`, `update_at`) VALUES (45, 3, 37, 3, 20.67, NULL, '2024-12-29 15:53:51', '2024-12-29 15:53:51');
INSERT INTO `order_details` (`order_id`, `branch_id`, `dish_id`, `quantity`, `price`, `serve_at`, `created_at`, `update_at`) VALUES (45, 3, 16, 9, 13.76, NULL, '2024-12-04 00:25:22', '2024-12-04 00:25:22');
INSERT INTO `order_details` (`order_id`, `branch_id`, `dish_id`, `quantity`, `price`, `serve_at`, `created_at`, `update_at`) VALUES (45, 3, 35, 4, 9.98, NULL, '2024-12-18 16:47:29', '2024-12-18 16:47:29');
INSERT INTO `order_details` (`order_id`, `branch_id`, `dish_id`, `quantity`, `price`, `serve_at`, `created_at`, `update_at`) VALUES (46, 4, 12, 10, 10.85, NULL, '2024-12-23 19:00:36', '2024-12-23 19:00:36');
INSERT INTO `order_details` (`order_id`, `branch_id`, `dish_id`, `quantity`, `price`, `serve_at`, `created_at`, `update_at`) VALUES (47, 9, 9, 8, 8.06, NULL, '2024-12-23 17:51:02', '2024-12-23 17:51:02');
INSERT INTO `order_details` (`order_id`, `branch_id`, `dish_id`, `quantity`, `price`, `serve_at`, `created_at`, `update_at`) VALUES (47, 9, 46, 6, 23.02, NULL, '2024-12-28 10:22:21', '2024-12-28 10:22:21');
INSERT INTO `order_details` (`order_id`, `branch_id`, `dish_id`, `quantity`, `price`, `serve_at`, `created_at`, `update_at`) VALUES (47, 9, 30, 4, 27.71, NULL, '2024-12-03 05:27:49', '2024-12-03 05:27:49');
INSERT INTO `order_details` (`order_id`, `branch_id`, `dish_id`, `quantity`, `price`, `serve_at`, `created_at`, `update_at`) VALUES (47, 9, 18, 2, 11.43, NULL, '2024-12-22 02:17:42', '2024-12-22 02:17:42');
INSERT INTO `order_details` (`order_id`, `branch_id`, `dish_id`, `quantity`, `price`, `serve_at`, `created_at`, `update_at`) VALUES (47, 9, 34, 6, 11.61, NULL, '2024-12-17 10:36:27', '2024-12-17 10:36:27');
INSERT INTO `order_details` (`order_id`, `branch_id`, `dish_id`, `quantity`, `price`, `serve_at`, `created_at`, `update_at`) VALUES (47, 9, 7, 9, 29.67, NULL, '2024-12-24 03:58:30', '2024-12-24 03:58:30');
INSERT INTO `order_details` (`order_id`, `branch_id`, `dish_id`, `quantity`, `price`, `serve_at`, `created_at`, `update_at`) VALUES (48, NULL, 18, 4, 16.64, NULL, '2024-12-19 17:01:05', '2024-12-19 17:01:05');
INSERT INTO `order_details` (`order_id`, `branch_id`, `dish_id`, `quantity`, `price`, `serve_at`, `created_at`, `update_at`) VALUES (48, NULL, 36, 2, 19.46, NULL, '2024-12-13 08:12:09', '2024-12-13 08:12:09');
INSERT INTO `order_details` (`order_id`, `branch_id`, `dish_id`, `quantity`, `price`, `serve_at`, `created_at`, `update_at`) VALUES (48, NULL, 38, 2, 17.61, NULL, '2024-12-16 19:21:11', '2024-12-16 19:21:11');
INSERT INTO `order_details` (`order_id`, `branch_id`, `dish_id`, `quantity`, `price`, `serve_at`, `created_at`, `update_at`) VALUES (49, NULL, 11, 7, 15.87, NULL, '2024-12-11 15:36:10', '2024-12-11 15:36:10');
INSERT INTO `order_details` (`order_id`, `branch_id`, `dish_id`, `quantity`, `price`, `serve_at`, `created_at`, `update_at`) VALUES (49, NULL, 5, 1, 17.94, NULL, '2024-12-19 08:03:03', '2024-12-19 08:03:03');
INSERT INTO `order_details` (`order_id`, `branch_id`, `dish_id`, `quantity`, `price`, `serve_at`, `created_at`, `update_at`) VALUES (49, NULL, 20, 9, 4.93, NULL, '2024-12-02 15:13:55', '2024-12-02 15:13:55');
INSERT INTO `order_details` (`order_id`, `branch_id`, `dish_id`, `quantity`, `price`, `serve_at`, `created_at`, `update_at`) VALUES (50, 1, 10, 3, 11.78, NULL, '2024-12-01 07:08:50', '2024-12-01 07:08:50');
INSERT INTO `order_details` (`order_id`, `branch_id`, `dish_id`, `quantity`, `price`, `serve_at`, `created_at`, `update_at`) VALUES (50, 1, 39, 3, 27.45, NULL, '2024-12-09 08:46:14', '2024-12-09 08:46:14');
INSERT INTO `order_details` (`order_id`, `branch_id`, `dish_id`, `quantity`, `price`, `serve_at`, `created_at`, `update_at`) VALUES (51, 4, 8, 10, 20.57, NULL, '2024-12-01 13:24:35', '2024-12-01 13:24:35');
INSERT INTO `order_details` (`order_id`, `branch_id`, `dish_id`, `quantity`, `price`, `serve_at`, `created_at`, `update_at`) VALUES (51, 4, 5, 7, 19.55, NULL, '2024-12-17 15:45:51', '2024-12-17 15:45:51');
INSERT INTO `order_details` (`order_id`, `branch_id`, `dish_id`, `quantity`, `price`, `serve_at`, `created_at`, `update_at`) VALUES (51, 4, 7, 1, 13.72, NULL, '2024-12-22 10:07:58', '2024-12-22 10:07:58');
INSERT INTO `order_details` (`order_id`, `branch_id`, `dish_id`, `quantity`, `price`, `serve_at`, `created_at`, `update_at`) VALUES (51, 4, 23, 8, 3.22, NULL, '2024-12-15 16:55:11', '2024-12-15 16:55:11');
INSERT INTO `order_details` (`order_id`, `branch_id`, `dish_id`, `quantity`, `price`, `serve_at`, `created_at`, `update_at`) VALUES (51, 4, 20, 8, 28.93, NULL, '2024-12-27 06:47:27', '2024-12-27 06:47:27');
INSERT INTO `order_details` (`order_id`, `branch_id`, `dish_id`, `quantity`, `price`, `serve_at`, `created_at`, `update_at`) VALUES (51, 4, 41, 6, 25.11, NULL, '2024-12-19 17:42:06', '2024-12-19 17:42:06');
INSERT INTO `order_details` (`order_id`, `branch_id`, `dish_id`, `quantity`, `price`, `serve_at`, `created_at`, `update_at`) VALUES (51, 4, 2, 10, 4.36, NULL, '2024-12-18 03:46:28', '2024-12-18 03:46:28');
INSERT INTO `order_details` (`order_id`, `branch_id`, `dish_id`, `quantity`, `price`, `serve_at`, `created_at`, `update_at`) VALUES (51, 4, 27, 3, 14.28, NULL, '2024-12-06 12:06:07', '2024-12-06 12:06:07');
INSERT INTO `order_details` (`order_id`, `branch_id`, `dish_id`, `quantity`, `price`, `serve_at`, `created_at`, `update_at`) VALUES (51, 4, 46, 10, 12.68, NULL, '2024-12-15 10:20:12', '2024-12-15 10:20:12');
INSERT INTO `order_details` (`order_id`, `branch_id`, `dish_id`, `quantity`, `price`, `serve_at`, `created_at`, `update_at`) VALUES (52, 3, 13, 7, 12.67, NULL, '2024-12-07 05:22:23', '2024-12-07 05:22:23');
INSERT INTO `order_details` (`order_id`, `branch_id`, `dish_id`, `quantity`, `price`, `serve_at`, `created_at`, `update_at`) VALUES (52, 3, 26, 6, 17.59, NULL, '2024-12-08 14:06:36', '2024-12-08 14:06:36');
INSERT INTO `order_details` (`order_id`, `branch_id`, `dish_id`, `quantity`, `price`, `serve_at`, `created_at`, `update_at`) VALUES (52, 3, 6, 2, 19.48, NULL, '2024-12-22 19:36:09', '2024-12-22 19:36:09');
INSERT INTO `order_details` (`order_id`, `branch_id`, `dish_id`, `quantity`, `price`, `serve_at`, `created_at`, `update_at`) VALUES (52, 3, 10, 6, 29.82, NULL, '2024-12-06 02:27:20', '2024-12-06 02:27:20');
INSERT INTO `order_details` (`order_id`, `branch_id`, `dish_id`, `quantity`, `price`, `serve_at`, `created_at`, `update_at`) VALUES (52, 3, 14, 1, 23.94, NULL, '2024-12-20 11:41:43', '2024-12-20 11:41:43');
INSERT INTO `order_details` (`order_id`, `branch_id`, `dish_id`, `quantity`, `price`, `serve_at`, `created_at`, `update_at`) VALUES (52, 3, 22, 10, 28.08, NULL, '2024-12-01 01:36:02', '2024-12-01 01:36:02');
INSERT INTO `order_details` (`order_id`, `branch_id`, `dish_id`, `quantity`, `price`, `serve_at`, `created_at`, `update_at`) VALUES (53, 3, 2, 5, 13.87, NULL, '2024-12-26 00:53:20', '2024-12-26 00:53:20');
INSERT INTO `order_details` (`order_id`, `branch_id`, `dish_id`, `quantity`, `price`, `serve_at`, `created_at`, `update_at`) VALUES (53, 3, 33, 1, 4.48, NULL, '2024-12-12 08:35:55', '2024-12-12 08:35:55');
INSERT INTO `order_details` (`order_id`, `branch_id`, `dish_id`, `quantity`, `price`, `serve_at`, `created_at`, `update_at`) VALUES (53, 3, 18, 5, 21.37, NULL, '2024-12-10 16:12:53', '2024-12-10 16:12:53');
INSERT INTO `order_details` (`order_id`, `branch_id`, `dish_id`, `quantity`, `price`, `serve_at`, `created_at`, `update_at`) VALUES (53, 3, 6, 1, 14.6, NULL, '2024-12-15 00:56:57', '2024-12-15 00:56:57');
INSERT INTO `order_details` (`order_id`, `branch_id`, `dish_id`, `quantity`, `price`, `serve_at`, `created_at`, `update_at`) VALUES (53, 3, 9, 3, 14.64, NULL, '2024-12-01 22:21:44', '2024-12-01 22:21:44');
INSERT INTO `order_details` (`order_id`, `branch_id`, `dish_id`, `quantity`, `price`, `serve_at`, `created_at`, `update_at`) VALUES (53, 3, 25, 6, 6.97, NULL, '2024-12-06 08:54:54', '2024-12-06 08:54:54');
INSERT INTO `order_details` (`order_id`, `branch_id`, `dish_id`, `quantity`, `price`, `serve_at`, `created_at`, `update_at`) VALUES (54, 1, 7, 3, 18.42, NULL, '2024-12-26 11:25:17', '2024-12-26 11:25:17');
INSERT INTO `order_details` (`order_id`, `branch_id`, `dish_id`, `quantity`, `price`, `serve_at`, `created_at`, `update_at`) VALUES (54, 1, 4, 6, 27.15, NULL, '2024-12-26 09:07:12', '2024-12-26 09:07:12');
INSERT INTO `order_details` (`order_id`, `branch_id`, `dish_id`, `quantity`, `price`, `serve_at`, `created_at`, `update_at`) VALUES (55, NULL, 20, 2, 8.32, NULL, '2024-12-01 23:50:51', '2024-12-01 23:50:51');
INSERT INTO `order_details` (`order_id`, `branch_id`, `dish_id`, `quantity`, `price`, `serve_at`, `created_at`, `update_at`) VALUES (55, NULL, 28, 8, 15.73, NULL, '2024-12-18 18:04:32', '2024-12-18 18:04:32');
INSERT INTO `order_details` (`order_id`, `branch_id`, `dish_id`, `quantity`, `price`, `serve_at`, `created_at`, `update_at`) VALUES (55, NULL, 37, 6, 23.37, NULL, '2024-12-09 16:08:40', '2024-12-09 16:08:40');
INSERT INTO `order_details` (`order_id`, `branch_id`, `dish_id`, `quantity`, `price`, `serve_at`, `created_at`, `update_at`) VALUES (55, NULL, 17, 1, 25.5, NULL, '2024-12-06 22:15:45', '2024-12-06 22:15:45');
INSERT INTO `order_details` (`order_id`, `branch_id`, `dish_id`, `quantity`, `price`, `serve_at`, `created_at`, `update_at`) VALUES (55, NULL, 25, 8, 13.84, NULL, '2024-12-21 14:36:15', '2024-12-21 14:36:15');
INSERT INTO `order_details` (`order_id`, `branch_id`, `dish_id`, `quantity`, `price`, `serve_at`, `created_at`, `update_at`) VALUES (55, NULL, 42, 1, 23.18, NULL, '2024-12-26 22:21:36', '2024-12-26 22:21:36');
INSERT INTO `order_details` (`order_id`, `branch_id`, `dish_id`, `quantity`, `price`, `serve_at`, `created_at`, `update_at`) VALUES (56, NULL, 34, 2, 8.6, NULL, '2024-12-12 10:48:42', '2024-12-12 10:48:42');
INSERT INTO `order_details` (`order_id`, `branch_id`, `dish_id`, `quantity`, `price`, `serve_at`, `created_at`, `update_at`) VALUES (56, NULL, 15, 5, 3.22, NULL, '2024-12-23 23:51:18', '2024-12-23 23:51:18');
INSERT INTO `order_details` (`order_id`, `branch_id`, `dish_id`, `quantity`, `price`, `serve_at`, `created_at`, `update_at`) VALUES (56, NULL, 33, 6, 16.87, NULL, '2024-12-03 06:07:19', '2024-12-03 06:07:19');
INSERT INTO `order_details` (`order_id`, `branch_id`, `dish_id`, `quantity`, `price`, `serve_at`, `created_at`, `update_at`) VALUES (56, NULL, 28, 9, 25.01, NULL, '2024-12-14 14:50:06', '2024-12-14 14:50:06');
INSERT INTO `order_details` (`order_id`, `branch_id`, `dish_id`, `quantity`, `price`, `serve_at`, `created_at`, `update_at`) VALUES (56, NULL, 41, 8, 28.22, NULL, '2024-12-28 04:56:41', '2024-12-28 04:56:41');
INSERT INTO `order_details` (`order_id`, `branch_id`, `dish_id`, `quantity`, `price`, `serve_at`, `created_at`, `update_at`) VALUES (56, NULL, 37, 9, 5.74, NULL, '2024-12-19 12:14:06', '2024-12-19 12:14:06');
INSERT INTO `order_details` (`order_id`, `branch_id`, `dish_id`, `quantity`, `price`, `serve_at`, `created_at`, `update_at`) VALUES (56, NULL, 27, 7, 26.38, NULL, '2024-12-11 19:08:35', '2024-12-11 19:08:35');
INSERT INTO `order_details` (`order_id`, `branch_id`, `dish_id`, `quantity`, `price`, `serve_at`, `created_at`, `update_at`) VALUES (56, NULL, 30, 8, 7.58, NULL, '2024-12-20 20:31:08', '2024-12-20 20:31:08');
INSERT INTO `order_details` (`order_id`, `branch_id`, `dish_id`, `quantity`, `price`, `serve_at`, `created_at`, `update_at`) VALUES (56, NULL, 13, 7, 10.89, NULL, '2024-12-11 10:59:09', '2024-12-11 10:59:09');
INSERT INTO `order_details` (`order_id`, `branch_id`, `dish_id`, `quantity`, `price`, `serve_at`, `created_at`, `update_at`) VALUES (56, NULL, 32, 3, 29.23, NULL, '2024-12-20 08:24:54', '2024-12-20 08:24:54');
INSERT INTO `order_details` (`order_id`, `branch_id`, `dish_id`, `quantity`, `price`, `serve_at`, `created_at`, `update_at`) VALUES (57, NULL, 13, 2, 28.63, NULL, '2024-12-23 10:34:15', '2024-12-23 10:34:15');
INSERT INTO `order_details` (`order_id`, `branch_id`, `dish_id`, `quantity`, `price`, `serve_at`, `created_at`, `update_at`) VALUES (58, NULL, 41, 5, 11.34, NULL, '2024-12-13 07:23:39', '2024-12-13 07:23:39');
INSERT INTO `order_details` (`order_id`, `branch_id`, `dish_id`, `quantity`, `price`, `serve_at`, `created_at`, `update_at`) VALUES (59, NULL, 38, 5, 23.01, NULL, '2024-12-14 05:32:51', '2024-12-14 05:32:51');
INSERT INTO `order_details` (`order_id`, `branch_id`, `dish_id`, `quantity`, `price`, `serve_at`, `created_at`, `update_at`) VALUES (59, NULL, 30, 6, 19.74, NULL, '2024-12-22 19:27:51', '2024-12-22 19:27:51');
INSERT INTO `order_details` (`order_id`, `branch_id`, `dish_id`, `quantity`, `price`, `serve_at`, `created_at`, `update_at`) VALUES (59, NULL, 6, 9, 28.78, NULL, '2024-12-20 09:03:03', '2024-12-20 09:03:03');
INSERT INTO `order_details` (`order_id`, `branch_id`, `dish_id`, `quantity`, `price`, `serve_at`, `created_at`, `update_at`) VALUES (60, 7, 12, 7, 13.68, NULL, '2024-12-06 20:25:20', '2024-12-06 20:25:20');
INSERT INTO `order_details` (`order_id`, `branch_id`, `dish_id`, `quantity`, `price`, `serve_at`, `created_at`, `update_at`) VALUES (60, 7, 44, 6, 9.62, NULL, '2024-12-20 11:45:16', '2024-12-20 11:45:16');
INSERT INTO `order_details` (`order_id`, `branch_id`, `dish_id`, `quantity`, `price`, `serve_at`, `created_at`, `update_at`) VALUES (60, 7, 33, 8, 12.23, NULL, '2024-12-13 16:30:14', '2024-12-13 16:30:14');
INSERT INTO `order_details` (`order_id`, `branch_id`, `dish_id`, `quantity`, `price`, `serve_at`, `created_at`, `update_at`) VALUES (60, 7, 42, 1, 17.5, NULL, '2024-12-26 07:53:10', '2024-12-26 07:53:10');
INSERT INTO `order_details` (`order_id`, `branch_id`, `dish_id`, `quantity`, `price`, `serve_at`, `created_at`, `update_at`) VALUES (60, 7, 35, 2, 29.9, NULL, '2024-12-26 02:49:08', '2024-12-26 02:49:08');
INSERT INTO `order_details` (`order_id`, `branch_id`, `dish_id`, `quantity`, `price`, `serve_at`, `created_at`, `update_at`) VALUES (60, 7, 5, 10, 25.05, NULL, '2024-12-07 12:37:03', '2024-12-07 12:37:03');
INSERT INTO `order_details` (`order_id`, `branch_id`, `dish_id`, `quantity`, `price`, `serve_at`, `created_at`, `update_at`) VALUES (60, 7, 18, 1, 13.0, NULL, '2024-12-19 23:07:48', '2024-12-19 23:07:48');
INSERT INTO `order_details` (`order_id`, `branch_id`, `dish_id`, `quantity`, `price`, `serve_at`, `created_at`, `update_at`) VALUES (60, 7, 40, 4, 23.26, NULL, '2024-12-09 13:46:01', '2024-12-09 13:46:01');
INSERT INTO `order_details` (`order_id`, `branch_id`, `dish_id`, `quantity`, `price`, `serve_at`, `created_at`, `update_at`) VALUES (60, 7, 9, 7, 17.6, NULL, '2024-12-04 08:00:19', '2024-12-04 08:00:19');
INSERT INTO `order_details` (`order_id`, `branch_id`, `dish_id`, `quantity`, `price`, `serve_at`, `created_at`, `update_at`) VALUES (60, 7, 15, 2, 16.23, NULL, '2024-12-04 00:11:11', '2024-12-04 00:11:11');
INSERT INTO `order_details` (`order_id`, `branch_id`, `dish_id`, `quantity`, `price`, `serve_at`, `created_at`, `update_at`) VALUES (61, NULL, 32, 2, 24.95, NULL, '2024-12-13 22:22:37', '2024-12-13 22:22:37');
INSERT INTO `order_details` (`order_id`, `branch_id`, `dish_id`, `quantity`, `price`, `serve_at`, `created_at`, `update_at`) VALUES (61, NULL, 43, 2, 13.65, NULL, '2024-12-15 01:14:55', '2024-12-15 01:14:55');
INSERT INTO `order_details` (`order_id`, `branch_id`, `dish_id`, `quantity`, `price`, `serve_at`, `created_at`, `update_at`) VALUES (62, 6, 16, 1, 17.38, NULL, '2024-12-19 11:30:22', '2024-12-19 11:30:22');
INSERT INTO `order_details` (`order_id`, `branch_id`, `dish_id`, `quantity`, `price`, `serve_at`, `created_at`, `update_at`) VALUES (62, 6, 19, 10, 26.06, NULL, '2024-12-16 14:54:27', '2024-12-16 14:54:27');
INSERT INTO `order_details` (`order_id`, `branch_id`, `dish_id`, `quantity`, `price`, `serve_at`, `created_at`, `update_at`) VALUES (62, 6, 10, 10, 22.62, NULL, '2024-12-05 04:31:22', '2024-12-05 04:31:22');
INSERT INTO `order_details` (`order_id`, `branch_id`, `dish_id`, `quantity`, `price`, `serve_at`, `created_at`, `update_at`) VALUES (62, 6, 23, 8, 27.44, NULL, '2024-12-12 04:30:57', '2024-12-12 04:30:57');
INSERT INTO `order_details` (`order_id`, `branch_id`, `dish_id`, `quantity`, `price`, `serve_at`, `created_at`, `update_at`) VALUES (62, 6, 7, 6, 10.26, NULL, '2024-12-02 23:30:07', '2024-12-02 23:30:07');
INSERT INTO `order_details` (`order_id`, `branch_id`, `dish_id`, `quantity`, `price`, `serve_at`, `created_at`, `update_at`) VALUES (62, 6, 34, 9, 5.58, NULL, '2024-12-27 20:10:23', '2024-12-27 20:10:23');
INSERT INTO `order_details` (`order_id`, `branch_id`, `dish_id`, `quantity`, `price`, `serve_at`, `created_at`, `update_at`) VALUES (63, 3, 46, 4, 27.37, NULL, '2024-12-19 20:45:52', '2024-12-19 20:45:52');
INSERT INTO `order_details` (`order_id`, `branch_id`, `dish_id`, `quantity`, `price`, `serve_at`, `created_at`, `update_at`) VALUES (63, 3, 11, 9, 7.53, NULL, '2024-12-24 20:12:19', '2024-12-24 20:12:19');
INSERT INTO `order_details` (`order_id`, `branch_id`, `dish_id`, `quantity`, `price`, `serve_at`, `created_at`, `update_at`) VALUES (63, 3, 13, 2, 4.34, NULL, '2024-12-26 01:20:42', '2024-12-26 01:20:42');
INSERT INTO `order_details` (`order_id`, `branch_id`, `dish_id`, `quantity`, `price`, `serve_at`, `created_at`, `update_at`) VALUES (63, 3, 40, 10, 20.37, NULL, '2024-12-17 06:38:13', '2024-12-17 06:38:13');
INSERT INTO `order_details` (`order_id`, `branch_id`, `dish_id`, `quantity`, `price`, `serve_at`, `created_at`, `update_at`) VALUES (63, 3, 1, 6, 29.73, NULL, '2024-12-13 15:11:48', '2024-12-13 15:11:48');
INSERT INTO `order_details` (`order_id`, `branch_id`, `dish_id`, `quantity`, `price`, `serve_at`, `created_at`, `update_at`) VALUES (63, 3, 43, 6, 3.94, NULL, '2024-12-07 14:42:04', '2024-12-07 14:42:04');
INSERT INTO `order_details` (`order_id`, `branch_id`, `dish_id`, `quantity`, `price`, `serve_at`, `created_at`, `update_at`) VALUES (63, 3, 7, 5, 11.39, NULL, '2024-12-17 14:09:42', '2024-12-17 14:09:42');
INSERT INTO `order_details` (`order_id`, `branch_id`, `dish_id`, `quantity`, `price`, `serve_at`, `created_at`, `update_at`) VALUES (63, 3, 34, 8, 28.73, NULL, '2024-12-10 10:11:28', '2024-12-10 10:11:28');
INSERT INTO `order_details` (`order_id`, `branch_id`, `dish_id`, `quantity`, `price`, `serve_at`, `created_at`, `update_at`) VALUES (63, 3, 16, 1, 26.3, NULL, '2024-12-01 17:40:15', '2024-12-01 17:40:15');
INSERT INTO `order_details` (`order_id`, `branch_id`, `dish_id`, `quantity`, `price`, `serve_at`, `created_at`, `update_at`) VALUES (64, 4, 10, 2, 19.55, NULL, '2024-12-16 09:18:41', '2024-12-16 09:18:41');
INSERT INTO `order_details` (`order_id`, `branch_id`, `dish_id`, `quantity`, `price`, `serve_at`, `created_at`, `update_at`) VALUES (64, 4, 15, 8, 28.68, NULL, '2024-12-08 21:44:35', '2024-12-08 21:44:35');
INSERT INTO `order_details` (`order_id`, `branch_id`, `dish_id`, `quantity`, `price`, `serve_at`, `created_at`, `update_at`) VALUES (65, 1, 18, 3, 13.62, NULL, '2024-12-13 15:50:48', '2024-12-13 15:50:48');
INSERT INTO `order_details` (`order_id`, `branch_id`, `dish_id`, `quantity`, `price`, `serve_at`, `created_at`, `update_at`) VALUES (66, 7, 32, 2, 3.26, NULL, '2024-12-21 18:46:54', '2024-12-21 18:46:54');
INSERT INTO `order_details` (`order_id`, `branch_id`, `dish_id`, `quantity`, `price`, `serve_at`, `created_at`, `update_at`) VALUES (66, 7, 34, 9, 16.22, NULL, '2024-12-19 23:03:15', '2024-12-19 23:03:15');
INSERT INTO `order_details` (`order_id`, `branch_id`, `dish_id`, `quantity`, `price`, `serve_at`, `created_at`, `update_at`) VALUES (66, 7, 33, 2, 28.7, NULL, '2024-12-26 00:03:24', '2024-12-26 00:03:24');
INSERT INTO `order_details` (`order_id`, `branch_id`, `dish_id`, `quantity`, `price`, `serve_at`, `created_at`, `update_at`) VALUES (66, 7, 39, 9, 25.09, NULL, '2024-12-08 14:59:36', '2024-12-08 14:59:36');
INSERT INTO `order_details` (`order_id`, `branch_id`, `dish_id`, `quantity`, `price`, `serve_at`, `created_at`, `update_at`) VALUES (66, 7, 29, 8, 17.68, NULL, '2024-12-06 04:05:15', '2024-12-06 04:05:15');
INSERT INTO `order_details` (`order_id`, `branch_id`, `dish_id`, `quantity`, `price`, `serve_at`, `created_at`, `update_at`) VALUES (66, 7, 44, 3, 10.4, NULL, '2024-12-27 16:27:11', '2024-12-27 16:27:11');
INSERT INTO `order_details` (`order_id`, `branch_id`, `dish_id`, `quantity`, `price`, `serve_at`, `created_at`, `update_at`) VALUES (67, NULL, 21, 3, 23.84, NULL, '2024-12-24 14:02:20', '2024-12-24 14:02:20');
INSERT INTO `order_details` (`order_id`, `branch_id`, `dish_id`, `quantity`, `price`, `serve_at`, `created_at`, `update_at`) VALUES (67, NULL, 37, 3, 4.13, NULL, '2024-12-11 00:01:36', '2024-12-11 00:01:36');
INSERT INTO `order_details` (`order_id`, `branch_id`, `dish_id`, `quantity`, `price`, `serve_at`, `created_at`, `update_at`) VALUES (67, NULL, 12, 10, 28.13, NULL, '2024-12-22 22:50:54', '2024-12-22 22:50:54');
INSERT INTO `order_details` (`order_id`, `branch_id`, `dish_id`, `quantity`, `price`, `serve_at`, `created_at`, `update_at`) VALUES (67, NULL, 3, 8, 10.2, NULL, '2024-12-28 07:01:46', '2024-12-28 07:01:46');
INSERT INTO `order_details` (`order_id`, `branch_id`, `dish_id`, `quantity`, `price`, `serve_at`, `created_at`, `update_at`) VALUES (67, NULL, 31, 7, 25.18, NULL, '2024-12-28 07:53:56', '2024-12-28 07:53:56');
INSERT INTO `order_details` (`order_id`, `branch_id`, `dish_id`, `quantity`, `price`, `serve_at`, `created_at`, `update_at`) VALUES (67, NULL, 34, 7, 17.94, NULL, '2024-12-25 07:06:39', '2024-12-25 07:06:39');
INSERT INTO `order_details` (`order_id`, `branch_id`, `dish_id`, `quantity`, `price`, `serve_at`, `created_at`, `update_at`) VALUES (68, 7, 31, 1, 22.32, NULL, '2024-12-06 12:52:58', '2024-12-06 12:52:58');
INSERT INTO `order_details` (`order_id`, `branch_id`, `dish_id`, `quantity`, `price`, `serve_at`, `created_at`, `update_at`) VALUES (68, 7, 15, 8, 28.68, NULL, '2024-12-07 13:09:04', '2024-12-07 13:09:04');
INSERT INTO `order_details` (`order_id`, `branch_id`, `dish_id`, `quantity`, `price`, `serve_at`, `created_at`, `update_at`) VALUES (68, 7, 26, 6, 26.81, NULL, '2024-12-11 05:20:01', '2024-12-11 05:20:01');
INSERT INTO `order_details` (`order_id`, `branch_id`, `dish_id`, `quantity`, `price`, `serve_at`, `created_at`, `update_at`) VALUES (68, 7, 11, 4, 16.98, NULL, '2024-12-26 15:05:22', '2024-12-26 15:05:22');
INSERT INTO `order_details` (`order_id`, `branch_id`, `dish_id`, `quantity`, `price`, `serve_at`, `created_at`, `update_at`) VALUES (68, 7, 25, 4, 14.86, NULL, '2024-12-21 17:44:01', '2024-12-21 17:44:01');
INSERT INTO `order_details` (`order_id`, `branch_id`, `dish_id`, `quantity`, `price`, `serve_at`, `created_at`, `update_at`) VALUES (68, 7, 35, 1, 29.36, NULL, '2024-12-16 03:19:25', '2024-12-16 03:19:25');
INSERT INTO `order_details` (`order_id`, `branch_id`, `dish_id`, `quantity`, `price`, `serve_at`, `created_at`, `update_at`) VALUES (68, 7, 44, 4, 10.25, NULL, '2024-12-02 15:48:13', '2024-12-02 15:48:13');
INSERT INTO `order_details` (`order_id`, `branch_id`, `dish_id`, `quantity`, `price`, `serve_at`, `created_at`, `update_at`) VALUES (68, 7, 12, 9, 14.59, NULL, '2024-12-24 06:31:59', '2024-12-24 06:31:59');
INSERT INTO `order_details` (`order_id`, `branch_id`, `dish_id`, `quantity`, `price`, `serve_at`, `created_at`, `update_at`) VALUES (68, 7, 42, 4, 28.27, NULL, '2024-12-05 13:31:38', '2024-12-05 13:31:38');
INSERT INTO `order_details` (`order_id`, `branch_id`, `dish_id`, `quantity`, `price`, `serve_at`, `created_at`, `update_at`) VALUES (68, 7, 40, 2, 15.8, NULL, '2024-12-03 21:54:40', '2024-12-03 21:54:40');
INSERT INTO `order_details` (`order_id`, `branch_id`, `dish_id`, `quantity`, `price`, `serve_at`, `created_at`, `update_at`) VALUES (69, 6, 17, 5, 26.41, NULL, '2024-12-06 15:06:05', '2024-12-06 15:06:05');
INSERT INTO `order_details` (`order_id`, `branch_id`, `dish_id`, `quantity`, `price`, `serve_at`, `created_at`, `update_at`) VALUES (69, 6, 36, 4, 7.68, NULL, '2024-12-02 10:59:15', '2024-12-02 10:59:15');
INSERT INTO `order_details` (`order_id`, `branch_id`, `dish_id`, `quantity`, `price`, `serve_at`, `created_at`, `update_at`) VALUES (69, 6, 8, 7, 13.1, NULL, '2024-12-01 06:02:28', '2024-12-01 06:02:28');
INSERT INTO `order_details` (`order_id`, `branch_id`, `dish_id`, `quantity`, `price`, `serve_at`, `created_at`, `update_at`) VALUES (70, NULL, 10, 1, 27.41, NULL, '2024-12-19 00:23:16', '2024-12-19 00:23:16');
INSERT INTO `order_details` (`order_id`, `branch_id`, `dish_id`, `quantity`, `price`, `serve_at`, `created_at`, `update_at`) VALUES (70, NULL, 23, 2, 27.92, NULL, '2024-12-20 17:50:41', '2024-12-20 17:50:41');
INSERT INTO `order_details` (`order_id`, `branch_id`, `dish_id`, `quantity`, `price`, `serve_at`, `created_at`, `update_at`) VALUES (70, NULL, 4, 1, 16.79, NULL, '2024-12-09 16:51:18', '2024-12-09 16:51:18');
INSERT INTO `order_details` (`order_id`, `branch_id`, `dish_id`, `quantity`, `price`, `serve_at`, `created_at`, `update_at`) VALUES (70, NULL, 34, 9, 4.6, NULL, '2024-12-13 13:46:39', '2024-12-13 13:46:39');
INSERT INTO `order_details` (`order_id`, `branch_id`, `dish_id`, `quantity`, `price`, `serve_at`, `created_at`, `update_at`) VALUES (70, NULL, 43, 1, 9.87, NULL, '2024-12-26 12:59:24', '2024-12-26 12:59:24');
INSERT INTO `order_details` (`order_id`, `branch_id`, `dish_id`, `quantity`, `price`, `serve_at`, `created_at`, `update_at`) VALUES (70, NULL, 18, 4, 29.46, NULL, '2024-12-06 04:55:33', '2024-12-06 04:55:33');
INSERT INTO `order_details` (`order_id`, `branch_id`, `dish_id`, `quantity`, `price`, `serve_at`, `created_at`, `update_at`) VALUES (71, 8, 45, 7, 11.6, NULL, '2024-12-25 00:21:02', '2024-12-25 00:21:02');
INSERT INTO `order_details` (`order_id`, `branch_id`, `dish_id`, `quantity`, `price`, `serve_at`, `created_at`, `update_at`) VALUES (72, NULL, 32, 8, 14.23, NULL, '2024-12-05 18:48:05', '2024-12-05 18:48:05');
INSERT INTO `order_details` (`order_id`, `branch_id`, `dish_id`, `quantity`, `price`, `serve_at`, `created_at`, `update_at`) VALUES (72, NULL, 38, 8, 4.25, NULL, '2024-12-11 11:49:28', '2024-12-11 11:49:28');
INSERT INTO `order_details` (`order_id`, `branch_id`, `dish_id`, `quantity`, `price`, `serve_at`, `created_at`, `update_at`) VALUES (72, NULL, 9, 2, 12.87, NULL, '2024-12-16 03:02:25', '2024-12-16 03:02:25');
INSERT INTO `order_details` (`order_id`, `branch_id`, `dish_id`, `quantity`, `price`, `serve_at`, `created_at`, `update_at`) VALUES (72, NULL, 7, 1, 22.81, NULL, '2024-12-23 15:00:52', '2024-12-23 15:00:52');
INSERT INTO `order_details` (`order_id`, `branch_id`, `dish_id`, `quantity`, `price`, `serve_at`, `created_at`, `update_at`) VALUES (72, NULL, 33, 6, 5.33, NULL, '2024-12-08 11:44:53', '2024-12-08 11:44:53');
INSERT INTO `order_details` (`order_id`, `branch_id`, `dish_id`, `quantity`, `price`, `serve_at`, `created_at`, `update_at`) VALUES (72, NULL, 17, 8, 18.48, NULL, '2024-12-05 08:53:42', '2024-12-05 08:53:42');
INSERT INTO `order_details` (`order_id`, `branch_id`, `dish_id`, `quantity`, `price`, `serve_at`, `created_at`, `update_at`) VALUES (72, NULL, 42, 2, 18.48, NULL, '2024-12-03 12:08:57', '2024-12-03 12:08:57');
INSERT INTO `order_details` (`order_id`, `branch_id`, `dish_id`, `quantity`, `price`, `serve_at`, `created_at`, `update_at`) VALUES (73, 9, 44, 2, 20.59, NULL, '2024-12-06 06:34:19', '2024-12-06 06:34:19');
INSERT INTO `order_details` (`order_id`, `branch_id`, `dish_id`, `quantity`, `price`, `serve_at`, `created_at`, `update_at`) VALUES (73, 9, 19, 2, 29.6, NULL, '2024-12-17 02:42:00', '2024-12-17 02:42:00');
INSERT INTO `order_details` (`order_id`, `branch_id`, `dish_id`, `quantity`, `price`, `serve_at`, `created_at`, `update_at`) VALUES (73, 9, 43, 1, 22.81, NULL, '2024-12-16 00:09:58', '2024-12-16 00:09:58');
INSERT INTO `order_details` (`order_id`, `branch_id`, `dish_id`, `quantity`, `price`, `serve_at`, `created_at`, `update_at`) VALUES (73, 9, 4, 2, 8.8, NULL, '2024-12-18 02:02:52', '2024-12-18 02:02:52');
INSERT INTO `order_details` (`order_id`, `branch_id`, `dish_id`, `quantity`, `price`, `serve_at`, `created_at`, `update_at`) VALUES (74, 2, 5, 7, 3.95, NULL, '2024-12-18 15:43:10', '2024-12-18 15:43:10');
INSERT INTO `order_details` (`order_id`, `branch_id`, `dish_id`, `quantity`, `price`, `serve_at`, `created_at`, `update_at`) VALUES (74, 2, 8, 8, 6.85, NULL, '2024-12-15 12:55:02', '2024-12-15 12:55:02');
INSERT INTO `order_details` (`order_id`, `branch_id`, `dish_id`, `quantity`, `price`, `serve_at`, `created_at`, `update_at`) VALUES (74, 2, 29, 3, 28.98, NULL, '2024-12-06 10:29:49', '2024-12-06 10:29:49');
INSERT INTO `order_details` (`order_id`, `branch_id`, `dish_id`, `quantity`, `price`, `serve_at`, `created_at`, `update_at`) VALUES (74, 2, 24, 4, 20.72, NULL, '2024-12-22 10:36:14', '2024-12-22 10:36:14');
INSERT INTO `order_details` (`order_id`, `branch_id`, `dish_id`, `quantity`, `price`, `serve_at`, `created_at`, `update_at`) VALUES (74, 2, 33, 1, 13.27, NULL, '2024-12-08 01:05:43', '2024-12-08 01:05:43');
INSERT INTO `order_details` (`order_id`, `branch_id`, `dish_id`, `quantity`, `price`, `serve_at`, `created_at`, `update_at`) VALUES (74, 2, 38, 8, 13.67, NULL, '2024-12-28 02:26:12', '2024-12-28 02:26:12');
INSERT INTO `order_details` (`order_id`, `branch_id`, `dish_id`, `quantity`, `price`, `serve_at`, `created_at`, `update_at`) VALUES (74, 2, 36, 10, 28.64, NULL, '2024-12-07 11:46:34', '2024-12-07 11:46:34');
INSERT INTO `order_details` (`order_id`, `branch_id`, `dish_id`, `quantity`, `price`, `serve_at`, `created_at`, `update_at`) VALUES (74, 2, 21, 9, 7.43, NULL, '2024-12-28 14:29:32', '2024-12-28 14:29:32');
INSERT INTO `order_details` (`order_id`, `branch_id`, `dish_id`, `quantity`, `price`, `serve_at`, `created_at`, `update_at`) VALUES (75, 4, 38, 4, 7.65, NULL, '2024-12-20 09:48:22', '2024-12-20 09:48:22');
INSERT INTO `order_details` (`order_id`, `branch_id`, `dish_id`, `quantity`, `price`, `serve_at`, `created_at`, `update_at`) VALUES (75, 4, 14, 6, 23.24, NULL, '2024-12-10 19:03:12', '2024-12-10 19:03:12');
INSERT INTO `order_details` (`order_id`, `branch_id`, `dish_id`, `quantity`, `price`, `serve_at`, `created_at`, `update_at`) VALUES (76, NULL, 44, 3, 21.85, NULL, '2024-12-25 02:18:32', '2024-12-25 02:18:32');
INSERT INTO `order_details` (`order_id`, `branch_id`, `dish_id`, `quantity`, `price`, `serve_at`, `created_at`, `update_at`) VALUES (76, NULL, 10, 4, 23.19, NULL, '2024-12-19 20:55:01', '2024-12-19 20:55:01');
INSERT INTO `order_details` (`order_id`, `branch_id`, `dish_id`, `quantity`, `price`, `serve_at`, `created_at`, `update_at`) VALUES (76, NULL, 33, 7, 7.82, NULL, '2024-12-10 10:23:12', '2024-12-10 10:23:12');
INSERT INTO `order_details` (`order_id`, `branch_id`, `dish_id`, `quantity`, `price`, `serve_at`, `created_at`, `update_at`) VALUES (76, NULL, 40, 3, 26.93, NULL, '2024-12-12 01:31:42', '2024-12-12 01:31:42');
INSERT INTO `order_details` (`order_id`, `branch_id`, `dish_id`, `quantity`, `price`, `serve_at`, `created_at`, `update_at`) VALUES (76, NULL, 43, 8, 21.47, NULL, '2024-12-29 16:32:47', '2024-12-29 16:32:47');
INSERT INTO `order_details` (`order_id`, `branch_id`, `dish_id`, `quantity`, `price`, `serve_at`, `created_at`, `update_at`) VALUES (76, NULL, 14, 6, 22.57, NULL, '2024-12-21 00:24:33', '2024-12-21 00:24:33');
INSERT INTO `order_details` (`order_id`, `branch_id`, `dish_id`, `quantity`, `price`, `serve_at`, `created_at`, `update_at`) VALUES (76, NULL, 37, 4, 12.89, NULL, '2024-12-13 10:17:53', '2024-12-13 10:17:53');
INSERT INTO `order_details` (`order_id`, `branch_id`, `dish_id`, `quantity`, `price`, `serve_at`, `created_at`, `update_at`) VALUES (76, NULL, 46, 7, 9.95, NULL, '2024-12-02 06:23:18', '2024-12-02 06:23:18');
INSERT INTO `order_details` (`order_id`, `branch_id`, `dish_id`, `quantity`, `price`, `serve_at`, `created_at`, `update_at`) VALUES (77, 1, 8, 4, 9.7, NULL, '2024-12-27 14:39:18', '2024-12-27 14:39:18');
INSERT INTO `order_details` (`order_id`, `branch_id`, `dish_id`, `quantity`, `price`, `serve_at`, `created_at`, `update_at`) VALUES (77, 1, 30, 6, 14.69, NULL, '2024-12-07 13:57:54', '2024-12-07 13:57:54');
INSERT INTO `order_details` (`order_id`, `branch_id`, `dish_id`, `quantity`, `price`, `serve_at`, `created_at`, `update_at`) VALUES (77, 1, 39, 5, 9.81, NULL, '2024-12-13 23:11:23', '2024-12-13 23:11:23');
INSERT INTO `order_details` (`order_id`, `branch_id`, `dish_id`, `quantity`, `price`, `serve_at`, `created_at`, `update_at`) VALUES (77, 1, 31, 10, 3.21, NULL, '2024-12-21 10:55:19', '2024-12-21 10:55:19');
INSERT INTO `order_details` (`order_id`, `branch_id`, `dish_id`, `quantity`, `price`, `serve_at`, `created_at`, `update_at`) VALUES (77, 1, 23, 5, 6.71, NULL, '2024-12-16 18:04:26', '2024-12-16 18:04:26');
INSERT INTO `order_details` (`order_id`, `branch_id`, `dish_id`, `quantity`, `price`, `serve_at`, `created_at`, `update_at`) VALUES (77, 1, 26, 9, 24.79, NULL, '2024-12-05 21:55:31', '2024-12-05 21:55:31');
INSERT INTO `order_details` (`order_id`, `branch_id`, `dish_id`, `quantity`, `price`, `serve_at`, `created_at`, `update_at`) VALUES (77, 1, 19, 8, 8.32, NULL, '2024-12-12 19:23:18', '2024-12-12 19:23:18');
INSERT INTO `order_details` (`order_id`, `branch_id`, `dish_id`, `quantity`, `price`, `serve_at`, `created_at`, `update_at`) VALUES (78, NULL, 15, 9, 24.63, NULL, '2024-12-29 17:36:24', '2024-12-29 17:36:24');
INSERT INTO `order_details` (`order_id`, `branch_id`, `dish_id`, `quantity`, `price`, `serve_at`, `created_at`, `update_at`) VALUES (78, NULL, 5, 2, 28.54, NULL, '2024-12-22 09:40:07', '2024-12-22 09:40:07');
INSERT INTO `order_details` (`order_id`, `branch_id`, `dish_id`, `quantity`, `price`, `serve_at`, `created_at`, `update_at`) VALUES (78, NULL, 16, 10, 24.66, NULL, '2024-12-14 17:24:54', '2024-12-14 17:24:54');
INSERT INTO `order_details` (`order_id`, `branch_id`, `dish_id`, `quantity`, `price`, `serve_at`, `created_at`, `update_at`) VALUES (79, NULL, 40, 7, 28.21, NULL, '2024-12-23 16:00:55', '2024-12-23 16:00:55');
INSERT INTO `order_details` (`order_id`, `branch_id`, `dish_id`, `quantity`, `price`, `serve_at`, `created_at`, `update_at`) VALUES (79, NULL, 44, 1, 4.47, NULL, '2024-12-29 10:31:17', '2024-12-29 10:31:17');
INSERT INTO `order_details` (`order_id`, `branch_id`, `dish_id`, `quantity`, `price`, `serve_at`, `created_at`, `update_at`) VALUES (79, NULL, 42, 9, 18.6, NULL, '2024-12-11 12:13:43', '2024-12-11 12:13:43');
INSERT INTO `order_details` (`order_id`, `branch_id`, `dish_id`, `quantity`, `price`, `serve_at`, `created_at`, `update_at`) VALUES (79, NULL, 27, 8, 15.88, NULL, '2024-12-02 06:11:51', '2024-12-02 06:11:51');
INSERT INTO `order_details` (`order_id`, `branch_id`, `dish_id`, `quantity`, `price`, `serve_at`, `created_at`, `update_at`) VALUES (79, NULL, 11, 3, 22.95, NULL, '2024-12-07 16:25:29', '2024-12-07 16:25:29');
INSERT INTO `order_details` (`order_id`, `branch_id`, `dish_id`, `quantity`, `price`, `serve_at`, `created_at`, `update_at`) VALUES (79, NULL, 15, 9, 20.98, NULL, '2024-12-05 17:14:02', '2024-12-05 17:14:02');
INSERT INTO `order_details` (`order_id`, `branch_id`, `dish_id`, `quantity`, `price`, `serve_at`, `created_at`, `update_at`) VALUES (79, NULL, 39, 9, 28.73, NULL, '2024-12-11 03:12:47', '2024-12-11 03:12:47');
INSERT INTO `order_details` (`order_id`, `branch_id`, `dish_id`, `quantity`, `price`, `serve_at`, `created_at`, `update_at`) VALUES (79, NULL, 2, 6, 23.64, NULL, '2024-12-03 10:06:58', '2024-12-03 10:06:58');
INSERT INTO `order_details` (`order_id`, `branch_id`, `dish_id`, `quantity`, `price`, `serve_at`, `created_at`, `update_at`) VALUES (80, 1, 42, 1, 29.95, NULL, '2024-12-13 22:35:29', '2024-12-13 22:35:29');
INSERT INTO `order_details` (`order_id`, `branch_id`, `dish_id`, `quantity`, `price`, `serve_at`, `created_at`, `update_at`) VALUES (81, 1, 38, 9, 10.21, NULL, '2024-12-21 04:25:29', '2024-12-21 04:25:29');
INSERT INTO `order_details` (`order_id`, `branch_id`, `dish_id`, `quantity`, `price`, `serve_at`, `created_at`, `update_at`) VALUES (81, 1, 44, 3, 17.23, NULL, '2024-12-16 05:50:42', '2024-12-16 05:50:42');
INSERT INTO `order_details` (`order_id`, `branch_id`, `dish_id`, `quantity`, `price`, `serve_at`, `created_at`, `update_at`) VALUES (81, 1, 2, 9, 16.23, NULL, '2024-12-20 13:48:06', '2024-12-20 13:48:06');
INSERT INTO `order_details` (`order_id`, `branch_id`, `dish_id`, `quantity`, `price`, `serve_at`, `created_at`, `update_at`) VALUES (81, 1, 26, 6, 6.59, NULL, '2024-12-28 21:01:38', '2024-12-28 21:01:38');
INSERT INTO `order_details` (`order_id`, `branch_id`, `dish_id`, `quantity`, `price`, `serve_at`, `created_at`, `update_at`) VALUES (81, 1, 10, 2, 6.01, NULL, '2024-12-13 05:51:18', '2024-12-13 05:51:18');
INSERT INTO `order_details` (`order_id`, `branch_id`, `dish_id`, `quantity`, `price`, `serve_at`, `created_at`, `update_at`) VALUES (82, NULL, 44, 4, 19.77, NULL, '2024-12-04 10:47:19', '2024-12-04 10:47:19');
INSERT INTO `order_details` (`order_id`, `branch_id`, `dish_id`, `quantity`, `price`, `serve_at`, `created_at`, `update_at`) VALUES (82, NULL, 26, 7, 14.89, NULL, '2024-12-10 08:21:39', '2024-12-10 08:21:39');
INSERT INTO `order_details` (`order_id`, `branch_id`, `dish_id`, `quantity`, `price`, `serve_at`, `created_at`, `update_at`) VALUES (82, NULL, 36, 2, 8.35, NULL, '2024-12-25 19:20:16', '2024-12-25 19:20:16');
INSERT INTO `order_details` (`order_id`, `branch_id`, `dish_id`, `quantity`, `price`, `serve_at`, `created_at`, `update_at`) VALUES (82, NULL, 28, 1, 13.0, NULL, '2024-12-21 22:34:59', '2024-12-21 22:34:59');
INSERT INTO `order_details` (`order_id`, `branch_id`, `dish_id`, `quantity`, `price`, `serve_at`, `created_at`, `update_at`) VALUES (83, 10, 3, 7, 19.93, NULL, '2024-12-25 09:21:02', '2024-12-25 09:21:02');
INSERT INTO `order_details` (`order_id`, `branch_id`, `dish_id`, `quantity`, `price`, `serve_at`, `created_at`, `update_at`) VALUES (83, 10, 39, 3, 24.3, NULL, '2024-12-16 02:38:31', '2024-12-16 02:38:31');
INSERT INTO `order_details` (`order_id`, `branch_id`, `dish_id`, `quantity`, `price`, `serve_at`, `created_at`, `update_at`) VALUES (83, 10, 22, 1, 24.51, NULL, '2024-12-09 02:58:33', '2024-12-09 02:58:33');
INSERT INTO `order_details` (`order_id`, `branch_id`, `dish_id`, `quantity`, `price`, `serve_at`, `created_at`, `update_at`) VALUES (83, 10, 1, 8, 18.17, NULL, '2024-12-28 11:57:35', '2024-12-28 11:57:35');
INSERT INTO `order_details` (`order_id`, `branch_id`, `dish_id`, `quantity`, `price`, `serve_at`, `created_at`, `update_at`) VALUES (83, 10, 43, 10, 14.28, NULL, '2024-12-07 13:29:07', '2024-12-07 13:29:07');
INSERT INTO `order_details` (`order_id`, `branch_id`, `dish_id`, `quantity`, `price`, `serve_at`, `created_at`, `update_at`) VALUES (83, 10, 30, 10, 19.45, NULL, '2024-12-12 23:11:09', '2024-12-12 23:11:09');
INSERT INTO `order_details` (`order_id`, `branch_id`, `dish_id`, `quantity`, `price`, `serve_at`, `created_at`, `update_at`) VALUES (83, 10, 6, 5, 24.57, NULL, '2024-12-25 01:02:34', '2024-12-25 01:02:34');
INSERT INTO `order_details` (`order_id`, `branch_id`, `dish_id`, `quantity`, `price`, `serve_at`, `created_at`, `update_at`) VALUES (83, 10, 45, 7, 9.83, NULL, '2024-12-20 14:06:27', '2024-12-20 14:06:27');
INSERT INTO `order_details` (`order_id`, `branch_id`, `dish_id`, `quantity`, `price`, `serve_at`, `created_at`, `update_at`) VALUES (83, 10, 34, 8, 26.56, NULL, '2024-12-15 16:38:32', '2024-12-15 16:38:32');
INSERT INTO `order_details` (`order_id`, `branch_id`, `dish_id`, `quantity`, `price`, `serve_at`, `created_at`, `update_at`) VALUES (84, NULL, 26, 1, 28.24, NULL, '2024-12-24 17:39:16', '2024-12-24 17:39:16');
INSERT INTO `order_details` (`order_id`, `branch_id`, `dish_id`, `quantity`, `price`, `serve_at`, `created_at`, `update_at`) VALUES (84, NULL, 4, 7, 22.53, NULL, '2024-12-27 04:23:27', '2024-12-27 04:23:27');
INSERT INTO `order_details` (`order_id`, `branch_id`, `dish_id`, `quantity`, `price`, `serve_at`, `created_at`, `update_at`) VALUES (84, NULL, 6, 7, 21.6, NULL, '2024-12-11 01:42:46', '2024-12-11 01:42:46');
INSERT INTO `order_details` (`order_id`, `branch_id`, `dish_id`, `quantity`, `price`, `serve_at`, `created_at`, `update_at`) VALUES (84, NULL, 32, 9, 12.54, NULL, '2024-12-14 17:05:00', '2024-12-14 17:05:00');
INSERT INTO `order_details` (`order_id`, `branch_id`, `dish_id`, `quantity`, `price`, `serve_at`, `created_at`, `update_at`) VALUES (85, 6, 38, 4, 19.7, NULL, '2024-12-25 18:43:14', '2024-12-25 18:43:14');
INSERT INTO `order_details` (`order_id`, `branch_id`, `dish_id`, `quantity`, `price`, `serve_at`, `created_at`, `update_at`) VALUES (85, 6, 3, 3, 24.86, NULL, '2024-12-13 01:43:48', '2024-12-13 01:43:48');
INSERT INTO `order_details` (`order_id`, `branch_id`, `dish_id`, `quantity`, `price`, `serve_at`, `created_at`, `update_at`) VALUES (85, 6, 30, 7, 8.39, NULL, '2024-12-03 21:41:14', '2024-12-03 21:41:14');
INSERT INTO `order_details` (`order_id`, `branch_id`, `dish_id`, `quantity`, `price`, `serve_at`, `created_at`, `update_at`) VALUES (85, 6, 37, 5, 7.38, NULL, '2024-12-13 13:25:24', '2024-12-13 13:25:24');
INSERT INTO `order_details` (`order_id`, `branch_id`, `dish_id`, `quantity`, `price`, `serve_at`, `created_at`, `update_at`) VALUES (85, 6, 1, 4, 17.69, NULL, '2024-12-09 08:10:03', '2024-12-09 08:10:03');
INSERT INTO `order_details` (`order_id`, `branch_id`, `dish_id`, `quantity`, `price`, `serve_at`, `created_at`, `update_at`) VALUES (85, 6, 13, 7, 29.41, NULL, '2024-12-03 15:54:24', '2024-12-03 15:54:24');
INSERT INTO `order_details` (`order_id`, `branch_id`, `dish_id`, `quantity`, `price`, `serve_at`, `created_at`, `update_at`) VALUES (86, NULL, 39, 5, 25.81, NULL, '2024-12-29 14:56:17', '2024-12-29 14:56:17');
INSERT INTO `order_details` (`order_id`, `branch_id`, `dish_id`, `quantity`, `price`, `serve_at`, `created_at`, `update_at`) VALUES (87, 10, 40, 3, 21.3, NULL, '2024-12-04 23:47:32', '2024-12-04 23:47:32');
INSERT INTO `order_details` (`order_id`, `branch_id`, `dish_id`, `quantity`, `price`, `serve_at`, `created_at`, `update_at`) VALUES (87, 10, 9, 7, 3.24, NULL, '2024-12-15 07:57:09', '2024-12-15 07:57:09');
INSERT INTO `order_details` (`order_id`, `branch_id`, `dish_id`, `quantity`, `price`, `serve_at`, `created_at`, `update_at`) VALUES (87, 10, 43, 1, 17.07, NULL, '2024-12-16 19:22:26', '2024-12-16 19:22:26');
INSERT INTO `order_details` (`order_id`, `branch_id`, `dish_id`, `quantity`, `price`, `serve_at`, `created_at`, `update_at`) VALUES (87, 10, 27, 5, 18.62, NULL, '2024-12-19 16:59:55', '2024-12-19 16:59:55');
INSERT INTO `order_details` (`order_id`, `branch_id`, `dish_id`, `quantity`, `price`, `serve_at`, `created_at`, `update_at`) VALUES (87, 10, 22, 9, 16.07, NULL, '2024-12-24 23:00:52', '2024-12-24 23:00:52');
INSERT INTO `order_details` (`order_id`, `branch_id`, `dish_id`, `quantity`, `price`, `serve_at`, `created_at`, `update_at`) VALUES (88, NULL, 5, 6, 10.8, NULL, '2024-12-12 08:33:44', '2024-12-12 08:33:44');
INSERT INTO `order_details` (`order_id`, `branch_id`, `dish_id`, `quantity`, `price`, `serve_at`, `created_at`, `update_at`) VALUES (88, NULL, 17, 2, 15.28, NULL, '2024-12-03 15:21:23', '2024-12-03 15:21:23');
INSERT INTO `order_details` (`order_id`, `branch_id`, `dish_id`, `quantity`, `price`, `serve_at`, `created_at`, `update_at`) VALUES (88, NULL, 3, 4, 18.91, NULL, '2024-12-16 03:42:29', '2024-12-16 03:42:29');
INSERT INTO `order_details` (`order_id`, `branch_id`, `dish_id`, `quantity`, `price`, `serve_at`, `created_at`, `update_at`) VALUES (88, NULL, 8, 6, 25.76, NULL, '2024-12-02 12:38:01', '2024-12-02 12:38:01');
INSERT INTO `order_details` (`order_id`, `branch_id`, `dish_id`, `quantity`, `price`, `serve_at`, `created_at`, `update_at`) VALUES (88, NULL, 21, 3, 8.09, NULL, '2024-12-17 04:40:26', '2024-12-17 04:40:26');
INSERT INTO `order_details` (`order_id`, `branch_id`, `dish_id`, `quantity`, `price`, `serve_at`, `created_at`, `update_at`) VALUES (88, NULL, 43, 7, 24.14, NULL, '2024-12-13 14:09:18', '2024-12-13 14:09:18');
INSERT INTO `order_details` (`order_id`, `branch_id`, `dish_id`, `quantity`, `price`, `serve_at`, `created_at`, `update_at`) VALUES (88, NULL, 24, 10, 19.46, NULL, '2024-12-03 18:42:53', '2024-12-03 18:42:53');
INSERT INTO `order_details` (`order_id`, `branch_id`, `dish_id`, `quantity`, `price`, `serve_at`, `created_at`, `update_at`) VALUES (89, 6, 37, 7, 23.43, NULL, '2024-12-26 18:42:47', '2024-12-26 18:42:47');
INSERT INTO `order_details` (`order_id`, `branch_id`, `dish_id`, `quantity`, `price`, `serve_at`, `created_at`, `update_at`) VALUES (89, 6, 30, 1, 17.05, NULL, '2024-12-24 15:05:56', '2024-12-24 15:05:56');
INSERT INTO `order_details` (`order_id`, `branch_id`, `dish_id`, `quantity`, `price`, `serve_at`, `created_at`, `update_at`) VALUES (89, 6, 11, 9, 9.41, NULL, '2024-12-07 06:53:12', '2024-12-07 06:53:12');
INSERT INTO `order_details` (`order_id`, `branch_id`, `dish_id`, `quantity`, `price`, `serve_at`, `created_at`, `update_at`) VALUES (89, 6, 12, 3, 5.18, NULL, '2024-12-26 23:27:33', '2024-12-26 23:27:33');
INSERT INTO `order_details` (`order_id`, `branch_id`, `dish_id`, `quantity`, `price`, `serve_at`, `created_at`, `update_at`) VALUES (89, 6, 14, 3, 15.96, NULL, '2024-12-25 07:09:15', '2024-12-25 07:09:15');
INSERT INTO `order_details` (`order_id`, `branch_id`, `dish_id`, `quantity`, `price`, `serve_at`, `created_at`, `update_at`) VALUES (89, 6, 5, 3, 24.97, NULL, '2024-12-09 20:37:09', '2024-12-09 20:37:09');
INSERT INTO `order_details` (`order_id`, `branch_id`, `dish_id`, `quantity`, `price`, `serve_at`, `created_at`, `update_at`) VALUES (89, 6, 9, 4, 21.37, NULL, '2024-12-06 17:32:34', '2024-12-06 17:32:34');
INSERT INTO `order_details` (`order_id`, `branch_id`, `dish_id`, `quantity`, `price`, `serve_at`, `created_at`, `update_at`) VALUES (89, 6, 3, 3, 18.83, NULL, '2024-12-03 03:37:45', '2024-12-03 03:37:45');
INSERT INTO `order_details` (`order_id`, `branch_id`, `dish_id`, `quantity`, `price`, `serve_at`, `created_at`, `update_at`) VALUES (89, 6, 22, 7, 16.18, NULL, '2024-12-12 16:20:56', '2024-12-12 16:20:56');
INSERT INTO `order_details` (`order_id`, `branch_id`, `dish_id`, `quantity`, `price`, `serve_at`, `created_at`, `update_at`) VALUES (90, 3, 18, 8, 12.68, NULL, '2024-12-24 02:55:52', '2024-12-24 02:55:52');
INSERT INTO `order_details` (`order_id`, `branch_id`, `dish_id`, `quantity`, `price`, `serve_at`, `created_at`, `update_at`) VALUES (90, 3, 40, 1, 19.6, NULL, '2024-12-09 20:12:12', '2024-12-09 20:12:12');
INSERT INTO `order_details` (`order_id`, `branch_id`, `dish_id`, `quantity`, `price`, `serve_at`, `created_at`, `update_at`) VALUES (90, 3, 42, 1, 10.3, NULL, '2024-12-16 19:46:19', '2024-12-16 19:46:19');
INSERT INTO `order_details` (`order_id`, `branch_id`, `dish_id`, `quantity`, `price`, `serve_at`, `created_at`, `update_at`) VALUES (91, NULL, 16, 9, 6.05, NULL, '2024-12-04 00:20:00', '2024-12-04 00:20:00');
INSERT INTO `order_details` (`order_id`, `branch_id`, `dish_id`, `quantity`, `price`, `serve_at`, `created_at`, `update_at`) VALUES (91, NULL, 24, 9, 22.47, NULL, '2024-12-05 02:19:58', '2024-12-05 02:19:58');
INSERT INTO `order_details` (`order_id`, `branch_id`, `dish_id`, `quantity`, `price`, `serve_at`, `created_at`, `update_at`) VALUES (91, NULL, 34, 1, 27.11, NULL, '2024-12-06 22:31:20', '2024-12-06 22:31:20');
INSERT INTO `order_details` (`order_id`, `branch_id`, `dish_id`, `quantity`, `price`, `serve_at`, `created_at`, `update_at`) VALUES (91, NULL, 4, 6, 23.34, NULL, '2024-12-09 09:05:56', '2024-12-09 09:05:56');
INSERT INTO `order_details` (`order_id`, `branch_id`, `dish_id`, `quantity`, `price`, `serve_at`, `created_at`, `update_at`) VALUES (91, NULL, 39, 5, 27.77, NULL, '2024-12-17 13:21:47', '2024-12-17 13:21:47');
INSERT INTO `order_details` (`order_id`, `branch_id`, `dish_id`, `quantity`, `price`, `serve_at`, `created_at`, `update_at`) VALUES (91, NULL, 9, 7, 23.92, NULL, '2024-12-20 15:43:40', '2024-12-20 15:43:40');
INSERT INTO `order_details` (`order_id`, `branch_id`, `dish_id`, `quantity`, `price`, `serve_at`, `created_at`, `update_at`) VALUES (91, NULL, 19, 3, 28.75, NULL, '2024-12-04 14:58:30', '2024-12-04 14:58:30');
INSERT INTO `order_details` (`order_id`, `branch_id`, `dish_id`, `quantity`, `price`, `serve_at`, `created_at`, `update_at`) VALUES (91, NULL, 36, 1, 11.95, NULL, '2024-12-01 16:09:06', '2024-12-01 16:09:06');
INSERT INTO `order_details` (`order_id`, `branch_id`, `dish_id`, `quantity`, `price`, `serve_at`, `created_at`, `update_at`) VALUES (92, 8, 22, 4, 12.59, NULL, '2024-12-07 05:28:45', '2024-12-07 05:28:45');
INSERT INTO `order_details` (`order_id`, `branch_id`, `dish_id`, `quantity`, `price`, `serve_at`, `created_at`, `update_at`) VALUES (92, 8, 10, 5, 22.43, NULL, '2024-12-08 15:32:04', '2024-12-08 15:32:04');
INSERT INTO `order_details` (`order_id`, `branch_id`, `dish_id`, `quantity`, `price`, `serve_at`, `created_at`, `update_at`) VALUES (92, 8, 20, 4, 6.04, NULL, '2024-12-05 19:16:37', '2024-12-05 19:16:37');
INSERT INTO `order_details` (`order_id`, `branch_id`, `dish_id`, `quantity`, `price`, `serve_at`, `created_at`, `update_at`) VALUES (93, 5, 39, 10, 24.16, NULL, '2024-12-15 08:21:54', '2024-12-15 08:21:54');
INSERT INTO `order_details` (`order_id`, `branch_id`, `dish_id`, `quantity`, `price`, `serve_at`, `created_at`, `update_at`) VALUES (93, 5, 36, 9, 10.09, NULL, '2024-12-11 17:02:58', '2024-12-11 17:02:58');
INSERT INTO `order_details` (`order_id`, `branch_id`, `dish_id`, `quantity`, `price`, `serve_at`, `created_at`, `update_at`) VALUES (93, 5, 46, 1, 10.76, NULL, '2024-12-11 15:17:14', '2024-12-11 15:17:14');
INSERT INTO `order_details` (`order_id`, `branch_id`, `dish_id`, `quantity`, `price`, `serve_at`, `created_at`, `update_at`) VALUES (93, 5, 28, 4, 11.26, NULL, '2024-12-01 16:34:11', '2024-12-01 16:34:11');
INSERT INTO `order_details` (`order_id`, `branch_id`, `dish_id`, `quantity`, `price`, `serve_at`, `created_at`, `update_at`) VALUES (93, 5, 42, 3, 29.46, NULL, '2024-12-28 11:07:50', '2024-12-28 11:07:50');
INSERT INTO `order_details` (`order_id`, `branch_id`, `dish_id`, `quantity`, `price`, `serve_at`, `created_at`, `update_at`) VALUES (93, 5, 30, 5, 12.77, NULL, '2024-12-04 08:53:00', '2024-12-04 08:53:00');
INSERT INTO `order_details` (`order_id`, `branch_id`, `dish_id`, `quantity`, `price`, `serve_at`, `created_at`, `update_at`) VALUES (94, 2, 38, 2, 16.19, NULL, '2024-12-07 14:11:42', '2024-12-07 14:11:42');
INSERT INTO `order_details` (`order_id`, `branch_id`, `dish_id`, `quantity`, `price`, `serve_at`, `created_at`, `update_at`) VALUES (94, 2, 36, 4, 18.33, NULL, '2024-12-06 21:20:13', '2024-12-06 21:20:13');
INSERT INTO `order_details` (`order_id`, `branch_id`, `dish_id`, `quantity`, `price`, `serve_at`, `created_at`, `update_at`) VALUES (94, 2, 21, 5, 20.73, NULL, '2024-12-14 14:17:51', '2024-12-14 14:17:51');
INSERT INTO `order_details` (`order_id`, `branch_id`, `dish_id`, `quantity`, `price`, `serve_at`, `created_at`, `update_at`) VALUES (94, 2, 40, 5, 15.76, NULL, '2024-12-28 04:43:51', '2024-12-28 04:43:51');
INSERT INTO `order_details` (`order_id`, `branch_id`, `dish_id`, `quantity`, `price`, `serve_at`, `created_at`, `update_at`) VALUES (94, 2, 30, 1, 9.15, NULL, '2024-12-21 01:55:31', '2024-12-21 01:55:31');
INSERT INTO `order_details` (`order_id`, `branch_id`, `dish_id`, `quantity`, `price`, `serve_at`, `created_at`, `update_at`) VALUES (94, 2, 44, 8, 20.16, NULL, '2024-12-15 00:42:47', '2024-12-15 00:42:47');
INSERT INTO `order_details` (`order_id`, `branch_id`, `dish_id`, `quantity`, `price`, `serve_at`, `created_at`, `update_at`) VALUES (94, 2, 19, 4, 7.81, NULL, '2024-12-27 23:15:52', '2024-12-27 23:15:52');
INSERT INTO `order_details` (`order_id`, `branch_id`, `dish_id`, `quantity`, `price`, `serve_at`, `created_at`, `update_at`) VALUES (94, 2, 10, 2, 18.41, NULL, '2024-12-14 12:06:49', '2024-12-14 12:06:49');
INSERT INTO `order_details` (`order_id`, `branch_id`, `dish_id`, `quantity`, `price`, `serve_at`, `created_at`, `update_at`) VALUES (95, NULL, 19, 8, 14.84, NULL, '2024-12-24 13:11:41', '2024-12-24 13:11:41');
INSERT INTO `order_details` (`order_id`, `branch_id`, `dish_id`, `quantity`, `price`, `serve_at`, `created_at`, `update_at`) VALUES (95, NULL, 4, 10, 8.71, NULL, '2024-12-23 00:58:39', '2024-12-23 00:58:39');
INSERT INTO `order_details` (`order_id`, `branch_id`, `dish_id`, `quantity`, `price`, `serve_at`, `created_at`, `update_at`) VALUES (95, NULL, 36, 2, 21.46, NULL, '2024-12-10 05:33:02', '2024-12-10 05:33:02');
INSERT INTO `order_details` (`order_id`, `branch_id`, `dish_id`, `quantity`, `price`, `serve_at`, `created_at`, `update_at`) VALUES (95, NULL, 31, 1, 29.68, NULL, '2024-12-11 19:13:25', '2024-12-11 19:13:25');
INSERT INTO `order_details` (`order_id`, `branch_id`, `dish_id`, `quantity`, `price`, `serve_at`, `created_at`, `update_at`) VALUES (95, NULL, 26, 10, 21.89, NULL, '2024-12-18 02:45:41', '2024-12-18 02:45:41');
INSERT INTO `order_details` (`order_id`, `branch_id`, `dish_id`, `quantity`, `price`, `serve_at`, `created_at`, `update_at`) VALUES (96, NULL, 46, 6, 5.53, NULL, '2024-12-28 02:53:38', '2024-12-28 02:53:38');
INSERT INTO `order_details` (`order_id`, `branch_id`, `dish_id`, `quantity`, `price`, `serve_at`, `created_at`, `update_at`) VALUES (96, NULL, 18, 6, 7.34, NULL, '2024-12-26 23:05:43', '2024-12-26 23:05:43');
INSERT INTO `order_details` (`order_id`, `branch_id`, `dish_id`, `quantity`, `price`, `serve_at`, `created_at`, `update_at`) VALUES (96, NULL, 5, 8, 25.2, NULL, '2024-12-23 09:16:43', '2024-12-23 09:16:43');
INSERT INTO `order_details` (`order_id`, `branch_id`, `dish_id`, `quantity`, `price`, `serve_at`, `created_at`, `update_at`) VALUES (96, NULL, 32, 5, 11.48, NULL, '2024-12-01 00:01:57', '2024-12-01 00:01:57');
INSERT INTO `order_details` (`order_id`, `branch_id`, `dish_id`, `quantity`, `price`, `serve_at`, `created_at`, `update_at`) VALUES (96, NULL, 11, 10, 29.91, NULL, '2024-12-27 17:49:47', '2024-12-27 17:49:47');
INSERT INTO `order_details` (`order_id`, `branch_id`, `dish_id`, `quantity`, `price`, `serve_at`, `created_at`, `update_at`) VALUES (97, NULL, 41, 10, 13.7, NULL, '2024-12-05 11:10:14', '2024-12-05 11:10:14');
INSERT INTO `order_details` (`order_id`, `branch_id`, `dish_id`, `quantity`, `price`, `serve_at`, `created_at`, `update_at`) VALUES (97, NULL, 16, 3, 3.45, NULL, '2024-12-25 00:49:30', '2024-12-25 00:49:30');
INSERT INTO `order_details` (`order_id`, `branch_id`, `dish_id`, `quantity`, `price`, `serve_at`, `created_at`, `update_at`) VALUES (97, NULL, 30, 9, 27.27, NULL, '2024-12-05 10:11:45', '2024-12-05 10:11:45');
INSERT INTO `order_details` (`order_id`, `branch_id`, `dish_id`, `quantity`, `price`, `serve_at`, `created_at`, `update_at`) VALUES (97, NULL, 10, 3, 15.11, NULL, '2024-12-12 22:02:17', '2024-12-12 22:02:17');
INSERT INTO `order_details` (`order_id`, `branch_id`, `dish_id`, `quantity`, `price`, `serve_at`, `created_at`, `update_at`) VALUES (97, NULL, 9, 1, 6.38, NULL, '2024-12-26 09:45:33', '2024-12-26 09:45:33');
INSERT INTO `order_details` (`order_id`, `branch_id`, `dish_id`, `quantity`, `price`, `serve_at`, `created_at`, `update_at`) VALUES (97, NULL, 13, 10, 17.2, NULL, '2024-12-13 13:14:58', '2024-12-13 13:14:58');
INSERT INTO `order_details` (`order_id`, `branch_id`, `dish_id`, `quantity`, `price`, `serve_at`, `created_at`, `update_at`) VALUES (97, NULL, 32, 10, 16.81, NULL, '2024-12-22 01:33:15', '2024-12-22 01:33:15');
INSERT INTO `order_details` (`order_id`, `branch_id`, `dish_id`, `quantity`, `price`, `serve_at`, `created_at`, `update_at`) VALUES (98, NULL, 9, 8, 5.37, NULL, '2024-12-26 01:23:08', '2024-12-26 01:23:08');
INSERT INTO `order_details` (`order_id`, `branch_id`, `dish_id`, `quantity`, `price`, `serve_at`, `created_at`, `update_at`) VALUES (98, NULL, 17, 5, 6.97, NULL, '2024-12-07 05:53:18', '2024-12-07 05:53:18');
INSERT INTO `order_details` (`order_id`, `branch_id`, `dish_id`, `quantity`, `price`, `serve_at`, `created_at`, `update_at`) VALUES (98, NULL, 32, 4, 25.17, NULL, '2024-12-23 12:23:35', '2024-12-23 12:23:35');
INSERT INTO `order_details` (`order_id`, `branch_id`, `dish_id`, `quantity`, `price`, `serve_at`, `created_at`, `update_at`) VALUES (98, NULL, 2, 9, 11.46, NULL, '2024-12-10 19:14:38', '2024-12-10 19:14:38');
INSERT INTO `order_details` (`order_id`, `branch_id`, `dish_id`, `quantity`, `price`, `serve_at`, `created_at`, `update_at`) VALUES (98, NULL, 14, 1, 20.78, NULL, '2024-12-13 09:12:21', '2024-12-13 09:12:21');
INSERT INTO `order_details` (`order_id`, `branch_id`, `dish_id`, `quantity`, `price`, `serve_at`, `created_at`, `update_at`) VALUES (98, NULL, 7, 1, 21.15, NULL, '2024-12-08 11:05:58', '2024-12-08 11:05:58');
INSERT INTO `order_details` (`order_id`, `branch_id`, `dish_id`, `quantity`, `price`, `serve_at`, `created_at`, `update_at`) VALUES (99, 5, 28, 9, 5.43, NULL, '2024-12-16 08:10:50', '2024-12-16 08:10:50');
INSERT INTO `order_details` (`order_id`, `branch_id`, `dish_id`, `quantity`, `price`, `serve_at`, `created_at`, `update_at`) VALUES (99, 5, 38, 4, 6.93, NULL, '2024-12-26 12:49:52', '2024-12-26 12:49:52');
INSERT INTO `order_details` (`order_id`, `branch_id`, `dish_id`, `quantity`, `price`, `serve_at`, `created_at`, `update_at`) VALUES (99, 5, 13, 4, 26.75, NULL, '2024-12-16 14:50:31', '2024-12-16 14:50:31');
INSERT INTO `order_details` (`order_id`, `branch_id`, `dish_id`, `quantity`, `price`, `serve_at`, `created_at`, `update_at`) VALUES (99, 5, 21, 2, 7.25, NULL, '2024-12-27 02:35:09', '2024-12-27 02:35:09');
INSERT INTO `order_details` (`order_id`, `branch_id`, `dish_id`, `quantity`, `price`, `serve_at`, `created_at`, `update_at`) VALUES (99, 5, 4, 7, 26.62, NULL, '2024-12-05 22:50:32', '2024-12-05 22:50:32');
INSERT INTO `order_details` (`order_id`, `branch_id`, `dish_id`, `quantity`, `price`, `serve_at`, `created_at`, `update_at`) VALUES (99, 5, 27, 6, 17.45, NULL, '2024-12-08 21:19:04', '2024-12-08 21:19:04');
INSERT INTO `order_details` (`order_id`, `branch_id`, `dish_id`, `quantity`, `price`, `serve_at`, `created_at`, `update_at`) VALUES (100, 1, 18, 3, 4.85, NULL, '2024-12-17 18:50:26', '2024-12-17 18:50:26');
INSERT INTO `order_details` (`order_id`, `branch_id`, `dish_id`, `quantity`, `price`, `serve_at`, `created_at`, `update_at`) VALUES (100, 1, 4, 9, 27.93, NULL, '2024-12-04 15:03:56', '2024-12-04 15:03:56');
INSERT INTO `order_details` (`order_id`, `branch_id`, `dish_id`, `quantity`, `price`, `serve_at`, `created_at`, `update_at`) VALUES (100, 1, 27, 9, 24.01, NULL, '2024-12-21 17:48:21', '2024-12-21 17:48:21');
INSERT INTO `order_details` (`order_id`, `branch_id`, `dish_id`, `quantity`, `price`, `serve_at`, `created_at`, `update_at`) VALUES (100, 1, 8, 6, 18.45, NULL, '2024-12-06 22:21:59', '2024-12-06 22:21:59');
INSERT INTO `order_details` (`order_id`, `branch_id`, `dish_id`, `quantity`, `price`, `serve_at`, `created_at`, `update_at`) VALUES (100, 1, 34, 1, 24.95, NULL, '2024-12-15 15:39:59', '2024-12-15 15:39:59');

UPDATE orders 
JOIN reservation_slips r on orders.reservation_slip_id = r.reservation_slip_id 
SET orders.branch_id = r.branch_id;

UPDATE order_details
JOIN orders o on order_details.order_id = o.order_id
SET order_details.branch_id = o.branch_id;

COMMIT;

INSERT INTO `bills` (`order_id`, `total_amount`, `total_amount_with_benefits`, `status`, `created_at`) VALUES (1, 25.58, 23.96, 'in progress', '2024-12-23 04:13:53');
INSERT INTO `bills` (`order_id`, `total_amount`, `total_amount_with_benefits`, `status`, `created_at`) VALUES (2, 15.72, 13.97, 'paid', '2024-12-05 17:17:51');
INSERT INTO `bills` (`order_id`, `total_amount`, `total_amount_with_benefits`, `status`, `created_at`) VALUES (3, 13.1, 11.3, 'in progress', '2024-12-03 06:11:00');
INSERT INTO `bills` (`order_id`, `total_amount`, `total_amount_with_benefits`, `status`, `created_at`) VALUES (4, 48.68, 39.55, 'paid', '2024-12-16 17:25:47');
INSERT INTO `bills` (`order_id`, `total_amount`, `total_amount_with_benefits`, `status`, `created_at`) VALUES (5, 129.78, 124.79, 'refund', '2024-12-15 15:58:57');
INSERT INTO `bills` (`order_id`, `total_amount`, `total_amount_with_benefits`, `status`, `created_at`) VALUES (6, 102.76, 75.22, 'paid', '2024-12-19 19:48:43');
INSERT INTO `bills` (`order_id`, `total_amount`, `total_amount_with_benefits`, `status`, `created_at`) VALUES (7, 94.0, 85.9, 'paid', '2024-12-16 18:53:32');
INSERT INTO `bills` (`order_id`, `total_amount`, `total_amount_with_benefits`, `status`, `created_at`) VALUES (8, 4.71, 3.37, 'in progress', '2024-12-01 18:28:08');
INSERT INTO `bills` (`order_id`, `total_amount`, `total_amount_with_benefits`, `status`, `created_at`) VALUES (9, 52.42, 37.18, 'in progress', '2024-12-27 09:39:48');
INSERT INTO `bills` (`order_id`, `total_amount`, `total_amount_with_benefits`, `status`, `created_at`) VALUES (10, 9.78, 8.55, 'paid', '2024-12-01 17:10:23');
INSERT INTO `bills` (`order_id`, `total_amount`, `total_amount_with_benefits`, `status`, `created_at`) VALUES (11, 29.77, 25.92, 'paid', '2024-12-23 16:48:04');
INSERT INTO `bills` (`order_id`, `total_amount`, `total_amount_with_benefits`, `status`, `created_at`) VALUES (12, 23.04, 20.97, 'in progress', '2024-12-13 03:12:02');
INSERT INTO `bills` (`order_id`, `total_amount`, `total_amount_with_benefits`, `status`, `created_at`) VALUES (13, 97.08, 82.5, 'paid', '2024-12-18 06:39:59');
INSERT INTO `bills` (`order_id`, `total_amount`, `total_amount_with_benefits`, `status`, `created_at`) VALUES (14, 33.21, 28.99, 'in progress', '2024-12-12 12:21:40');
INSERT INTO `bills` (`order_id`, `total_amount`, `total_amount_with_benefits`, `status`, `created_at`) VALUES (15, 139.1, 104.11, 'paid', '2024-12-25 16:39:21');
INSERT INTO `bills` (`order_id`, `total_amount`, `total_amount_with_benefits`, `status`, `created_at`) VALUES (16, 35.02, 28.91, 'in progress', '2024-12-11 17:17:56');
INSERT INTO `bills` (`order_id`, `total_amount`, `total_amount_with_benefits`, `status`, `created_at`) VALUES (17, 76.72, 57.1, 'paid', '2024-12-23 19:26:06');
INSERT INTO `bills` (`order_id`, `total_amount`, `total_amount_with_benefits`, `status`, `created_at`) VALUES (18, 57.3, 46.9, 'refund', '2024-12-25 19:51:25');
INSERT INTO `bills` (`order_id`, `total_amount`, `total_amount_with_benefits`, `status`, `created_at`) VALUES (19, 69.4, 53.82, 'in progress', '2024-12-11 02:50:48');
INSERT INTO `bills` (`order_id`, `total_amount`, `total_amount_with_benefits`, `status`, `created_at`) VALUES (20, 292.5, 226.33, 'paid', '2024-12-16 16:17:22');
INSERT INTO `bills` (`order_id`, `total_amount`, `total_amount_with_benefits`, `status`, `created_at`) VALUES (21, 171.36, 138.59, 'in progress', '2024-12-11 02:31:30');
INSERT INTO `bills` (`order_id`, `total_amount`, `total_amount_with_benefits`, `status`, `created_at`) VALUES (22, 78.8, 62.51, 'refund', '2024-12-28 01:10:21');
INSERT INTO `bills` (`order_id`, `total_amount`, `total_amount_with_benefits`, `status`, `created_at`) VALUES (23, 140.1, 102.06, 'paid', '2024-12-26 02:42:07');
INSERT INTO `bills` (`order_id`, `total_amount`, `total_amount_with_benefits`, `status`, `created_at`) VALUES (24, 9.45, 7.05, 'in progress', '2024-12-16 06:46:23');
INSERT INTO `bills` (`order_id`, `total_amount`, `total_amount_with_benefits`, `status`, `created_at`) VALUES (25, 88.5, 71.32, 'paid', '2024-12-16 00:05:18');
INSERT INTO `bills` (`order_id`, `total_amount`, `total_amount_with_benefits`, `status`, `created_at`) VALUES (26, 59.32, 47.79, 'paid', '2024-12-16 12:10:25');
INSERT INTO `bills` (`order_id`, `total_amount`, `total_amount_with_benefits`, `status`, `created_at`) VALUES (27, 203.22, 160.53, 'refund', '2024-12-19 11:41:55');
INSERT INTO `bills` (`order_id`, `total_amount`, `total_amount_with_benefits`, `status`, `created_at`) VALUES (28, 107.28, 93.94, 'paid', '2024-12-23 04:14:43');
INSERT INTO `bills` (`order_id`, `total_amount`, `total_amount_with_benefits`, `status`, `created_at`) VALUES (29, 155.12, 115.96, 'paid', '2024-12-06 03:46:07');
INSERT INTO `bills` (`order_id`, `total_amount`, `total_amount_with_benefits`, `status`, `created_at`) VALUES (30, 278.9, 252.42, 'in progress', '2024-12-24 20:15:15');
INSERT INTO `bills` (`order_id`, `total_amount`, `total_amount_with_benefits`, `status`, `created_at`) VALUES (31, 48.62, 40.1, 'in progress', '2024-12-18 14:04:24');
INSERT INTO `bills` (`order_id`, `total_amount`, `total_amount_with_benefits`, `status`, `created_at`) VALUES (32, 251.4, 182.81, 'paid', '2024-12-25 17:12:43');
INSERT INTO `bills` (`order_id`, `total_amount`, `total_amount_with_benefits`, `status`, `created_at`) VALUES (33, 41.0, 39.92, 'paid', '2024-12-25 11:08:45');
INSERT INTO `bills` (`order_id`, `total_amount`, `total_amount_with_benefits`, `status`, `created_at`) VALUES (34, 114.84, 81.1, 'paid', '2024-12-26 21:12:13');
INSERT INTO `bills` (`order_id`, `total_amount`, `total_amount_with_benefits`, `status`, `created_at`) VALUES (35, 6.86, 4.91, 'paid', '2024-12-22 22:50:15');
INSERT INTO `bills` (`order_id`, `total_amount`, `total_amount_with_benefits`, `status`, `created_at`) VALUES (36, 8.33, 6.47, 'in progress', '2024-12-29 12:44:02');
INSERT INTO `bills` (`order_id`, `total_amount`, `total_amount_with_benefits`, `status`, `created_at`) VALUES (37, 52.83, 42.36, 'in progress', '2024-12-14 20:36:19');
INSERT INTO `bills` (`order_id`, `total_amount`, `total_amount_with_benefits`, `status`, `created_at`) VALUES (38, 84.2, 70.94, 'paid', '2024-12-23 18:18:31');
INSERT INTO `bills` (`order_id`, `total_amount`, `total_amount_with_benefits`, `status`, `created_at`) VALUES (39, 35.96, 31.0, 'paid', '2024-12-08 08:33:41');
INSERT INTO `bills` (`order_id`, `total_amount`, `total_amount_with_benefits`, `status`, `created_at`) VALUES (40, 148.4, 127.41, 'paid', '2024-12-12 11:52:47');
INSERT INTO `bills` (`order_id`, `total_amount`, `total_amount_with_benefits`, `status`, `created_at`) VALUES (41, 110.88, 92.05, 'paid', '2024-12-26 07:18:20');
INSERT INTO `bills` (`order_id`, `total_amount`, `total_amount_with_benefits`, `status`, `created_at`) VALUES (42, 61.7, 51.79, 'paid', '2024-12-21 06:59:57');
INSERT INTO `bills` (`order_id`, `total_amount`, `total_amount_with_benefits`, `status`, `created_at`) VALUES (43, 278.0, 226.51, 'in progress', '2024-12-27 16:58:50');
INSERT INTO `bills` (`order_id`, `total_amount`, `total_amount_with_benefits`, `status`, `created_at`) VALUES (44, 64.12, 58.85, 'paid', '2024-12-21 15:27:27');
INSERT INTO `bills` (`order_id`, `total_amount`, `total_amount_with_benefits`, `status`, `created_at`) VALUES (45, 39.92, 28.37, 'paid', '2024-12-16 09:34:47');
INSERT INTO `bills` (`order_id`, `total_amount`, `total_amount_with_benefits`, `status`, `created_at`) VALUES (46, 108.5, 91.14, 'paid', '2024-12-29 05:43:39');
INSERT INTO `bills` (`order_id`, `total_amount`, `total_amount_with_benefits`, `status`, `created_at`) VALUES (47, 267.03, 256.94, 'paid', '2024-12-04 11:11:51');
INSERT INTO `bills` (`order_id`, `total_amount`, `total_amount_with_benefits`, `status`, `created_at`) VALUES (48, 35.22, 28.02, 'paid', '2024-12-29 16:26:59');
INSERT INTO `bills` (`order_id`, `total_amount`, `total_amount_with_benefits`, `status`, `created_at`) VALUES (49, 44.37, 33.6, 'in progress', '2024-12-25 21:51:52');
INSERT INTO `bills` (`order_id`, `total_amount`, `total_amount_with_benefits`, `status`, `created_at`) VALUES (50, 82.35, 66.52, 'paid', '2024-12-04 01:17:59');
INSERT INTO `bills` (`order_id`, `total_amount`, `total_amount_with_benefits`, `status`, `created_at`) VALUES (51, 126.8, 98.63, 'paid', '2024-12-07 08:28:17');
INSERT INTO `bills` (`order_id`, `total_amount`, `total_amount_with_benefits`, `status`, `created_at`) VALUES (52, 280.8, 263.76, 'refund', '2024-12-08 08:13:26');
INSERT INTO `bills` (`order_id`, `total_amount`, `total_amount_with_benefits`, `status`, `created_at`) VALUES (53, 41.82, 32.41, 'refund', '2024-12-07 16:41:13');
INSERT INTO `bills` (`order_id`, `total_amount`, `total_amount_with_benefits`, `status`, `created_at`) VALUES (54, 162.9, 129.71, 'paid', '2024-12-07 03:34:06');
INSERT INTO `bills` (`order_id`, `total_amount`, `total_amount_with_benefits`, `status`, `created_at`) VALUES (55, 23.18, 17.71, 'paid', '2024-12-16 11:32:12');
INSERT INTO `bills` (`order_id`, `total_amount`, `total_amount_with_benefits`, `status`, `created_at`) VALUES (56, 87.69, 80.45, 'in progress', '2024-12-26 18:18:14');
INSERT INTO `bills` (`order_id`, `total_amount`, `total_amount_with_benefits`, `status`, `created_at`) VALUES (57, 57.26, 51.7, 'paid', '2024-12-26 04:15:54');
INSERT INTO `bills` (`order_id`, `total_amount`, `total_amount_with_benefits`, `status`, `created_at`) VALUES (58, 56.7, 53.9, 'in progress', '2024-12-08 02:38:30');
INSERT INTO `bills` (`order_id`, `total_amount`, `total_amount_with_benefits`, `status`, `created_at`) VALUES (59, 259.02, 185.87, 'in progress', '2024-12-11 05:59:05');
INSERT INTO `bills` (`order_id`, `total_amount`, `total_amount_with_benefits`, `status`, `created_at`) VALUES (60, 32.46, 30.96, 'paid', '2024-12-08 22:46:28');
INSERT INTO `bills` (`order_id`, `total_amount`, `total_amount_with_benefits`, `status`, `created_at`) VALUES (61, 27.3, 20.68, 'paid', '2024-12-20 20:41:32');
INSERT INTO `bills` (`order_id`, `total_amount`, `total_amount_with_benefits`, `status`, `created_at`) VALUES (62, 50.22, 46.25, 'paid', '2024-12-12 10:47:02');
INSERT INTO `bills` (`order_id`, `total_amount`, `total_amount_with_benefits`, `status`, `created_at`) VALUES (63, 26.3, 25.08, 'refund', '2024-12-27 02:10:36');
INSERT INTO `bills` (`order_id`, `total_amount`, `total_amount_with_benefits`, `status`, `created_at`) VALUES (64, 229.44, 222.25, 'paid', '2024-12-20 18:03:11');
INSERT INTO `bills` (`order_id`, `total_amount`, `total_amount_with_benefits`, `status`, `created_at`) VALUES (65, 40.86, 36.4, 'paid', '2024-12-27 02:57:16');
INSERT INTO `bills` (`order_id`, `total_amount`, `total_amount_with_benefits`, `status`, `created_at`) VALUES (66, 31.2, 27.49, 'paid', '2024-12-11 18:08:12');
INSERT INTO `bills` (`order_id`, `total_amount`, `total_amount_with_benefits`, `status`, `created_at`) VALUES (67, 125.58, 119.2, 'in progress', '2024-12-23 21:56:55');
INSERT INTO `bills` (`order_id`, `total_amount`, `total_amount_with_benefits`, `status`, `created_at`) VALUES (68, 31.6, 27.26, 'paid', '2024-12-11 06:55:03');
INSERT INTO `bills` (`order_id`, `total_amount`, `total_amount_with_benefits`, `status`, `created_at`) VALUES (69, 91.7, 79.16, 'paid', '2024-12-23 13:09:26');
INSERT INTO `bills` (`order_id`, `total_amount`, `total_amount_with_benefits`, `status`, `created_at`) VALUES (70, 117.84, 87.52, 'paid', '2024-12-18 20:49:14');
INSERT INTO `bills` (`order_id`, `total_amount`, `total_amount_with_benefits`, `status`, `created_at`) VALUES (71, 81.2, 66.85, 'paid', '2024-12-04 15:03:04');
INSERT INTO `bills` (`order_id`, `total_amount`, `total_amount_with_benefits`, `status`, `created_at`) VALUES (72, 36.96, 33.71, 'in progress', '2024-12-12 16:19:52');
INSERT INTO `bills` (`order_id`, `total_amount`, `total_amount_with_benefits`, `status`, `created_at`) VALUES (73, 17.6, 16.56, 'paid', '2024-12-21 12:31:49');
INSERT INTO `bills` (`order_id`, `total_amount`, `total_amount_with_benefits`, `status`, `created_at`) VALUES (74, 66.87, 64.39, 'refund', '2024-12-13 15:21:50');
INSERT INTO `bills` (`order_id`, `total_amount`, `total_amount_with_benefits`, `status`, `created_at`) VALUES (75, 139.44, 135.65, 'paid', '2024-12-05 12:12:58');
INSERT INTO `bills` (`order_id`, `total_amount`, `total_amount_with_benefits`, `status`, `created_at`) VALUES (76, 69.65, 57.93, 'in progress', '2024-12-19 23:45:57');
INSERT INTO `bills` (`order_id`, `total_amount`, `total_amount_with_benefits`, `status`, `created_at`) VALUES (77, 66.56, 50.52, 'refund', '2024-12-18 20:16:20');
INSERT INTO `bills` (`order_id`, `total_amount`, `total_amount_with_benefits`, `status`, `created_at`) VALUES (78, 246.6, 179.99, 'paid', '2024-12-04 23:04:21');
INSERT INTO `bills` (`order_id`, `total_amount`, `total_amount_with_benefits`, `status`, `created_at`) VALUES (79, 141.84, 137.18, 'in progress', '2024-12-29 05:16:54');
INSERT INTO `bills` (`order_id`, `total_amount`, `total_amount_with_benefits`, `status`, `created_at`) VALUES (80, 29.95, 21.16, 'refund', '2024-12-03 03:58:51');
INSERT INTO `bills` (`order_id`, `total_amount`, `total_amount_with_benefits`, `status`, `created_at`) VALUES (81, 12.02, 8.97, 'paid', '2024-12-10 12:32:04');
INSERT INTO `bills` (`order_id`, `total_amount`, `total_amount_with_benefits`, `status`, `created_at`) VALUES (82, 13.0, 10.03, 'paid', '2024-12-05 19:30:59');
INSERT INTO `bills` (`order_id`, `total_amount`, `total_amount_with_benefits`, `status`, `created_at`) VALUES (83, 212.48, 176.58, 'paid', '2024-12-07 09:54:30');
INSERT INTO `bills` (`order_id`, `total_amount`, `total_amount_with_benefits`, `status`, `created_at`) VALUES (84, 112.86, 95.19, 'paid', '2024-12-01 17:23:25');
INSERT INTO `bills` (`order_id`, `total_amount`, `total_amount_with_benefits`, `status`, `created_at`) VALUES (85, 205.87, 167.53, 'paid', '2024-12-20 11:48:33');
INSERT INTO `bills` (`order_id`, `total_amount`, `total_amount_with_benefits`, `status`, `created_at`) VALUES (86, 129.05, 93.9, 'paid', '2024-12-23 20:07:32');
INSERT INTO `bills` (`order_id`, `total_amount`, `total_amount_with_benefits`, `status`, `created_at`) VALUES (87, 144.63, 135.15, 'paid', '2024-12-25 22:56:32');
INSERT INTO `bills` (`order_id`, `total_amount`, `total_amount_with_benefits`, `status`, `created_at`) VALUES (88, 194.6, 166.19, 'in progress', '2024-12-20 01:22:20');
INSERT INTO `bills` (`order_id`, `total_amount`, `total_amount_with_benefits`, `status`, `created_at`) VALUES (89, 113.26, 102.21, 'paid', '2024-12-24 15:58:12');
INSERT INTO `bills` (`order_id`, `total_amount`, `total_amount_with_benefits`, `status`, `created_at`) VALUES (90, 10.3, 7.86, 'refund', '2024-12-23 12:34:31');
INSERT INTO `bills` (`order_id`, `total_amount`, `total_amount_with_benefits`, `status`, `created_at`) VALUES (91, 11.95, 9.67, 'in progress', '2024-12-01 16:40:36');
INSERT INTO `bills` (`order_id`, `total_amount`, `total_amount_with_benefits`, `status`, `created_at`) VALUES (92, 24.16, 19.32, 'paid', '2024-12-05 23:31:24');
INSERT INTO `bills` (`order_id`, `total_amount`, `total_amount_with_benefits`, `status`, `created_at`) VALUES (93, 63.85, 56.39, 'paid', '2024-12-13 06:01:44');
INSERT INTO `bills` (`order_id`, `total_amount`, `total_amount_with_benefits`, `status`, `created_at`) VALUES (94, 36.82, 36.77, 'refund', '2024-12-01 10:59:56');
INSERT INTO `bills` (`order_id`, `total_amount`, `total_amount_with_benefits`, `status`, `created_at`) VALUES (95, 218.9, 180.96, 'in progress', '2024-12-28 21:30:24');
INSERT INTO `bills` (`order_id`, `total_amount`, `total_amount_with_benefits`, `status`, `created_at`) VALUES (96, 299.1, 249.99, 'in progress', '2024-12-13 01:35:31');
INSERT INTO `bills` (`order_id`, `total_amount`, `total_amount_with_benefits`, `status`, `created_at`) VALUES (97, 168.1, 117.92, 'in progress', '2024-12-08 13:01:48');
INSERT INTO `bills` (`order_id`, `total_amount`, `total_amount_with_benefits`, `status`, `created_at`) VALUES (98, 21.15, 18.24, 'paid', '2024-12-04 13:29:01');
INSERT INTO `bills` (`order_id`, `total_amount`, `total_amount_with_benefits`, `status`, `created_at`) VALUES (99, 104.7, 96.36, 'paid', '2024-12-10 16:44:36');
INSERT INTO `bills` (`order_id`, `total_amount`, `total_amount_with_benefits`, `status`, `created_at`) VALUES (100, 24.95, 23.51, 'paid', '2024-12-14 03:05:00');

INSERT INTO `deliveries` (`order_id`, `branch_id`, `cus_name`, `address`, `phone_number`, `notes`, `status`, `shipper`, `created_at`) VALUES (2, 10, 'Michael Brown', 'USNV Garner, FPO AA 57938', '+1-302-371-6174x827', 'Production community court you card.', 'in progress', 36, '2024-12-05 17:17:51');
INSERT INTO `deliveries` (`order_id`, `branch_id`, `cus_name`, `address`, `phone_number`, `notes`, `status`, `shipper`, `created_at`) VALUES (5, 5, 'Matthew Howell', '536 Erika Hill, Blairville, MP 47688', '(770)379-3326x6071', 'Born base look real identify effect.', 'cancelled', 30, '2024-12-15 15:58:57');
INSERT INTO `deliveries` (`order_id`, `branch_id`, `cus_name`, `address`, `phone_number`, `notes`, `status`, `shipper`, `created_at`) VALUES (6, 3, 'Daniel Castro', '548 Roberts Plains, Port Maryfurt, WV 61498', '+1-339-312-0160x48163', 'Along international cover agent have hour.', 'pending', 43, '2024-12-19 19:48:43');
INSERT INTO `deliveries` (`order_id`, `branch_id`, `cus_name`, `address`, `phone_number`, `notes`, `status`, `shipper`, `created_at`) VALUES (7, 8, 'Kathleen Joseph', '906 Williams Trace Apt. 990, New Megan, HI 46527', '452.211.4972x23964', 'Rate challenge future.', 'returned', 25, '2024-12-16 18:53:32');
INSERT INTO `deliveries` (`order_id`, `branch_id`, `cus_name`, `address`, `phone_number`, `notes`, `status`, `shipper`, `created_at`) VALUES (10, 7, 'Allison Johnston', '77248 Ivan Meadows Apt. 044, Davidland, AS 74926', '567.821.2042x2347', 'Continue adult summer road.', 'returned', 29, '2024-12-01 17:10:23');
INSERT INTO `deliveries` (`order_id`, `branch_id`, `cus_name`, `address`, `phone_number`, `notes`, `status`, `shipper`, `created_at`) VALUES (11, 3, 'Thomas Coleman', '408 Donald Pass Apt. 889, North Karenside, AK 20040', '001-253-534-3402x73111', 'Plant spend century physical.', 'returned', 22, '2024-12-23 16:48:04');
INSERT INTO `deliveries` (`order_id`, `branch_id`, `cus_name`, `address`, `phone_number`, `notes`, `status`, `shipper`, `created_at`) VALUES (15, 4, 'Adrienne Tran', '019 Gamble Mountains, Burnsfurt, LA 07145', '(325)685-0310x4412', 'Our moment series financial culture.', 'pending', 9, '2024-12-25 16:39:21');
INSERT INTO `deliveries` (`order_id`, `branch_id`, `cus_name`, `address`, `phone_number`, `notes`, `status`, `shipper`, `created_at`) VALUES (17, 8, 'Audrey Miller', '610 Theresa Ways Suite 155, Lake Markville, AK 04341', '388-852-7272x584', 'Fight significant who value owner.', 'returned', 26, '2024-12-23 19:26:06');
INSERT INTO `deliveries` (`order_id`, `branch_id`, `cus_name`, `address`, `phone_number`, `notes`, `status`, `shipper`, `created_at`) VALUES (18, 8, 'Martha Dillon', '305 Kirk Place, Hoport, NJ 40261', '001-435-353-4532', 'Continue service up subject.', 'cancelled', 16, '2024-12-25 19:51:25');
INSERT INTO `deliveries` (`order_id`, `branch_id`, `cus_name`, `address`, `phone_number`, `notes`, `status`, `shipper`, `created_at`) VALUES (20, 8, 'Gary Crawford', '9298 Dawn Well, East Brandi, VI 65053', '+1-602-459-8337x494', 'Memory decade trade market.', 'completed', 45, '2024-12-16 16:17:22');
INSERT INTO `deliveries` (`order_id`, `branch_id`, `cus_name`, `address`, `phone_number`, `notes`, `status`, `shipper`, `created_at`) VALUES (22, 9, 'Amy Harper', '906 Wilson Forks, New Danielmouth, SC 68048', '(879)379-2065x2048', 'Quickly news according.', 'cancelled', 34, '2024-12-28 01:10:21');
INSERT INTO `deliveries` (`order_id`, `branch_id`, `cus_name`, `address`, `phone_number`, `notes`, `status`, `shipper`, `created_at`) VALUES (25, 2, 'Alicia Lee', '056 Martin Village Apt. 256, Schwartzfort, GA 05842', '496-477-8815x361', 'Pretty during bill news season.', 'completed', 49, '2024-12-16 00:05:18');
INSERT INTO `deliveries` (`order_id`, `branch_id`, `cus_name`, `address`, `phone_number`, `notes`, `status`, `shipper`, `created_at`) VALUES (26, 9, 'Jamie Foley', 'USS Ortiz, FPO AP 14353', '001-593-950-2231', 'Our figure first.', 'returned', 10, '2024-12-16 12:10:25');
INSERT INTO `deliveries` (`order_id`, `branch_id`, `cus_name`, `address`, `phone_number`, `notes`, `status`, `shipper`, `created_at`) VALUES (27, 7, 'Hunter Williams', '10946 Morris Expressway, Michaelshire, CT 80321', '+1-581-598-7088', 'Thousand cup information material rich.', 'cancelled', 6, '2024-12-19 11:41:55');
INSERT INTO `deliveries` (`order_id`, `branch_id`, `cus_name`, `address`, `phone_number`, `notes`, `status`, `shipper`, `created_at`) VALUES (28, 5, 'Renee Stewart', '96943 Rios Locks Suite 372, New Meganview, VA 65073', '763-526-2173x6111', 'Form unit south fill.', 'pending', 10, '2024-12-23 04:14:43');
INSERT INTO `deliveries` (`order_id`, `branch_id`, `cus_name`, `address`, `phone_number`, `notes`, `status`, `shipper`, `created_at`) VALUES (32, 1, 'Jeffery Weber', '0216 Gary Burgs Apt. 353, South Danielmouth, NH 59190', '+1-990-822-8140x8081', 'Talk believe nor teach include.', 'returned', 7, '2024-12-25 17:12:43');
INSERT INTO `deliveries` (`order_id`, `branch_id`, `cus_name`, `address`, `phone_number`, `notes`, `status`, `shipper`, `created_at`) VALUES (33, 7, 'William Jones', '4015 White Valley Suite 306, Lake Erinhaven, NH 57986', '236-343-5902', 'Agent production cell culture four.', 'in progress', 42, '2024-12-25 11:08:45');
INSERT INTO `deliveries` (`order_id`, `branch_id`, `cus_name`, `address`, `phone_number`, `notes`, `status`, `shipper`, `created_at`) VALUES (41, 2, 'Roberta Lambert', '823 Bernard Street Suite 209, Edwardsshire, NJ 03985', '346.475.8615x048', 'Color red at.', 'in progress', 12, '2024-12-26 07:18:20');
INSERT INTO `deliveries` (`order_id`, `branch_id`, `cus_name`, `address`, `phone_number`, `notes`, `status`, `shipper`, `created_at`) VALUES (42, 10, 'Shane Gonzalez', '6968 Christopher Station, Port Sarahberg, PW 67201', '(655)824-8369x0465', 'Meeting another drive carry outside.', 'in progress', 49, '2024-12-21 06:59:57');
INSERT INTO `deliveries` (`order_id`, `branch_id`, `cus_name`, `address`, `phone_number`, `notes`, `status`, `shipper`, `created_at`) VALUES (45, 3, 'David Coleman', 'Unit 5161 Box 7833, DPO AP 12096', '869-338-4795', 'Gun hot hear share perhaps.', 'pending', 9, '2024-12-16 09:34:47');
INSERT INTO `deliveries` (`order_id`, `branch_id`, `cus_name`, `address`, `phone_number`, `notes`, `status`, `shipper`, `created_at`) VALUES (46, 4, 'Mark Brooks', '0243 Samantha Forks, Keithview, MO 82262', '283-784-2088', 'Alone argue opportunity tonight by.', 'returned', 17, '2024-12-29 05:43:39');
INSERT INTO `deliveries` (`order_id`, `branch_id`, `cus_name`, `address`, `phone_number`, `notes`, `status`, `shipper`, `created_at`) VALUES (47, 9, 'Joy Patterson MD', '210 Moore Alley, Weissland, OH 76677', '905-449-0744x106', 'On nearly region establish him.', 'in progress', 12, '2024-12-04 11:11:51');
INSERT INTO `deliveries` (`order_id`, `branch_id`, `cus_name`, `address`, `phone_number`, `notes`, `status`, `shipper`, `created_at`) VALUES (50, 1, 'Tonya Howard', '47949 Jennifer Way, Ruthmouth, KY 43917', '(308)625-1128x7161', 'International strategy weight amount.', 'completed', 38, '2024-12-04 01:17:59');
INSERT INTO `deliveries` (`order_id`, `branch_id`, `cus_name`, `address`, `phone_number`, `notes`, `status`, `shipper`, `created_at`) VALUES (51, 4, 'Krystal Peterson', '9473 John Motorway, North Heatherburgh, ID 69592', '+1-630-893-6489x69314', 'Drive operation teach green.', 'completed', 50, '2024-12-07 08:28:17');
INSERT INTO `deliveries` (`order_id`, `branch_id`, `cus_name`, `address`, `phone_number`, `notes`, `status`, `shipper`, `created_at`) VALUES (52, 3, 'Dominique Campbell', '40741 Ramirez Valley, Port Benjaminport, NE 31073', '693.718.7975', 'Physical agency already so.', 'cancelled', 10, '2024-12-08 08:13:26');
INSERT INTO `deliveries` (`order_id`, `branch_id`, `cus_name`, `address`, `phone_number`, `notes`, `status`, `shipper`, `created_at`) VALUES (53, 3, 'Kathy Reese', '46262 Debra Run Suite 774, Roachland, CT 53919', '(359)634-9912x34850', 'Yes huge office.', 'cancelled', 16, '2024-12-07 16:41:13');
INSERT INTO `deliveries` (`order_id`, `branch_id`, `cus_name`, `address`, `phone_number`, `notes`, `status`, `shipper`, `created_at`) VALUES (54, 1, 'Elizabeth Richard', 'USNS Carey, FPO AP 46563', '+1-504-596-9776x438', 'Change inside notice.', 'returned', 6, '2024-12-07 03:34:06');
INSERT INTO `deliveries` (`order_id`, `branch_id`, `cus_name`, `address`, `phone_number`, `notes`, `status`, `shipper`, `created_at`) VALUES (60, 7, 'Jack Jones', '641 Ronald Drives, Port Frankland, MH 78326', '7992849680', 'Later make address raise collection store.', 'returned', 19, '2024-12-08 22:46:28');
INSERT INTO `deliveries` (`order_id`, `branch_id`, `cus_name`, `address`, `phone_number`, `notes`, `status`, `shipper`, `created_at`) VALUES (62, 6, 'Lori Yang', '10031 Patrick Wall Suite 117, Lake Marilynborough, IN 25241', '8783153263', 'Service determine beat.', 'pending', 3, '2024-12-12 10:47:02');
INSERT INTO `deliveries` (`order_id`, `branch_id`, `cus_name`, `address`, `phone_number`, `notes`, `status`, `shipper`, `created_at`) VALUES (63, 3, 'Sarah Stone', '4862 Timothy Port Apt. 217, Ralphmouth, NY 52297', '+1-892-563-3808x9986', 'President dark enjoy control.', 'cancelled', 12, '2024-12-27 02:10:36');
INSERT INTO `deliveries` (`order_id`, `branch_id`, `cus_name`, `address`, `phone_number`, `notes`, `status`, `shipper`, `created_at`) VALUES (64, 4, 'Lisa Wolf', '314 Tracy Tunnel Apt. 379, Fergusonfort, MI 99575', '001-411-365-0962x6400', 'Discuss always deep.', 'in progress', 25, '2024-12-20 18:03:11');
INSERT INTO `deliveries` (`order_id`, `branch_id`, `cus_name`, `address`, `phone_number`, `notes`, `status`, `shipper`, `created_at`) VALUES (65, 1, 'Lori Williams', '93444 Wallace Vista, East Ryan, CT 26137', '001-781-976-1438', 'Occur true glass better.', 'completed', 15, '2024-12-27 02:57:16');
INSERT INTO `deliveries` (`order_id`, `branch_id`, `cus_name`, `address`, `phone_number`, `notes`, `status`, `shipper`, `created_at`) VALUES (66, 7, 'Richard Lewis', '530 Kathy Plaza, East Kevinfurt, FL 61620', '697-307-7567x74256', 'Face finally free guy.', 'in progress', 37, '2024-12-11 18:08:12');
INSERT INTO `deliveries` (`order_id`, `branch_id`, `cus_name`, `address`, `phone_number`, `notes`, `status`, `shipper`, `created_at`) VALUES (68, 7, 'James Morrow', '20947 Taylor Turnpike Apt. 561, North Melaniemouth, MO 77884', '(244)652-6457', 'Issue toward week nice.', 'returned', 33, '2024-12-11 06:55:03');
INSERT INTO `deliveries` (`order_id`, `branch_id`, `cus_name`, `address`, `phone_number`, `notes`, `status`, `shipper`, `created_at`) VALUES (69, 6, 'Barbara Wolf', '8275 Mercado Tunnel Apt. 722, Justinton, GA 89854', '448.660.9357', 'Lose listen organization member.', 'completed', 34, '2024-12-23 13:09:26');
INSERT INTO `deliveries` (`order_id`, `branch_id`, `cus_name`, `address`, `phone_number`, `notes`, `status`, `shipper`, `created_at`) VALUES (71, 8, 'Paula Wagner', '1409 Curtis Ferry Suite 621, Lewismouth, WA 21261', '517.288.1691x40787', 'Name number film structure million.', 'pending', 29, '2024-12-04 15:03:04');
INSERT INTO `deliveries` (`order_id`, `branch_id`, `cus_name`, `address`, `phone_number`, `notes`, `status`, `shipper`, `created_at`) VALUES (73, 9, 'Debra Butler', '4451 Davis Drives, Larryport, CA 94374', '944-796-6439', 'Friend activity floor plan will there.', 'pending', 23, '2024-12-21 12:31:49');
INSERT INTO `deliveries` (`order_id`, `branch_id`, `cus_name`, `address`, `phone_number`, `notes`, `status`, `shipper`, `created_at`) VALUES (74, 2, 'Joshua Butler', '4162 Frazier Canyon Apt. 417, North Monica, OH 39247', '924.387.6991', 'Bar building around none actually follow.', 'cancelled', 39, '2024-12-13 15:21:50');
INSERT INTO `deliveries` (`order_id`, `branch_id`, `cus_name`, `address`, `phone_number`, `notes`, `status`, `shipper`, `created_at`) VALUES (75, 4, 'Leslie Miller', '4229 Cynthia Lights Suite 903, Santiagomouth, FM 78281', '651.576.7125x4423', 'Four full personal sometimes return news.', 'pending', 42, '2024-12-05 12:12:58');
INSERT INTO `deliveries` (`order_id`, `branch_id`, `cus_name`, `address`, `phone_number`, `notes`, `status`, `shipper`, `created_at`) VALUES (77, 1, 'Taylor Williams', '9514 Green Divide Suite 798, Mitchellland, KS 08906', '2379526744', 'View town exactly almost arrive avoid.', 'cancelled', 34, '2024-12-18 20:16:20');
INSERT INTO `deliveries` (`order_id`, `branch_id`, `cus_name`, `address`, `phone_number`, `notes`, `status`, `shipper`, `created_at`) VALUES (80, 1, 'Jack Hunter', '3301 Ramos Shore, Carolynport, NY 35150', '001-551-579-2094x8840', 'Nothing little pull.', 'cancelled', 23, '2024-12-03 03:58:51');
INSERT INTO `deliveries` (`order_id`, `branch_id`, `cus_name`, `address`, `phone_number`, `notes`, `status`, `shipper`, `created_at`) VALUES (81, 1, 'Cassandra Wilson', '631 Lisa Spring Apt. 081, New Markberg, RI 16182', '2318672857', 'Recent back entire huge finally describe.', 'completed', 22, '2024-12-10 12:32:04');
INSERT INTO `deliveries` (`order_id`, `branch_id`, `cus_name`, `address`, `phone_number`, `notes`, `status`, `shipper`, `created_at`) VALUES (83, 10, 'Jason Mejia', '3216 Gomez Drive, West Shellyside, DE 45788', '861-271-1423x66281', 'Situation though shoulder.', 'in progress', 9, '2024-12-07 09:54:30');
INSERT INTO `deliveries` (`order_id`, `branch_id`, `cus_name`, `address`, `phone_number`, `notes`, `status`, `shipper`, `created_at`) VALUES (85, 6, 'Nicholas Murphy', '2527 Young Canyon Suite 300, Lunaton, SD 89223', '+1-862-350-6792x5444', 'Thus speak attention.', 'in progress', 2, '2024-12-20 11:48:33');
INSERT INTO `deliveries` (`order_id`, `branch_id`, `cus_name`, `address`, `phone_number`, `notes`, `status`, `shipper`, `created_at`) VALUES (87, 10, 'Rachel Porter', 'Unit 6416 Box 9670, DPO AE 55648', '259-835-2442x0938', 'Feeling time involve form soldier.', 'completed', 6, '2024-12-25 22:56:32');
INSERT INTO `deliveries` (`order_id`, `branch_id`, `cus_name`, `address`, `phone_number`, `notes`, `status`, `shipper`, `created_at`) VALUES (89, 6, 'Donna Jones', '7281 Christina Cape, North Ethanton, PA 29437', '671.476.5513x149', 'Police among there.', 'pending', 17, '2024-12-24 15:58:12');
INSERT INTO `deliveries` (`order_id`, `branch_id`, `cus_name`, `address`, `phone_number`, `notes`, `status`, `shipper`, `created_at`) VALUES (90, 3, 'Brittney Nichols', '6660 Leslie Ridge, Port Matthew, MD 75531', '659-608-0015x74484', 'Someone after live.', 'cancelled', 22, '2024-12-23 12:34:31');
INSERT INTO `deliveries` (`order_id`, `branch_id`, `cus_name`, `address`, `phone_number`, `notes`, `status`, `shipper`, `created_at`) VALUES (92, 8, 'David Lane II', '856 Perez Bridge, Jaredtown, VA 76327', '433-507-8547', 'Seem speech generation market.', 'completed', 33, '2024-12-05 23:31:24');
INSERT INTO `deliveries` (`order_id`, `branch_id`, `cus_name`, `address`, `phone_number`, `notes`, `status`, `shipper`, `created_at`) VALUES (93, 5, 'Eric Levine', '31213 Julie Station, South Stephenburgh, WV 68250', '001-814-495-4062', 'Party single figure world pull.', 'completed', 40, '2024-12-13 06:01:44');
INSERT INTO `deliveries` (`order_id`, `branch_id`, `cus_name`, `address`, `phone_number`, `notes`, `status`, `shipper`, `created_at`) VALUES (94, 2, 'Brandon Snow', '39311 Gabriel Glen, Bradview, NC 54228', '001-270-319-3809x6567', 'Bar beat impact capital collection.', 'cancelled', 46, '2024-12-01 10:59:56');
INSERT INTO `deliveries` (`order_id`, `branch_id`, `cus_name`, `address`, `phone_number`, `notes`, `status`, `shipper`, `created_at`) VALUES (99, 5, 'Phillip Ortega', 'PSC 8582, Box 2585, APO AP 77135', '(682)829-1745', 'Defense daughter area want.', 'pending', 7, '2024-12-10 16:44:36');
INSERT INTO `deliveries` (`order_id`, `branch_id`, `cus_name`, `address`, `phone_number`, `notes`, `status`, `shipper`, `created_at`) VALUES (100, 1, 'Brian Hester', '23633 Hernandez Summit Suite 726, North Kimberly, TX 52796', '922.902.4739x3346', 'Behavior year those food.', 'in progress', 44, '2024-12-14 03:05:00');

INSERT INTO `service_reviews` (`reservation_slip_id`, `service_rating`, `location_rating`, `food_rating`, `price_rating`, `ambiance_rating`) VALUES (55, 5, 5, 2, 2, 3);
INSERT INTO `service_reviews` (`reservation_slip_id`, `service_rating`, `location_rating`, `food_rating`, `price_rating`, `ambiance_rating`) VALUES (23, 1, 2, 1, 4, 2);
INSERT INTO `service_reviews` (`reservation_slip_id`, `service_rating`, `location_rating`, `food_rating`, `price_rating`, `ambiance_rating`) VALUES (65, 2, 2, 3, 1, 5);
INSERT INTO `service_reviews` (`reservation_slip_id`, `service_rating`, `location_rating`, `food_rating`, `price_rating`, `ambiance_rating`) VALUES (59, 1, 1, 4, 5, 5);
INSERT INTO `service_reviews` (`reservation_slip_id`, `service_rating`, `location_rating`, `food_rating`, `price_rating`, `ambiance_rating`) VALUES (77, 4, 5, 3, 1, 3);
INSERT INTO `service_reviews` (`reservation_slip_id`, `service_rating`, `location_rating`, `food_rating`, `price_rating`, `ambiance_rating`) VALUES (71, 4, 1, 3, 4, 4);
INSERT INTO `service_reviews` (`reservation_slip_id`, `service_rating`, `location_rating`, `food_rating`, `price_rating`, `ambiance_rating`) VALUES (58, 2, 2, 5, 2, 4);
INSERT INTO `service_reviews` (`reservation_slip_id`, `service_rating`, `location_rating`, `food_rating`, `price_rating`, `ambiance_rating`) VALUES (19, 2, 4, 4, 2, 1);
INSERT INTO `service_reviews` (`reservation_slip_id`, `service_rating`, `location_rating`, `food_rating`, `price_rating`, `ambiance_rating`) VALUES (96, 1, 5, 3, 5, 4);
INSERT INTO `service_reviews` (`reservation_slip_id`, `service_rating`, `location_rating`, `food_rating`, `price_rating`, `ambiance_rating`) VALUES (8, 1, 1, 1, 2, 3);
INSERT INTO `service_reviews` (`reservation_slip_id`, `service_rating`, `location_rating`, `food_rating`, `price_rating`, `ambiance_rating`) VALUES (11, 4, 4, 1, 1, 4);
INSERT INTO `service_reviews` (`reservation_slip_id`, `service_rating`, `location_rating`, `food_rating`, `price_rating`, `ambiance_rating`) VALUES (57, 2, 3, 4, 5, 1);
INSERT INTO `service_reviews` (`reservation_slip_id`, `service_rating`, `location_rating`, `food_rating`, `price_rating`, `ambiance_rating`) VALUES (42, 1, 4, 3, 5, 5);
INSERT INTO `service_reviews` (`reservation_slip_id`, `service_rating`, `location_rating`, `food_rating`, `price_rating`, `ambiance_rating`) VALUES (24, 2, 3, 2, 3, 1);
INSERT INTO `service_reviews` (`reservation_slip_id`, `service_rating`, `location_rating`, `food_rating`, `price_rating`, `ambiance_rating`) VALUES (45, 4, 5, 5, 1, 3);
INSERT INTO `service_reviews` (`reservation_slip_id`, `service_rating`, `location_rating`, `food_rating`, `price_rating`, `ambiance_rating`) VALUES (63, 1, 3, 2, 5, 3);
INSERT INTO `service_reviews` (`reservation_slip_id`, `service_rating`, `location_rating`, `food_rating`, `price_rating`, `ambiance_rating`) VALUES (60, 3, 5, 2, 3, 2);
INSERT INTO `service_reviews` (`reservation_slip_id`, `service_rating`, `location_rating`, `food_rating`, `price_rating`, `ambiance_rating`) VALUES (79, 5, 5, 1, 5, 3);
INSERT INTO `service_reviews` (`reservation_slip_id`, `service_rating`, `location_rating`, `food_rating`, `price_rating`, `ambiance_rating`) VALUES (30, 1, 1, 2, 5, 1);
INSERT INTO `service_reviews` (`reservation_slip_id`, `service_rating`, `location_rating`, `food_rating`, `price_rating`, `ambiance_rating`) VALUES (67, 2, 1, 1, 1, 1);
INSERT INTO `service_reviews` (`reservation_slip_id`, `service_rating`, `location_rating`, `food_rating`, `price_rating`, `ambiance_rating`) VALUES (69, 1, 3, 4, 4, 3);
INSERT INTO `service_reviews` (`reservation_slip_id`, `service_rating`, `location_rating`, `food_rating`, `price_rating`, `ambiance_rating`) VALUES (80, 3, 2, 3, 4, 2);
INSERT INTO `service_reviews` (`reservation_slip_id`, `service_rating`, `location_rating`, `food_rating`, `price_rating`, `ambiance_rating`) VALUES (49, 3, 1, 4, 3, 3);
INSERT INTO `service_reviews` (`reservation_slip_id`, `service_rating`, `location_rating`, `food_rating`, `price_rating`, `ambiance_rating`) VALUES (87, 3, 2, 5, 5, 3);
INSERT INTO `service_reviews` (`reservation_slip_id`, `service_rating`, `location_rating`, `food_rating`, `price_rating`, `ambiance_rating`) VALUES (9, 4, 3, 5, 2, 2);
INSERT INTO `service_reviews` (`reservation_slip_id`, `service_rating`, `location_rating`, `food_rating`, `price_rating`, `ambiance_rating`) VALUES (47, 3, 2, 4, 5, 4);
INSERT INTO `service_reviews` (`reservation_slip_id`, `service_rating`, `location_rating`, `food_rating`, `price_rating`, `ambiance_rating`) VALUES (27, 4, 1, 1, 3, 4);
INSERT INTO `service_reviews` (`reservation_slip_id`, `service_rating`, `location_rating`, `food_rating`, `price_rating`, `ambiance_rating`) VALUES (95, 4, 2, 4, 1, 4);
INSERT INTO `service_reviews` (`reservation_slip_id`, `service_rating`, `location_rating`, `food_rating`, `price_rating`, `ambiance_rating`) VALUES (32, 4, 3, 3, 3, 1);
INSERT INTO `service_reviews` (`reservation_slip_id`, `service_rating`, `location_rating`, `food_rating`, `price_rating`, `ambiance_rating`) VALUES (22, 5, 1, 2, 3, 4);
INSERT INTO `service_reviews` (`reservation_slip_id`, `service_rating`, `location_rating`, `food_rating`, `price_rating`, `ambiance_rating`) VALUES (4, 3, 2, 4, 4, 5);
INSERT INTO `service_reviews` (`reservation_slip_id`, `service_rating`, `location_rating`, `food_rating`, `price_rating`, `ambiance_rating`) VALUES (36, 5, 1, 5, 2, 3);
INSERT INTO `service_reviews` (`reservation_slip_id`, `service_rating`, `location_rating`, `food_rating`, `price_rating`, `ambiance_rating`) VALUES (83, 1, 1, 3, 5, 5);
INSERT INTO `service_reviews` (`reservation_slip_id`, `service_rating`, `location_rating`, `food_rating`, `price_rating`, `ambiance_rating`) VALUES (34, 4, 2, 5, 1, 1);
INSERT INTO `service_reviews` (`reservation_slip_id`, `service_rating`, `location_rating`, `food_rating`, `price_rating`, `ambiance_rating`) VALUES (97, 2, 5, 5, 2, 4);
INSERT INTO `service_reviews` (`reservation_slip_id`, `service_rating`, `location_rating`, `food_rating`, `price_rating`, `ambiance_rating`) VALUES (68, 1, 4, 4, 2, 5);
INSERT INTO `service_reviews` (`reservation_slip_id`, `service_rating`, `location_rating`, `food_rating`, `price_rating`, `ambiance_rating`) VALUES (86, 5, 5, 5, 1, 3);
INSERT INTO `service_reviews` (`reservation_slip_id`, `service_rating`, `location_rating`, `food_rating`, `price_rating`, `ambiance_rating`) VALUES (6, 2, 2, 4, 5, 3);
INSERT INTO `service_reviews` (`reservation_slip_id`, `service_rating`, `location_rating`, `food_rating`, `price_rating`, `ambiance_rating`) VALUES (33, 4, 2, 3, 3, 5);
INSERT INTO `service_reviews` (`reservation_slip_id`, `service_rating`, `location_rating`, `food_rating`, `price_rating`, `ambiance_rating`) VALUES (81, 4, 5, 3, 5, 2);
INSERT INTO `service_reviews` (`reservation_slip_id`, `service_rating`, `location_rating`, `food_rating`, `price_rating`, `ambiance_rating`) VALUES (21, 5, 3, 5, 3, 1);
INSERT INTO `service_reviews` (`reservation_slip_id`, `service_rating`, `location_rating`, `food_rating`, `price_rating`, `ambiance_rating`) VALUES (29, 4, 5, 3, 5, 3);
INSERT INTO `service_reviews` (`reservation_slip_id`, `service_rating`, `location_rating`, `food_rating`, `price_rating`, `ambiance_rating`) VALUES (2, 4, 1, 1, 4, 4);
INSERT INTO `service_reviews` (`reservation_slip_id`, `service_rating`, `location_rating`, `food_rating`, `price_rating`, `ambiance_rating`) VALUES (66, 4, 3, 1, 4, 2);
INSERT INTO `service_reviews` (`reservation_slip_id`, `service_rating`, `location_rating`, `food_rating`, `price_rating`, `ambiance_rating`) VALUES (1, 5, 4, 1, 3, 3);
INSERT INTO `service_reviews` (`reservation_slip_id`, `service_rating`, `location_rating`, `food_rating`, `price_rating`, `ambiance_rating`) VALUES (38, 2, 3, 4, 2, 5);
INSERT INTO `service_reviews` (`reservation_slip_id`, `service_rating`, `location_rating`, `food_rating`, `price_rating`, `ambiance_rating`) VALUES (74, 5, 5, 2, 1, 5);
INSERT INTO `service_reviews` (`reservation_slip_id`, `service_rating`, `location_rating`, `food_rating`, `price_rating`, `ambiance_rating`) VALUES (44, 2, 3, 1, 5, 5);
INSERT INTO `service_reviews` (`reservation_slip_id`, `service_rating`, `location_rating`, `food_rating`, `price_rating`, `ambiance_rating`) VALUES (25, 3, 5, 3, 3, 2);
INSERT INTO `service_reviews` (`reservation_slip_id`, `service_rating`, `location_rating`, `food_rating`, `price_rating`, `ambiance_rating`) VALUES (14, 5, 1, 5, 4, 1);

INSERT INTO `review_dishes` (`dish_id`, `rating`, `user_id`, `comment`) VALUES (31, 1.3, 1, 'Author seek far my.');
INSERT INTO `review_dishes` (`dish_id`, `rating`, `user_id`, `comment`) VALUES (34, 1.8, 15, 'Age my speak kid.');
INSERT INTO `review_dishes` (`dish_id`, `rating`, `user_id`, `comment`) VALUES (40, 1.3, 9, 'Forget nearly sister citizen impact produce standard argue.');
INSERT INTO `review_dishes` (`dish_id`, `rating`, `user_id`, `comment`) VALUES (18, 2.0, 3, 'Whose wear police entire interesting.');
INSERT INTO `review_dishes` (`dish_id`, `rating`, `user_id`, `comment`) VALUES (31, 2.6, 43, 'College piece morning so heart factor seat.');
INSERT INTO `review_dishes` (`dish_id`, `rating`, `user_id`, `comment`) VALUES (10, 2.1, 41, 'Itself player accept professional big.');
INSERT INTO `review_dishes` (`dish_id`, `rating`, `user_id`, `comment`) VALUES (3, 3.2, 30, 'Movement teach rich.');
INSERT INTO `review_dishes` (`dish_id`, `rating`, `user_id`, `comment`) VALUES (6, 4.9, 38, 'Of garden teach where.');
INSERT INTO `review_dishes` (`dish_id`, `rating`, `user_id`, `comment`) VALUES (4, 1.2, 11, 'Ready blue TV human.');
INSERT INTO `review_dishes` (`dish_id`, `rating`, `user_id`, `comment`) VALUES (37, 3.5, 32, 'Leader might recently seem agree forget.');
INSERT INTO `review_dishes` (`dish_id`, `rating`, `user_id`, `comment`) VALUES (23, 1.4, 50, 'Sister me risk create north.');
INSERT INTO `review_dishes` (`dish_id`, `rating`, `user_id`, `comment`) VALUES (43, 2.2, 47, 'Side lawyer party see understand.');
INSERT INTO `review_dishes` (`dish_id`, `rating`, `user_id`, `comment`) VALUES (28, 1.2, 15, 'Herself catch small Mr same.');
INSERT INTO `review_dishes` (`dish_id`, `rating`, `user_id`, `comment`) VALUES (25, 2.6, 46, 'Wind animal cause.');
INSERT INTO `review_dishes` (`dish_id`, `rating`, `user_id`, `comment`) VALUES (6, 4.5, 10, 'More various capital third.');
INSERT INTO `review_dishes` (`dish_id`, `rating`, `user_id`, `comment`) VALUES (17, 1.8, 30, 'Use bring learn.');
INSERT INTO `review_dishes` (`dish_id`, `rating`, `user_id`, `comment`) VALUES (33, 3.4, 14, 'Minute national professor say imagine.');
INSERT INTO `review_dishes` (`dish_id`, `rating`, `user_id`, `comment`) VALUES (11, 4.4, 19, 'Case place mean under commercial indicate.');
INSERT INTO `review_dishes` (`dish_id`, `rating`, `user_id`, `comment`) VALUES (22, 2.1, 11, 'As decade design yes notice capital sense.');
INSERT INTO `review_dishes` (`dish_id`, `rating`, `user_id`, `comment`) VALUES (40, 1.5, 26, 'Stuff clearly write teacher prove shoulder experience.');
INSERT INTO `review_dishes` (`dish_id`, `rating`, `user_id`, `comment`) VALUES (5, 3.4, 13, 'Measure high something answer century civil occur drive.');
INSERT INTO `review_dishes` (`dish_id`, `rating`, `user_id`, `comment`) VALUES (30, 1.3, 18, 'Model western fund if moment however rather.');
INSERT INTO `review_dishes` (`dish_id`, `rating`, `user_id`, `comment`) VALUES (5, 4.9, 11, 'Sometimes early agent physical drop seat fire receive.');
INSERT INTO `review_dishes` (`dish_id`, `rating`, `user_id`, `comment`) VALUES (30, 1.4, 40, 'Year they north but finish picture step.');
INSERT INTO `review_dishes` (`dish_id`, `rating`, `user_id`, `comment`) VALUES (43, 1.3, 49, 'Magazine spend media entire know.');
INSERT INTO `review_dishes` (`dish_id`, `rating`, `user_id`, `comment`) VALUES (9, 4.4, 21, 'Wide yet section common talk one they certain.');
INSERT INTO `review_dishes` (`dish_id`, `rating`, `user_id`, `comment`) VALUES (4, 4.0, 13, 'Environment compare nor dinner either at response.');
INSERT INTO `review_dishes` (`dish_id`, `rating`, `user_id`, `comment`) VALUES (13, 3.4, 20, 'Trouble card bad across.');
INSERT INTO `review_dishes` (`dish_id`, `rating`, `user_id`, `comment`) VALUES (40, 1.6, 5, 'Factor adult can.');
INSERT INTO `review_dishes` (`dish_id`, `rating`, `user_id`, `comment`) VALUES (2, 3.3, 37, 'Father tend student want American nature.');
INSERT INTO `review_dishes` (`dish_id`, `rating`, `user_id`, `comment`) VALUES (31, 3.0, 31, 'Either message born development sing actually.');
INSERT INTO `review_dishes` (`dish_id`, `rating`, `user_id`, `comment`) VALUES (32, 2.6, 16, 'Perform information large hit now.');
INSERT INTO `review_dishes` (`dish_id`, `rating`, `user_id`, `comment`) VALUES (9, 4.9, 44, 'Mind month opportunity fine decision up those learn.');
INSERT INTO `review_dishes` (`dish_id`, `rating`, `user_id`, `comment`) VALUES (4, 3.4, 31, 'Often sound bit star response assume.');
INSERT INTO `review_dishes` (`dish_id`, `rating`, `user_id`, `comment`) VALUES (26, 4.7, 9, 'Yourself art reveal join modern car easy.');
INSERT INTO `review_dishes` (`dish_id`, `rating`, `user_id`, `comment`) VALUES (21, 4.0, 30, 'For student find whose war.');
INSERT INTO `review_dishes` (`dish_id`, `rating`, `user_id`, `comment`) VALUES (43, 1.2, 20, 'Sign total have sea near.');
INSERT INTO `review_dishes` (`dish_id`, `rating`, `user_id`, `comment`) VALUES (13, 3.0, 45, 'Away eight blood.');
INSERT INTO `review_dishes` (`dish_id`, `rating`, `user_id`, `comment`) VALUES (19, 4.3, 18, 'So outside find.');
INSERT INTO `review_dishes` (`dish_id`, `rating`, `user_id`, `comment`) VALUES (38, 2.5, 45, 'Create main difference evidence per tend.');
INSERT INTO `review_dishes` (`dish_id`, `rating`, `user_id`, `comment`) VALUES (46, 1.9, 28, 'Hospital full everyone kitchen now certainly.');
INSERT INTO `review_dishes` (`dish_id`, `rating`, `user_id`, `comment`) VALUES (1, 4.5, 23, 'Water feel red opportunity thousand quickly.');
INSERT INTO `review_dishes` (`dish_id`, `rating`, `user_id`, `comment`) VALUES (19, 1.6, 10, 'Land line most data until social measure low.');
INSERT INTO `review_dishes` (`dish_id`, `rating`, `user_id`, `comment`) VALUES (6, 4.3, 27, 'Position seat campaign prevent.');
INSERT INTO `review_dishes` (`dish_id`, `rating`, `user_id`, `comment`) VALUES (45, 4.2, 39, 'Ahead none mind wide ahead although certain likely.');
INSERT INTO `review_dishes` (`dish_id`, `rating`, `user_id`, `comment`) VALUES (26, 4.4, 25, 'Quality hand environment team land.');
INSERT INTO `review_dishes` (`dish_id`, `rating`, `user_id`, `comment`) VALUES (12, 1.2, 16, 'In maybe half.');
INSERT INTO `review_dishes` (`dish_id`, `rating`, `user_id`, `comment`) VALUES (11, 3.2, 6, 'Participant as by everybody way guess energy.');
INSERT INTO `review_dishes` (`dish_id`, `rating`, `user_id`, `comment`) VALUES (3, 1.3, 15, 'Sea agent entire administration government.');
INSERT INTO `review_dishes` (`dish_id`, `rating`, `user_id`, `comment`) VALUES (46, 2.1, 36, 'Officer economic however level remember.');

INSERT INTO `session` (`user_id`, `access_time`, `duration`) VALUES (48, '2024-01-01 21:37:29', 6657);
INSERT INTO `session` (`user_id`, `access_time`, `duration`) VALUES (34, '2024-05-18 00:53:08', 6777);
INSERT INTO `session` (`user_id`, `access_time`, `duration`) VALUES (16, '2024-09-23 20:41:58', 8465);
INSERT INTO `session` (`user_id`, `access_time`, `duration`) VALUES (3, '2024-04-10 20:52:36', 2154);
INSERT INTO `session` (`user_id`, `access_time`, `duration`) VALUES (40, '2024-04-07 08:33:45', 4073);
INSERT INTO `session` (`user_id`, `access_time`, `duration`) VALUES (18, '2024-06-22 05:37:51', 662);
INSERT INTO `session` (`user_id`, `access_time`, `duration`) VALUES (17, '2024-10-18 15:56:32', 1689);
INSERT INTO `session` (`user_id`, `access_time`, `duration`) VALUES (36, '2024-03-31 19:48:05', 3788);
INSERT INTO `session` (`user_id`, `access_time`, `duration`) VALUES (11, '2024-05-18 19:09:22', 1624);
INSERT INTO `session` (`user_id`, `access_time`, `duration`) VALUES (27, '2024-03-23 20:24:12', 3860);
INSERT INTO `session` (`user_id`, `access_time`, `duration`) VALUES (40, '2024-06-20 15:25:12', 7673);
INSERT INTO `session` (`user_id`, `access_time`, `duration`) VALUES (3, '2024-11-09 12:27:49', 545);
INSERT INTO `session` (`user_id`, `access_time`, `duration`) VALUES (33, '2024-06-03 13:08:50', 9849);
INSERT INTO `session` (`user_id`, `access_time`, `duration`) VALUES (11, '2024-12-06 14:43:04', 633);
INSERT INTO `session` (`user_id`, `access_time`, `duration`) VALUES (35, '2024-08-10 10:39:30', 2192);
INSERT INTO `session` (`user_id`, `access_time`, `duration`) VALUES (21, '2024-04-28 19:51:08', 3492);
INSERT INTO `session` (`user_id`, `access_time`, `duration`) VALUES (19, '2024-01-20 00:48:26', 4069);
INSERT INTO `session` (`user_id`, `access_time`, `duration`) VALUES (8, '2024-03-10 17:27:56', 9688);
INSERT INTO `session` (`user_id`, `access_time`, `duration`) VALUES (4, '2024-08-16 01:08:21', 8842);
INSERT INTO `session` (`user_id`, `access_time`, `duration`) VALUES (50, '2024-10-26 15:30:41', 9872);
INSERT INTO `session` (`user_id`, `access_time`, `duration`) VALUES (44, '2024-06-29 15:46:40', 1911);
INSERT INTO `session` (`user_id`, `access_time`, `duration`) VALUES (48, '2024-03-25 11:09:55', 5810);
INSERT INTO `session` (`user_id`, `access_time`, `duration`) VALUES (33, '2024-01-24 19:14:29', 9888);
INSERT INTO `session` (`user_id`, `access_time`, `duration`) VALUES (3, '2024-10-09 15:39:59', 773);
INSERT INTO `session` (`user_id`, `access_time`, `duration`) VALUES (3, '2024-09-11 10:32:16', 1329);
INSERT INTO `session` (`user_id`, `access_time`, `duration`) VALUES (41, '2024-05-08 07:04:39', 9508);
INSERT INTO `session` (`user_id`, `access_time`, `duration`) VALUES (14, '2024-06-27 16:17:39', 8970);
INSERT INTO `session` (`user_id`, `access_time`, `duration`) VALUES (19, '2024-12-28 00:48:49', 7738);
INSERT INTO `session` (`user_id`, `access_time`, `duration`) VALUES (45, '2024-01-22 12:37:59', 1404);
INSERT INTO `session` (`user_id`, `access_time`, `duration`) VALUES (18, '2024-09-13 16:49:05', 9121);
INSERT INTO `session` (`user_id`, `access_time`, `duration`) VALUES (43, '2024-01-14 01:05:19', 1918);
INSERT INTO `session` (`user_id`, `access_time`, `duration`) VALUES (27, '2024-05-14 19:39:37', 4129);
INSERT INTO `session` (`user_id`, `access_time`, `duration`) VALUES (13, '2024-08-07 04:50:07', 6307);
INSERT INTO `session` (`user_id`, `access_time`, `duration`) VALUES (25, '2024-11-07 17:47:50', 3653);
INSERT INTO `session` (`user_id`, `access_time`, `duration`) VALUES (29, '2024-02-04 00:11:00', 3605);
INSERT INTO `session` (`user_id`, `access_time`, `duration`) VALUES (11, '2024-01-09 14:04:32', 7005);
INSERT INTO `session` (`user_id`, `access_time`, `duration`) VALUES (29, '2024-07-06 01:01:13', 9479);
INSERT INTO `session` (`user_id`, `access_time`, `duration`) VALUES (5, '2024-09-28 20:10:42', 5353);
INSERT INTO `session` (`user_id`, `access_time`, `duration`) VALUES (29, '2024-12-27 06:46:11', 5653);
INSERT INTO `session` (`user_id`, `access_time`, `duration`) VALUES (16, '2024-06-16 15:23:06', 5471);
INSERT INTO `session` (`user_id`, `access_time`, `duration`) VALUES (18, '2024-10-28 03:58:41', 2166);
INSERT INTO `session` (`user_id`, `access_time`, `duration`) VALUES (42, '2024-06-06 01:33:58', 5089);
INSERT INTO `session` (`user_id`, `access_time`, `duration`) VALUES (45, '2024-05-29 16:03:24', 8301);
INSERT INTO `session` (`user_id`, `access_time`, `duration`) VALUES (3, '2024-03-04 22:06:27', 9532);
INSERT INTO `session` (`user_id`, `access_time`, `duration`) VALUES (2, '2024-04-26 16:10:30', 4849);
INSERT INTO `session` (`user_id`, `access_time`, `duration`) VALUES (19, '2024-02-26 11:07:22', 6063);
INSERT INTO `session` (`user_id`, `access_time`, `duration`) VALUES (50, '2024-09-01 05:35:36', 7828);
INSERT INTO `session` (`user_id`, `access_time`, `duration`) VALUES (12, '2024-08-27 23:35:50', 2519);
INSERT INTO `session` (`user_id`, `access_time`, `duration`) VALUES (27, '2024-02-24 23:07:40', 4102);
INSERT INTO `session` (`user_id`, `access_time`, `duration`) VALUES (12, '2024-11-12 17:01:42', 8171);
INSERT INTO `session` (`user_id`, `access_time`, `duration`) VALUES (42, '2024-05-02 13:30:25', 7918);
INSERT INTO `session` (`user_id`, `access_time`, `duration`) VALUES (7, '2024-05-09 06:47:23', 3338);
INSERT INTO `session` (`user_id`, `access_time`, `duration`) VALUES (39, '2024-10-01 06:09:04', 549);
INSERT INTO `session` (`user_id`, `access_time`, `duration`) VALUES (31, '2024-12-06 01:41:33', 3837);
INSERT INTO `session` (`user_id`, `access_time`, `duration`) VALUES (27, '2024-05-27 09:34:00', 1063);
INSERT INTO `session` (`user_id`, `access_time`, `duration`) VALUES (23, '2024-01-24 15:30:06', 2109);
INSERT INTO `session` (`user_id`, `access_time`, `duration`) VALUES (1, '2024-04-05 21:21:59', 2026);
INSERT INTO `session` (`user_id`, `access_time`, `duration`) VALUES (25, '2024-12-12 03:27:36', 5215);
INSERT INTO `session` (`user_id`, `access_time`, `duration`) VALUES (21, '2024-01-20 21:48:59', 2487);
INSERT INTO `session` (`user_id`, `access_time`, `duration`) VALUES (33, '2024-11-16 12:26:50', 4837);
INSERT INTO `session` (`user_id`, `access_time`, `duration`) VALUES (29, '2024-05-10 17:50:37', 9681);
INSERT INTO `session` (`user_id`, `access_time`, `duration`) VALUES (4, '2024-06-02 00:51:57', 9942);
INSERT INTO `session` (`user_id`, `access_time`, `duration`) VALUES (45, '2024-02-02 00:26:05', 9264);
INSERT INTO `session` (`user_id`, `access_time`, `duration`) VALUES (23, '2024-06-18 10:25:37', 2327);
INSERT INTO `session` (`user_id`, `access_time`, `duration`) VALUES (2, '2024-03-31 20:00:36', 9533);
INSERT INTO `session` (`user_id`, `access_time`, `duration`) VALUES (15, '2024-05-07 17:31:55', 7354);
INSERT INTO `session` (`user_id`, `access_time`, `duration`) VALUES (28, '2024-02-10 23:40:49', 1090);
INSERT INTO `session` (`user_id`, `access_time`, `duration`) VALUES (41, '2024-04-09 03:43:25', 5963);
INSERT INTO `session` (`user_id`, `access_time`, `duration`) VALUES (28, '2024-08-19 23:06:45', 2135);
INSERT INTO `session` (`user_id`, `access_time`, `duration`) VALUES (15, '2024-10-19 22:40:22', 4301);
INSERT INTO `session` (`user_id`, `access_time`, `duration`) VALUES (33, '2024-02-18 12:35:09', 8463);
INSERT INTO `session` (`user_id`, `access_time`, `duration`) VALUES (18, '2024-05-01 02:43:29', 7192);
INSERT INTO `session` (`user_id`, `access_time`, `duration`) VALUES (30, '2024-05-14 19:05:38', 2001);
INSERT INTO `session` (`user_id`, `access_time`, `duration`) VALUES (24, '2024-01-27 12:46:55', 5545);
INSERT INTO `session` (`user_id`, `access_time`, `duration`) VALUES (3, '2024-05-30 11:43:21', 5991);
INSERT INTO `session` (`user_id`, `access_time`, `duration`) VALUES (44, '2024-11-27 05:51:16', 1890);
INSERT INTO `session` (`user_id`, `access_time`, `duration`) VALUES (48, '2024-04-26 19:58:32', 8440);
INSERT INTO `session` (`user_id`, `access_time`, `duration`) VALUES (12, '2024-01-28 18:35:52', 8037);
INSERT INTO `session` (`user_id`, `access_time`, `duration`) VALUES (45, '2024-03-26 14:08:04', 6935);
INSERT INTO `session` (`user_id`, `access_time`, `duration`) VALUES (36, '2024-06-14 06:57:43', 7690);
INSERT INTO `session` (`user_id`, `access_time`, `duration`) VALUES (3, '2024-12-20 01:39:23', 1179);
INSERT INTO `session` (`user_id`, `access_time`, `duration`) VALUES (19, '2024-04-15 01:54:07', 443);
INSERT INTO `session` (`user_id`, `access_time`, `duration`) VALUES (17, '2024-09-03 01:04:47', 7726);
INSERT INTO `session` (`user_id`, `access_time`, `duration`) VALUES (31, '2024-01-06 06:00:16', 6363);
INSERT INTO `session` (`user_id`, `access_time`, `duration`) VALUES (15, '2024-11-29 10:05:19', 1800);
INSERT INTO `session` (`user_id`, `access_time`, `duration`) VALUES (33, '2024-12-27 18:51:52', 3051);
INSERT INTO `session` (`user_id`, `access_time`, `duration`) VALUES (14, '2024-09-11 04:03:56', 4052);
INSERT INTO `session` (`user_id`, `access_time`, `duration`) VALUES (10, '2024-10-28 15:43:33', 7520);
INSERT INTO `session` (`user_id`, `access_time`, `duration`) VALUES (38, '2024-08-02 02:56:08', 5772);
INSERT INTO `session` (`user_id`, `access_time`, `duration`) VALUES (49, '2024-11-26 23:42:16', 1544);
INSERT INTO `session` (`user_id`, `access_time`, `duration`) VALUES (17, '2024-01-26 03:19:46', 9317);
INSERT INTO `session` (`user_id`, `access_time`, `duration`) VALUES (15, '2024-05-07 11:46:36', 8835);
INSERT INTO `session` (`user_id`, `access_time`, `duration`) VALUES (38, '2024-10-14 04:21:20', 2139);
INSERT INTO `session` (`user_id`, `access_time`, `duration`) VALUES (6, '2024-01-24 00:19:15', 4389);
INSERT INTO `session` (`user_id`, `access_time`, `duration`) VALUES (29, '2024-07-05 15:50:22', 5085);
INSERT INTO `session` (`user_id`, `access_time`, `duration`) VALUES (18, '2024-04-29 09:34:55', 8548);
INSERT INTO `session` (`user_id`, `access_time`, `duration`) VALUES (6, '2024-06-30 19:58:28', 8968);
INSERT INTO `session` (`user_id`, `access_time`, `duration`) VALUES (39, '2024-12-05 00:45:13', 8518);
INSERT INTO `session` (`user_id`, `access_time`, `duration`) VALUES (30, '2024-08-04 11:32:09', 5764);
INSERT INTO `session` (`user_id`, `access_time`, `duration`) VALUES (38, '2024-11-04 18:08:06', 3390);